26/05/28 14:00:39 INFO DatabricksILoop$: Received SAFEr configs with version 1779959072700
26/05/28 14:01:39 INFO DatabricksILoop$: Received SAFEr configs with version 1779959072700
26/05/28 14:02:23 INFO DeadlockDetector: Requested deadlock detection caused by: DAG_SCHEDULER_NO_ACTIVE_JOB
26/05/28 14:02:23 INFO HangingThreadDetector: Requested hanging thread detection caused by: DAG_SCHEDULER_NO_ACTIVE_JOB
26/05/28 14:02:39 INFO DatabricksILoop$: Received SAFEr configs with version 1779959072700
26/05/28 14:02:39 INFO HadoopFSUtil$: Installing the old filesystem implementation for scheme s3n. Current value: com.databricks.sql.acl.fs.CredentialScopeFileSystem. Old value to be restored: com.databricks.sql.io.LokiFileSystem.
26/05/28 14:02:39 INFO HadoopFSUtil$: Installing the old filesystem implementation for scheme wasbs. Current value: com.databricks.sql.acl.fs.CredentialScopeFileSystem. Old value to be restored: com.databricks.sql.io.LokiFileSystem.
26/05/28 14:02:39 INFO HadoopFSUtil$: Installing the old filesystem implementation for scheme gs. Current value: com.databricks.sql.acl.fs.CredentialScopeFileSystem. Old value to be restored: com.databricks.sql.io.LokiFileSystem.
26/05/28 14:02:39 INFO HadoopFSUtil$: Installing the old filesystem implementation for scheme s3. Current value: com.databricks.sql.acl.fs.CredentialScopeFileSystem. Old value to be restored: com.databricks.sql.io.LokiFileSystem.
26/05/28 14:02:39 INFO HadoopFSUtil$: Installing the old filesystem implementation for scheme s3a. Current value: com.databricks.sql.acl.fs.CredentialScopeFileSystem. Old value to be restored: com.databricks.sql.io.LokiFileSystem.
26/05/28 14:02:39 INFO HadoopFSUtil$: Installing the old filesystem implementation for scheme r2. Current value: com.databricks.sql.acl.fs.CredentialScopeFileSystem. Old value to be restored: com.databricks.sql.io.LokiFileSystem.
26/05/28 14:02:39 INFO HadoopFSUtil$: Installing the old filesystem implementation for scheme abfss. Current value: com.databricks.sql.acl.fs.CredentialScopeFileSystem. Old value to be restored: com.databricks.sql.io.LokiFileSystem.
26/05/28 14:02:39 INFO HadoopFSUtil$: Installing the old filesystem implementation for scheme abfs. Current value: com.databricks.sql.acl.fs.CredentialScopeFileSystem. Old value to be restored: com.databricks.sql.io.LokiFileSystem.
26/05/28 14:02:39 INFO HadoopFSUtil$: Installing the old filesystem implementation for scheme wasb. Current value: com.databricks.sql.acl.fs.CredentialScopeFileSystem. Old value to be restored: com.databricks.sql.io.LokiFileSystem.
26/05/28 14:02:39 INFO DatabricksFileSystemV2Factory: Creating S3A file system for s3a://ads-data-gen-uat-uw2-db-rootbucket
26/05/28 14:02:39 INFO DbfsHadoop3: Initialized DBFS with DBFSV2 as the delegate.
26/05/28 14:02:39 INFO DriverCorral: DBFS health check ok
26/05/28 14:03:31 INFO ProgressReporter$: [599 occurrences] Reporting partial results for running commands: 1779959225425_5539853085279891559_job-210784666042595-run-1057359355092439-action-1132069684017892
26/05/28 14:03:39 INFO DatabricksILoop$: Received SAFEr configs with version 1779959072700
26/05/28 14:04:39 INFO DatabricksILoop$: Received SAFEr configs with version 1779959072700
26/05/28 14:05:39 INFO DatabricksILoop$: Received SAFEr configs with version 1779959072700
26/05/28 14:06:39 INFO DatabricksILoop$: Received SAFEr configs with version 1779959072700
26/05/28 14:07:21 WARN DeadlockDetector: Deadlock detection requested for the following reasons: Reason: {DAG_SCHEDULER_NO_ACTIVE_JOB.toString}, Count: 6
Deadlock detector did not find any deadlocks, but it is likely that a component is hanging.
26/05/28 14:07:21 INFO ThreadDumpManager: ThreadDumpManager: thread dump requested due to Reason: {DAG_SCHEDULER_NO_ACTIVE_JOB.toString}, Count: 2
26/05/28 14:07:21 INFO ThreadDumpManager: ThreadDumpManager: thread dump took 6 ms.
26/05/28 14:07:21 INFO ThreadDumpManager: ThreadDumpManager: updated thread dump for 302 threads, removed 4 inactive threads.
26/05/28 14:07:21 WARN HangingThreadDetector: Potential Hung Thread Detected:
Thread ID: 477
Thread name: scala-execution-context-global-477
Time Spent Hanging: 1200000 ms
Stuck at Frame: java.base@17.0.18/sun.nio.ch.SocketDispatcher.read0(Native Method)
Latest Stack Trace:
java.base@17.0.18/sun.nio.ch.SocketDispatcher.read0(Native Method)
	at java.base@17.0.18/sun.nio.ch.SocketDispatcher.read(SocketDispatcher.java:47)
	at java.base@17.0.18/sun.nio.ch.NioSocketImpl.tryRead(NioSocketImpl.java:266)
	at java.base@17.0.18/sun.nio.ch.NioSocketImpl.implRead(NioSocketImpl.java:317)
	at java.base@17.0.18/sun.nio.ch.NioSocketImpl.read(NioSocketImpl.java:355)
	at java.base@17.0.18/sun.nio.ch.NioSocketImpl$1.read(NioSocketImpl.java:808)
	at java.base@17.0.18/java.net.Socket$SocketInputStream.read(Socket.java:976)
	at java.base@17.0.18/java.io.FilterInputStream.read(FilterInputStream.java:132)
	at com.singlestore.jdbc.client.socket.impl.ReadAheadBufferedStream.fillingBuffer(ReadAheadBufferedStream.java:94)
	at com.singlestore.jdbc.client.socket.impl.ReadAheadBufferedStream.read(ReadAheadBufferedStream.java:67)
	at com.singlestore.jdbc.client.socket.impl.PacketReader.readPacket(PacketReader.java:80)
	at com.singlestore.jdbc.message.ClientMessage.readPacket(ClientMessage.java:118)
	at com.singlestore.jdbc.client.impl.StandardClient.readPacket(StandardClient.java:777)
	at com.singlestore.jdbc.client.impl.StandardClient.readResults(StandardClient.java:718)
	at com.singlestore.jdbc.client.impl.StandardClient.readResponse(StandardClient.java:635)
	at com.singlestore.jdbc.client.impl.StandardClient.execute(StandardClient.java:596)
	at com.singlestore.jdbc.client.impl.MultiPrimaryClient.execute(MultiPrimaryClient.java:344)
	at com.singlestore.jdbc.ClientPreparedStatement.executeInternal(ClientPreparedStatement.java:97)
	at com.singlestore.jdbc.ClientPreparedStatement.execute(ClientPreparedStatement.java:278)
	at org.apache.commons.dbcp2.DelegatingPreparedStatement.execute(DelegatingPreparedStatement.java:94)
	at org.apache.commons.dbcp2.DelegatingPreparedStatement.execute(DelegatingPreparedStatement.java:94)
	at com.singlestore.spark.JdbcHelpers$.executeQuery(JdbcHelpers.scala:116)
	at com.singlestore.spark.SQLHelper$QueryMethods.singlestoreQuery(SQLHelper.scala:34)
	at com.singlestore.spark.SQLHelper$QueryMethods.executeSinglestoreQuery(SQLHelper.scala:45)
	at com.hulu.adi.ifp.lineitem.olap.ingestion.LineItemCapacityIngestDatabricks.optimizeTable(LineItemCapacityIngestDatabricks.scala:311)
	at com.hulu.adi.ifp.lineitem.olap.ingestion.LineItemCapacityIngestDatabricks.refreshTable(LineItemCapacityIngestDatabricks.scala:102)
	at com.hulu.adi.ifp.lineitem.olap.ingestion.DataIngestDatabricks.ingest(DataIngestDatabricks.scala:30)
	at com.hulu.adi.ifp.lineitem.app.OlapIngestTaskDatabricks$.$anonfun$execute$2(OlapIngestTaskDatabricks.scala:147)
	at com.hulu.adi.ifp.lineitem.app.OlapIngestTaskDatabricks$.$anonfun$execute$2$adapted(OlapIngestTaskDatabricks.scala:136)
	at com.hulu.adi.ifp.lineitem.app.OlapIngestTaskDatabricks$$$Lambda$11634/0x0000000503dad800.apply(Unknown Source)
	at app//scala.collection.parallel.AugmentedIterableIterator.map2combiner(RemainsIterator.scala:116)
	at app//scala.collection.parallel.AugmentedIterableIterator.map2combiner$(RemainsIterator.scala:113)
	at app//scala.collection.parallel.immutable.ParHashSet$ParHashSetIterator.map2combiner(ParHashSet.scala:81)
	at app//scala.collection.parallel.ParIterableLike$Map.leaf(ParIterableLike.scala:1064)
	at app//scala.collection.parallel.Task.$anonfun$tryLeaf$1(Tasks.scala:53)
	at app//scala.collection.parallel.Task$$Lambda$11632/0x0000000503db3df8.apply$mcV$sp(Unknown Source)
	at app//scala.runtime.java8.JFunction0$mcV$sp.apply(JFunction0$mcV$sp.java:23)
	at app//scala.util.control.Breaks$$anon$1.catchBreak(Breaks.scala:67)
	at app//scala.collection.parallel.Task.tryLeaf(Tasks.scala:56)
	at app//scala.collection.parallel.Task.tryLeaf$(Tasks.scala:50)
	at app//scala.collection.parallel.ParIterableLike$Map.tryLeaf(ParIterableLike.scala:1061)
	at app//scala.collection.parallel.AdaptiveWorkStealingTasks$WrappedTask.compute(Tasks.scala:153)
	at app//scala.collection.parallel.AdaptiveWorkStealingTasks$WrappedTask.compute$(Tasks.scala:149)
	at app//scala.collection.parallel.AdaptiveWorkStealingForkJoinTasks$WrappedTask.compute(Tasks.scala:440)
	at java.base@17.0.18/java.util.concurrent.RecursiveAction.exec(RecursiveAction.java:194)
	at java.base@17.0.18/java.util.concurrent.ForkJoinTask.doExec(ForkJoinTask.java:373)
	at java.base@17.0.18/java.util.concurrent.ForkJoinTask.awaitDone(ForkJoinTask.java:436)
	at java.base@17.0.18/java.util.concurrent.ForkJoinTask.join(ForkJoinTask.java:670)
	at app//scala.collection.parallel.ForkJoinTasks$WrappedTask.sync(Tasks.scala:379)
	at app//scala.collection.parallel.ForkJoinTasks$WrappedTask.sync$(Tasks.scala:379)
	at app//scala.collection.parallel.AdaptiveWorkStealingForkJoinTasks$WrappedTask.sync(Tasks.scala:440)
	at app//scala.collection.parallel.ForkJoinTasks.executeAndWaitResult(Tasks.scala:423)
	at app//scala.collection.parallel.ForkJoinTasks.executeAndWaitResult$(Tasks.scala:416)
	at app//scala.collection.parallel.ForkJoinTaskSupport.executeAndWaitResult(TaskSupport.scala:60)
	at app//scala.collection.parallel.ExecutionContextTasks.executeAndWaitResult(Tasks.scala:555)
	at app//scala.collection.parallel.ExecutionContextTasks.executeAndWaitResult$(Tasks.scala:555)
	at app//scala.collection.parallel.ExecutionContextTaskSupport.executeAndWaitResult(TaskSupport.scala:84)
	at app//scala.collection.parallel.ParIterableLike$ResultMapping.leaf(ParIterableLike.scala:968)
	at app//scala.collection.parallel.Task.$anonfun$tryLeaf$1(Tasks.scala:53)
	at app//scala.collection.parallel.Task$$Lambda$11632/0x0000000503db3df8.apply$mcV$sp(Unknown Source)
	at app//scala.runtime.java8.JFunction0$mcV$sp.apply(JFunction0$mcV$sp.java:23)
	at app//scala.util.control.Breaks$$anon$1.catchBreak(Breaks.scala:67)
	at app//scala.collection.parallel.Task.tryLeaf(Tasks.scala:56)
	at app//scala.collection.parallel.Task.tryLeaf$(Tasks.scala:50)
	at app//scala.collection.parallel.ParIterableLike$ResultMapping.tryLeaf(ParIterableLike.scala:963)
	at app//scala.collection.parallel.AdaptiveWorkStealingTasks$WrappedTask.compute(Tasks.scala:153)
	at app//scala.collection.parallel.AdaptiveWorkStealingTasks$WrappedTask.compute$(Tasks.scala:149)
	at app//scala.collection.parallel.AdaptiveWorkStealingForkJoinTasks$WrappedTask.compute(Tasks.scala:440)
	at java.base@17.0.18/java.util.concurrent.RecursiveAction.exec(RecursiveAction.java:194)
	at java.base@17.0.18/java.util.concurrent.ForkJoinTask.doExec(ForkJoinTask.java:373)
	at java.base@17.0.18/java.util.concurrent.ForkJoinPool$WorkQueue.topLevelExec(ForkJoinPool.java:1193)
	at java.base@17.0.18/java.util.concurrent.ForkJoinPool.scan(ForkJoinPool.java:1666)
	at java.base@17.0.18/java.util.concurrent.ForkJoinPool.runWorker(ForkJoinPool.java:1633)
	at java.base@17.0.18/java.util.concurrent.ForkJoinWorkerThread.run(ForkJoinWorkerThread.java:165)
                
26/05/28 14:07:23 INFO DeadlockDetector: Requested deadlock detection caused by: DAG_SCHEDULER_NO_ACTIVE_JOB
26/05/28 14:07:23 INFO HangingThreadDetector: Requested hanging thread detection caused by: DAG_SCHEDULER_NO_ACTIVE_JOB
26/05/28 14:07:23 INFO ContextCleaner: Forcing full GC. Observed GC latency: 1961 s,# skipped GCs: 2
26/05/28 14:07:24 INFO ContextCleaner: Completed forced full GC in 0 s
26/05/28 14:07:24 INFO MemoryUsageTracker: GC notification:
 Name: PS Scavenge,
 Action: end of minor GC,
 Cause: System.gc()
 StartTime: 18018573
 Duration: 16
26/05/28 14:07:24 INFO MemoryUsageTracker: GC notification:
 Name: PS MarkSweep,
 Action: end of major GC,
 Cause: System.gc()
 StartTime: 18018589
 Duration: 430
26/05/28 14:07:39 INFO DatabricksILoop$: Received SAFEr configs with version 1779959072700
26/05/28 14:07:39 INFO HadoopFSUtil$: Installing the old filesystem implementation for scheme s3n. Current value: com.databricks.sql.acl.fs.CredentialScopeFileSystem. Old value to be restored: com.databricks.sql.io.LokiFileSystem.
26/05/28 14:07:39 INFO HadoopFSUtil$: Installing the old filesystem implementation for scheme wasbs. Current value: com.databricks.sql.acl.fs.CredentialScopeFileSystem. Old value to be restored: com.databricks.sql.io.LokiFileSystem.
26/05/28 14:07:39 INFO HadoopFSUtil$: Installing the old filesystem implementation for scheme gs. Current value: com.databricks.sql.acl.fs.CredentialScopeFileSystem. Old value to be restored: com.databricks.sql.io.LokiFileSystem.
26/05/28 14:07:39 INFO HadoopFSUtil$: Installing the old filesystem implementation for scheme s3. Current value: com.databricks.sql.acl.fs.CredentialScopeFileSystem. Old value to be restored: com.databricks.sql.io.LokiFileSystem.
26/05/28 14:07:39 INFO HadoopFSUtil$: Installing the old filesystem implementation for scheme s3a. Current value: com.databricks.sql.acl.fs.CredentialScopeFileSystem. Old value to be restored: com.databricks.sql.io.LokiFileSystem.
26/05/28 14:07:39 INFO HadoopFSUtil$: Installing the old filesystem implementation for scheme r2. Current value: com.databricks.sql.acl.fs.CredentialScopeFileSystem. Old value to be restored: com.databricks.sql.io.LokiFileSystem.
26/05/28 14:07:39 INFO HadoopFSUtil$: Installing the old filesystem implementation for scheme abfss. Current value: com.databricks.sql.acl.fs.CredentialScopeFileSystem. Old value to be restored: com.databricks.sql.io.LokiFileSystem.
26/05/28 14:07:39 INFO HadoopFSUtil$: Installing the old filesystem implementation for scheme abfs. Current value: com.databricks.sql.acl.fs.CredentialScopeFileSystem. Old value to be restored: com.databricks.sql.io.LokiFileSystem.
26/05/28 14:07:39 INFO HadoopFSUtil$: Installing the old filesystem implementation for scheme wasb. Current value: com.databricks.sql.acl.fs.CredentialScopeFileSystem. Old value to be restored: com.databricks.sql.io.LokiFileSystem.
26/05/28 14:07:39 INFO DatabricksFileSystemV2Factory: Creating S3A file system for s3a://ads-data-gen-uat-uw2-db-rootbucket
26/05/28 14:07:39 INFO DbfsHadoop3: Initialized DBFS with DBFSV2 as the delegate.
26/05/28 14:07:39 INFO DriverCorral: DBFS health check ok
26/05/28 14:08:31 INFO ProgressReporter$: [599 occurrences] Reporting partial results for running commands: 1779959225425_5539853085279891559_job-210784666042595-run-1057359355092439-action-1132069684017892
26/05/28 14:08:39 INFO DatabricksILoop$: Received SAFEr configs with version 1779959072700
26/05/28 14:09:39 INFO DatabricksILoop$: Received SAFEr configs with version 1779959072700
26/05/28 14:10:39 INFO DatabricksILoop$: Received SAFEr configs with version 1779959072700
26/05/28 14:11:39 INFO DatabricksILoop$: Received SAFEr configs with version 1779959072700
26/05/28 14:12:23 INFO DeadlockDetector: Requested deadlock detection caused by: DAG_SCHEDULER_NO_ACTIVE_JOB
26/05/28 14:12:23 INFO HangingThreadDetector: Requested hanging thread detection caused by: DAG_SCHEDULER_NO_ACTIVE_JOB
26/05/28 14:12:39 INFO DatabricksILoop$: Received SAFEr configs with version 1779959072700
26/05/28 14:12:39 INFO HadoopFSUtil$: Installing the old filesystem implementation for scheme s3n. Current value: com.databricks.sql.acl.fs.CredentialScopeFileSystem. Old value to be restored: com.databricks.sql.io.LokiFileSystem.
26/05/28 14:12:39 INFO HadoopFSUtil$: Installing the old filesystem implementation for scheme wasbs. Current value: com.databricks.sql.acl.fs.CredentialScopeFileSystem. Old value to be restored: com.databricks.sql.io.LokiFileSystem.
26/05/28 14:12:39 INFO HadoopFSUtil$: Installing the old filesystem implementation for scheme gs. Current value: com.databricks.sql.acl.fs.CredentialScopeFileSystem. Old value to be restored: com.databricks.sql.io.LokiFileSystem.
26/05/28 14:12:39 INFO HadoopFSUtil$: Installing the old filesystem implementation for scheme s3. Current value: com.databricks.sql.acl.fs.CredentialScopeFileSystem. Old value to be restored: com.databricks.sql.io.LokiFileSystem.
26/05/28 14:12:39 INFO HadoopFSUtil$: Installing the old filesystem implementation for scheme s3a. Current value: com.databricks.sql.acl.fs.CredentialScopeFileSystem. Old value to be restored: com.databricks.sql.io.LokiFileSystem.
26/05/28 14:12:39 INFO HadoopFSUtil$: Installing the old filesystem implementation for scheme r2. Current value: com.databricks.sql.acl.fs.CredentialScopeFileSystem. Old value to be restored: com.databricks.sql.io.LokiFileSystem.
26/05/28 14:12:39 INFO HadoopFSUtil$: Installing the old filesystem implementation for scheme abfss. Current value: com.databricks.sql.acl.fs.CredentialScopeFileSystem. Old value to be restored: com.databricks.sql.io.LokiFileSystem.
26/05/28 14:12:39 INFO HadoopFSUtil$: Installing the old filesystem implementation for scheme abfs. Current value: com.databricks.sql.acl.fs.CredentialScopeFileSystem. Old value to be restored: com.databricks.sql.io.LokiFileSystem.
26/05/28 14:12:39 INFO HadoopFSUtil$: Installing the old filesystem implementation for scheme wasb. Current value: com.databricks.sql.acl.fs.CredentialScopeFileSystem. Old value to be restored: com.databricks.sql.io.LokiFileSystem.
26/05/28 14:12:39 INFO DatabricksFileSystemV2Factory: Creating S3A file system for s3a://ads-data-gen-uat-uw2-db-rootbucket
26/05/28 14:12:39 INFO DbfsHadoop3: Initialized DBFS with DBFSV2 as the delegate.
26/05/28 14:12:39 INFO DriverCorral: DBFS health check ok
26/05/28 14:13:31 INFO ProgressReporter$: [598 occurrences] Reporting partial results for running commands: 1779959225425_5539853085279891559_job-210784666042595-run-1057359355092439-action-1132069684017892
26/05/28 14:13:39 INFO DatabricksILoop$: Received SAFEr configs with version 1779959072700
26/05/28 14:14:39 INFO DatabricksILoop$: Received SAFEr configs with version 1779959072700
26/05/28 14:15:39 INFO DatabricksILoop$: Received SAFEr configs with version 1779959072701
26/05/28 14:16:39 INFO DatabricksILoop$: Received SAFEr configs with version 1779959072701
26/05/28 14:17:21 INFO ThreadDumpManager: ThreadDumpManager: thread dump requested due to Reason: {DAG_SCHEDULER_NO_ACTIVE_JOB.toString}, Count: 2
26/05/28 14:17:21 INFO ThreadDumpManager: ThreadDumpManager: thread dump took 6 ms.
26/05/28 14:17:21 INFO ThreadDumpManager: ThreadDumpManager: updated thread dump for 302 threads, removed 4 inactive threads.
26/05/28 14:17:21 WARN HangingThreadDetector: Potential Hung Thread Detected:
Thread ID: 477
Thread name: scala-execution-context-global-477
Time Spent Hanging: 1800000 ms
Stuck at Frame: java.base@17.0.18/sun.nio.ch.SocketDispatcher.read0(Native Method)
Latest Stack Trace:
java.base@17.0.18/sun.nio.ch.SocketDispatcher.read0(Native Method)
	at java.base@17.0.18/sun.nio.ch.SocketDispatcher.read(SocketDispatcher.java:47)
	at java.base@17.0.18/sun.nio.ch.NioSocketImpl.tryRead(NioSocketImpl.java:266)
	at java.base@17.0.18/sun.nio.ch.NioSocketImpl.implRead(NioSocketImpl.java:317)
	at java.base@17.0.18/sun.nio.ch.NioSocketImpl.read(NioSocketImpl.java:355)
	at java.base@17.0.18/sun.nio.ch.NioSocketImpl$1.read(NioSocketImpl.java:808)
	at java.base@17.0.18/java.net.Socket$SocketInputStream.read(Socket.java:976)
	at java.base@17.0.18/java.io.FilterInputStream.read(FilterInputStream.java:132)
	at com.singlestore.jdbc.client.socket.impl.ReadAheadBufferedStream.fillingBuffer(ReadAheadBufferedStream.java:94)
	at com.singlestore.jdbc.client.socket.impl.ReadAheadBufferedStream.read(ReadAheadBufferedStream.java:67)
	at com.singlestore.jdbc.client.socket.impl.PacketReader.readPacket(PacketReader.java:80)
	at com.singlestore.jdbc.message.ClientMessage.readPacket(ClientMessage.java:118)
	at com.singlestore.jdbc.client.impl.StandardClient.readPacket(StandardClient.java:777)
	at com.singlestore.jdbc.client.impl.StandardClient.readResults(StandardClient.java:718)
	at com.singlestore.jdbc.client.impl.StandardClient.readResponse(StandardClient.java:635)
	at com.singlestore.jdbc.client.impl.StandardClient.execute(StandardClient.java:596)
	at com.singlestore.jdbc.client.impl.MultiPrimaryClient.execute(MultiPrimaryClient.java:344)
	at com.singlestore.jdbc.ClientPreparedStatement.executeInternal(ClientPreparedStatement.java:97)
	at com.singlestore.jdbc.ClientPreparedStatement.execute(ClientPreparedStatement.java:278)
	at org.apache.commons.dbcp2.DelegatingPreparedStatement.execute(DelegatingPreparedStatement.java:94)
	at org.apache.commons.dbcp2.DelegatingPreparedStatement.execute(DelegatingPreparedStatement.java:94)
	at com.singlestore.spark.JdbcHelpers$.executeQuery(JdbcHelpers.scala:116)
	at com.singlestore.spark.SQLHelper$QueryMethods.singlestoreQuery(SQLHelper.scala:34)
	at com.singlestore.spark.SQLHelper$QueryMethods.executeSinglestoreQuery(SQLHelper.scala:45)
	at com.hulu.adi.ifp.lineitem.olap.ingestion.LineItemCapacityIngestDatabricks.optimizeTable(LineItemCapacityIngestDatabricks.scala:311)
	at com.hulu.adi.ifp.lineitem.olap.ingestion.LineItemCapacityIngestDatabricks.refreshTable(LineItemCapacityIngestDatabricks.scala:102)
	at com.hulu.adi.ifp.lineitem.olap.ingestion.DataIngestDatabricks.ingest(DataIngestDatabricks.scala:30)
	at com.hulu.adi.ifp.lineitem.app.OlapIngestTaskDatabricks$.$anonfun$execute$2(OlapIngestTaskDatabricks.scala:147)
	at com.hulu.adi.ifp.lineitem.app.OlapIngestTaskDatabricks$.$anonfun$execute$2$adapted(OlapIngestTaskDatabricks.scala:136)
	at com.hulu.adi.ifp.lineitem.app.OlapIngestTaskDatabricks$$$Lambda$11634/0x0000000503dad800.apply(Unknown Source)
	at app//scala.collection.parallel.AugmentedIterableIterator.map2combiner(RemainsIterator.scala:116)
	at app//scala.collection.parallel.AugmentedIterableIterator.map2combiner$(RemainsIterator.scala:113)
	at app//scala.collection.parallel.immutable.ParHashSet$ParHashSetIterator.map2combiner(ParHashSet.scala:81)
	at app//scala.collection.parallel.ParIterableLike$Map.leaf(ParIterableLike.scala:1064)
	at app//scala.collection.parallel.Task.$anonfun$tryLeaf$1(Tasks.scala:53)
	at app//scala.collection.parallel.Task$$Lambda$11632/0x0000000503db3df8.apply$mcV$sp(Unknown Source)
	at app//scala.runtime.java8.JFunction0$mcV$sp.apply(JFunction0$mcV$sp.java:23)
	at app//scala.util.control.Breaks$$anon$1.catchBreak(Breaks.scala:67)
	at app//scala.collection.parallel.Task.tryLeaf(Tasks.scala:56)
	at app//scala.collection.parallel.Task.tryLeaf$(Tasks.scala:50)
	at app//scala.collection.parallel.ParIterableLike$Map.tryLeaf(ParIterableLike.scala:1061)
	at app//scala.collection.parallel.AdaptiveWorkStealingTasks$WrappedTask.compute(Tasks.scala:153)
	at app//scala.collection.parallel.AdaptiveWorkStealingTasks$WrappedTask.compute$(Tasks.scala:149)
	at app//scala.collection.parallel.AdaptiveWorkStealingForkJoinTasks$WrappedTask.compute(Tasks.scala:440)
	at java.base@17.0.18/java.util.concurrent.RecursiveAction.exec(RecursiveAction.java:194)
	at java.base@17.0.18/java.util.concurrent.ForkJoinTask.doExec(ForkJoinTask.java:373)
	at java.base@17.0.18/java.util.concurrent.ForkJoinTask.awaitDone(ForkJoinTask.java:436)
	at java.base@17.0.18/java.util.concurrent.ForkJoinTask.join(ForkJoinTask.java:670)
	at app//scala.collection.parallel.ForkJoinTasks$WrappedTask.sync(Tasks.scala:379)
	at app//scala.collection.parallel.ForkJoinTasks$WrappedTask.sync$(Tasks.scala:379)
	at app//scala.collection.parallel.AdaptiveWorkStealingForkJoinTasks$WrappedTask.sync(Tasks.scala:440)
	at app//scala.collection.parallel.ForkJoinTasks.executeAndWaitResult(Tasks.scala:423)
	at app//scala.collection.parallel.ForkJoinTasks.executeAndWaitResult$(Tasks.scala:416)
	at app//scala.collection.parallel.ForkJoinTaskSupport.executeAndWaitResult(TaskSupport.scala:60)
	at app//scala.collection.parallel.ExecutionContextTasks.executeAndWaitResult(Tasks.scala:555)
	at app//scala.collection.parallel.ExecutionContextTasks.executeAndWaitResult$(Tasks.scala:555)
	at app//scala.collection.parallel.ExecutionContextTaskSupport.executeAndWaitResult(TaskSupport.scala:84)
	at app//scala.collection.parallel.ParIterableLike$ResultMapping.leaf(ParIterableLike.scala:968)
	at app//scala.collection.parallel.Task.$anonfun$tryLeaf$1(Tasks.scala:53)
	at app//scala.collection.parallel.Task$$Lambda$11632/0x0000000503db3df8.apply$mcV$sp(Unknown Source)
	at app//scala.runtime.java8.JFunction0$mcV$sp.apply(JFunction0$mcV$sp.java:23)
	at app//scala.util.control.Breaks$$anon$1.catchBreak(Breaks.scala:67)
	at app//scala.collection.parallel.Task.tryLeaf(Tasks.scala:56)
	at app//scala.collection.parallel.Task.tryLeaf$(Tasks.scala:50)
	at app//scala.collection.parallel.ParIterableLike$ResultMapping.tryLeaf(ParIterableLike.scala:963)
	at app//scala.collection.parallel.AdaptiveWorkStealingTasks$WrappedTask.compute(Tasks.scala:153)
	at app//scala.collection.parallel.AdaptiveWorkStealingTasks$WrappedTask.compute$(Tasks.scala:149)
	at app//scala.collection.parallel.AdaptiveWorkStealingForkJoinTasks$WrappedTask.compute(Tasks.scala:440)
	at java.base@17.0.18/java.util.concurrent.RecursiveAction.exec(RecursiveAction.java:194)
	at java.base@17.0.18/java.util.concurrent.ForkJoinTask.doExec(ForkJoinTask.java:373)
	at java.base@17.0.18/java.util.concurrent.ForkJoinPool$WorkQueue.topLevelExec(ForkJoinPool.java:1193)
	at java.base@17.0.18/java.util.concurrent.ForkJoinPool.scan(ForkJoinPool.java:1666)
	at java.base@17.0.18/java.util.concurrent.ForkJoinPool.runWorker(ForkJoinPool.java:1633)
	at java.base@17.0.18/java.util.concurrent.ForkJoinWorkerThread.run(ForkJoinWorkerThread.java:165)
                
26/05/28 14:17:23 INFO DeadlockDetector: Requested deadlock detection caused by: DAG_SCHEDULER_NO_ACTIVE_JOB
26/05/28 14:17:23 INFO HangingThreadDetector: Requested hanging thread detection caused by: DAG_SCHEDULER_NO_ACTIVE_JOB
26/05/28 14:17:39 INFO DatabricksILoop$: Received SAFEr configs with version 1779959072701
26/05/28 14:17:39 INFO HadoopFSUtil$: Installing the old filesystem implementation for scheme s3n. Current value: com.databricks.sql.acl.fs.CredentialScopeFileSystem. Old value to be restored: com.databricks.sql.io.LokiFileSystem.
26/05/28 14:17:39 INFO HadoopFSUtil$: Installing the old filesystem implementation for scheme wasbs. Current value: com.databricks.sql.acl.fs.CredentialScopeFileSystem. Old value to be restored: com.databricks.sql.io.LokiFileSystem.
26/05/28 14:17:39 INFO HadoopFSUtil$: Installing the old filesystem implementation for scheme gs. Current value: com.databricks.sql.acl.fs.CredentialScopeFileSystem. Old value to be restored: com.databricks.sql.io.LokiFileSystem.
26/05/28 14:17:39 INFO HadoopFSUtil$: Installing the old filesystem implementation for scheme s3. Current value: com.databricks.sql.acl.fs.CredentialScopeFileSystem. Old value to be restored: com.databricks.sql.io.LokiFileSystem.
26/05/28 14:17:39 INFO HadoopFSUtil$: Installing the old filesystem implementation for scheme s3a. Current value: com.databricks.sql.acl.fs.CredentialScopeFileSystem. Old value to be restored: com.databricks.sql.io.LokiFileSystem.
26/05/28 14:17:39 INFO HadoopFSUtil$: Installing the old filesystem implementation for scheme r2. Current value: com.databricks.sql.acl.fs.CredentialScopeFileSystem. Old value to be restored: com.databricks.sql.io.LokiFileSystem.
26/05/28 14:17:39 INFO HadoopFSUtil$: Installing the old filesystem implementation for scheme abfss. Current value: com.databricks.sql.acl.fs.CredentialScopeFileSystem. Old value to be restored: com.databricks.sql.io.LokiFileSystem.
26/05/28 14:17:39 INFO HadoopFSUtil$: Installing the old filesystem implementation for scheme abfs. Current value: com.databricks.sql.acl.fs.CredentialScopeFileSystem. Old value to be restored: com.databricks.sql.io.LokiFileSystem.
26/05/28 14:17:39 INFO HadoopFSUtil$: Installing the old filesystem implementation for scheme wasb. Current value: com.databricks.sql.acl.fs.CredentialScopeFileSystem. Old value to be restored: com.databricks.sql.io.LokiFileSystem.
26/05/28 14:17:39 INFO DatabricksFileSystemV2Factory: Creating S3A file system for s3a://ads-data-gen-uat-uw2-db-rootbucket
26/05/28 14:17:39 INFO DbfsHadoop3: Initialized DBFS with DBFSV2 as the delegate.
26/05/28 14:17:39 INFO DriverCorral: DBFS health check ok
26/05/28 14:18:31 INFO ProgressReporter$: [599 occurrences] Reporting partial results for running commands: 1779959225425_5539853085279891559_job-210784666042595-run-1057359355092439-action-1132069684017892
26/05/28 14:18:39 INFO DatabricksILoop$: Received SAFEr configs with version 1779959072701
26/05/28 14:19:39 INFO DatabricksILoop$: Received SAFEr configs with version 1779959072701
26/05/28 14:20:39 INFO DatabricksILoop$: Received SAFEr configs with version 1779959072701
26/05/28 14:21:39 INFO DatabricksILoop$: Received SAFEr configs with version 1779959072701
26/05/28 14:22:23 INFO DeadlockDetector: Requested deadlock detection caused by: DAG_SCHEDULER_NO_ACTIVE_JOB
26/05/28 14:22:23 INFO HangingThreadDetector: Requested hanging thread detection caused by: DAG_SCHEDULER_NO_ACTIVE_JOB
26/05/28 14:22:39 INFO DatabricksILoop$: Received SAFEr configs with version 1779959072701
26/05/28 14:22:39 INFO HadoopFSUtil$: Installing the old filesystem implementation for scheme s3n. Current value: com.databricks.sql.acl.fs.CredentialScopeFileSystem. Old value to be restored: com.databricks.sql.io.LokiFileSystem.
26/05/28 14:22:39 INFO HadoopFSUtil$: Installing the old filesystem implementation for scheme wasbs. Current value: com.databricks.sql.acl.fs.CredentialScopeFileSystem. Old value to be restored: com.databricks.sql.io.LokiFileSystem.
26/05/28 14:22:39 INFO HadoopFSUtil$: Installing the old filesystem implementation for scheme gs. Current value: com.databricks.sql.acl.fs.CredentialScopeFileSystem. Old value to be restored: com.databricks.sql.io.LokiFileSystem.
26/05/28 14:22:39 INFO HadoopFSUtil$: Installing the old filesystem implementation for scheme s3. Current value: com.databricks.sql.acl.fs.CredentialScopeFileSystem. Old value to be restored: com.databricks.sql.io.LokiFileSystem.
26/05/28 14:22:39 INFO HadoopFSUtil$: Installing the old filesystem implementation for scheme s3a. Current value: com.databricks.sql.acl.fs.CredentialScopeFileSystem. Old value to be restored: com.databricks.sql.io.LokiFileSystem.
26/05/28 14:22:39 INFO HadoopFSUtil$: Installing the old filesystem implementation for scheme r2. Current value: com.databricks.sql.acl.fs.CredentialScopeFileSystem. Old value to be restored: com.databricks.sql.io.LokiFileSystem.
26/05/28 14:22:39 INFO HadoopFSUtil$: Installing the old filesystem implementation for scheme abfss. Current value: com.databricks.sql.acl.fs.CredentialScopeFileSystem. Old value to be restored: com.databricks.sql.io.LokiFileSystem.
26/05/28 14:22:39 INFO HadoopFSUtil$: Installing the old filesystem implementation for scheme abfs. Current value: com.databricks.sql.acl.fs.CredentialScopeFileSystem. Old value to be restored: com.databricks.sql.io.LokiFileSystem.
26/05/28 14:22:39 INFO HadoopFSUtil$: Installing the old filesystem implementation for scheme wasb. Current value: com.databricks.sql.acl.fs.CredentialScopeFileSystem. Old value to be restored: com.databricks.sql.io.LokiFileSystem.
26/05/28 14:22:39 INFO DatabricksFileSystemV2Factory: Creating S3A file system for s3a://ads-data-gen-uat-uw2-db-rootbucket
26/05/28 14:22:39 INFO DbfsHadoop3: Initialized DBFS with DBFSV2 as the delegate.
26/05/28 14:22:39 INFO DriverCorral: DBFS health check ok
26/05/28 14:23:31 INFO ProgressReporter$: [599 occurrences] Reporting partial results for running commands: 1779959225425_5539853085279891559_job-210784666042595-run-1057359355092439-action-1132069684017892
26/05/28 14:23:39 INFO DatabricksILoop$: Received SAFEr configs with version 1779959072701
26/05/28 14:24:39 INFO DatabricksILoop$: Received SAFEr configs with version 1779959072701
26/05/28 14:25:39 INFO DatabricksILoop$: Received SAFEr configs with version 1779959072701
26/05/28 14:26:39 INFO DatabricksILoop$: Received SAFEr configs with version 1779959072701
26/05/28 14:27:21 INFO ThreadDumpManager: ThreadDumpManager: thread dump requested due to Reason: {DAG_SCHEDULER_NO_ACTIVE_JOB.toString}, Count: 2
26/05/28 14:27:21 INFO ThreadDumpManager: ThreadDumpManager: thread dump took 6 ms.
26/05/28 14:27:21 INFO ThreadDumpManager: ThreadDumpManager: updated thread dump for 301 threads, removed 4 inactive threads.
26/05/28 14:27:21 WARN HangingThreadDetector: Potential Hung Thread Detected:
Thread ID: 477
Thread name: scala-execution-context-global-477
Time Spent Hanging: 2400000 ms
Stuck at Frame: java.base@17.0.18/sun.nio.ch.SocketDispatcher.read0(Native Method)
Latest Stack Trace:
java.base@17.0.18/sun.nio.ch.SocketDispatcher.read0(Native Method)
	at java.base@17.0.18/sun.nio.ch.SocketDispatcher.read(SocketDispatcher.java:47)
	at java.base@17.0.18/sun.nio.ch.NioSocketImpl.tryRead(NioSocketImpl.java:266)
	at java.base@17.0.18/sun.nio.ch.NioSocketImpl.implRead(NioSocketImpl.java:317)
	at java.base@17.0.18/sun.nio.ch.NioSocketImpl.read(NioSocketImpl.java:355)
	at java.base@17.0.18/sun.nio.ch.NioSocketImpl$1.read(NioSocketImpl.java:808)
	at java.base@17.0.18/java.net.Socket$SocketInputStream.read(Socket.java:976)
	at java.base@17.0.18/java.io.FilterInputStream.read(FilterInputStream.java:132)
	at com.singlestore.jdbc.client.socket.impl.ReadAheadBufferedStream.fillingBuffer(ReadAheadBufferedStream.java:94)
	at com.singlestore.jdbc.client.socket.impl.ReadAheadBufferedStream.read(ReadAheadBufferedStream.java:67)
	at com.singlestore.jdbc.client.socket.impl.PacketReader.readPacket(PacketReader.java:80)
	at com.singlestore.jdbc.message.ClientMessage.readPacket(ClientMessage.java:118)
	at com.singlestore.jdbc.client.impl.StandardClient.readPacket(StandardClient.java:777)
	at com.singlestore.jdbc.client.impl.StandardClient.readResults(StandardClient.java:718)
	at com.singlestore.jdbc.client.impl.StandardClient.readResponse(StandardClient.java:635)
	at com.singlestore.jdbc.client.impl.StandardClient.execute(StandardClient.java:596)
	at com.singlestore.jdbc.client.impl.MultiPrimaryClient.execute(MultiPrimaryClient.java:344)
	at com.singlestore.jdbc.ClientPreparedStatement.executeInternal(ClientPreparedStatement.java:97)
	at com.singlestore.jdbc.ClientPreparedStatement.execute(ClientPreparedStatement.java:278)
	at org.apache.commons.dbcp2.DelegatingPreparedStatement.execute(DelegatingPreparedStatement.java:94)
	at org.apache.commons.dbcp2.DelegatingPreparedStatement.execute(DelegatingPreparedStatement.java:94)
	at com.singlestore.spark.JdbcHelpers$.executeQuery(JdbcHelpers.scala:116)
	at com.singlestore.spark.SQLHelper$QueryMethods.singlestoreQuery(SQLHelper.scala:34)
	at com.singlestore.spark.SQLHelper$QueryMethods.executeSinglestoreQuery(SQLHelper.scala:45)
	at com.hulu.adi.ifp.lineitem.olap.ingestion.LineItemCapacityIngestDatabricks.optimizeTable(LineItemCapacityIngestDatabricks.scala:311)
	at com.hulu.adi.ifp.lineitem.olap.ingestion.LineItemCapacityIngestDatabricks.refreshTable(LineItemCapacityIngestDatabricks.scala:102)
	at com.hulu.adi.ifp.lineitem.olap.ingestion.DataIngestDatabricks.ingest(DataIngestDatabricks.scala:30)
	at com.hulu.adi.ifp.lineitem.app.OlapIngestTaskDatabricks$.$anonfun$execute$2(OlapIngestTaskDatabricks.scala:147)
	at com.hulu.adi.ifp.lineitem.app.OlapIngestTaskDatabricks$.$anonfun$execute$2$adapted(OlapIngestTaskDatabricks.scala:136)
	at com.hulu.adi.ifp.lineitem.app.OlapIngestTaskDatabricks$$$Lambda$11634/0x0000000503dad800.apply(Unknown Source)
	at app//scala.collection.parallel.AugmentedIterableIterator.map2combiner(RemainsIterator.scala:116)
	at app//scala.collection.parallel.AugmentedIterableIterator.map2combiner$(RemainsIterator.scala:113)
	at app//scala.collection.parallel.immutable.ParHashSet$ParHashSetIterator.map2combiner(ParHashSet.scala:81)
	at app//scala.collection.parallel.ParIterableLike$Map.leaf(ParIterableLike.scala:1064)
	at app//scala.collection.parallel.Task.$anonfun$tryLeaf$1(Tasks.scala:53)
	at app//scala.collection.parallel.Task$$Lambda$11632/0x0000000503db3df8.apply$mcV$sp(Unknown Source)
	at app//scala.runtime.java8.JFunction0$mcV$sp.apply(JFunction0$mcV$sp.java:23)
	at app//scala.util.control.Breaks$$anon$1.catchBreak(Breaks.scala:67)
	at app//scala.collection.parallel.Task.tryLeaf(Tasks.scala:56)
	at app//scala.collection.parallel.Task.tryLeaf$(Tasks.scala:50)
	at app//scala.collection.parallel.ParIterableLike$Map.tryLeaf(ParIterableLike.scala:1061)
	at app//scala.collection.parallel.AdaptiveWorkStealingTasks$WrappedTask.compute(Tasks.scala:153)
	at app//scala.collection.parallel.AdaptiveWorkStealingTasks$WrappedTask.compute$(Tasks.scala:149)
	at app//scala.collection.parallel.AdaptiveWorkStealingForkJoinTasks$WrappedTask.compute(Tasks.scala:440)
	at java.base@17.0.18/java.util.concurrent.RecursiveAction.exec(RecursiveAction.java:194)
	at java.base@17.0.18/java.util.concurrent.ForkJoinTask.doExec(ForkJoinTask.java:373)
	at java.base@17.0.18/java.util.concurrent.ForkJoinTask.awaitDone(ForkJoinTask.java:436)
	at java.base@17.0.18/java.util.concurrent.ForkJoinTask.join(ForkJoinTask.java:670)
	at app//scala.collection.parallel.ForkJoinTasks$WrappedTask.sync(Tasks.scala:379)
	at app//scala.collection.parallel.ForkJoinTasks$WrappedTask.sync$(Tasks.scala:379)
	at app//scala.collection.parallel.AdaptiveWorkStealingForkJoinTasks$WrappedTask.sync(Tasks.scala:440)
	at app//scala.collection.parallel.ForkJoinTasks.executeAndWaitResult(Tasks.scala:423)
	at app//scala.collection.parallel.ForkJoinTasks.executeAndWaitResult$(Tasks.scala:416)
	at app//scala.collection.parallel.ForkJoinTaskSupport.executeAndWaitResult(TaskSupport.scala:60)
	at app//scala.collection.parallel.ExecutionContextTasks.executeAndWaitResult(Tasks.scala:555)
	at app//scala.collection.parallel.ExecutionContextTasks.executeAndWaitResult$(Tasks.scala:555)
	at app//scala.collection.parallel.ExecutionContextTaskSupport.executeAndWaitResult(TaskSupport.scala:84)
	at app//scala.collection.parallel.ParIterableLike$ResultMapping.leaf(ParIterableLike.scala:968)
	at app//scala.collection.parallel.Task.$anonfun$tryLeaf$1(Tasks.scala:53)
	at app//scala.collection.parallel.Task$$Lambda$11632/0x0000000503db3df8.apply$mcV$sp(Unknown Source)
	at app//scala.runtime.java8.JFunction0$mcV$sp.apply(JFunction0$mcV$sp.java:23)
	at app//scala.util.control.Breaks$$anon$1.catchBreak(Breaks.scala:67)
	at app//scala.collection.parallel.Task.tryLeaf(Tasks.scala:56)
	at app//scala.collection.parallel.Task.tryLeaf$(Tasks.scala:50)
	at app//scala.collection.parallel.ParIterableLike$ResultMapping.tryLeaf(ParIterableLike.scala:963)
	at app//scala.collection.parallel.AdaptiveWorkStealingTasks$WrappedTask.compute(Tasks.scala:153)
	at app//scala.collection.parallel.AdaptiveWorkStealingTasks$WrappedTask.compute$(Tasks.scala:149)
	at app//scala.collection.parallel.AdaptiveWorkStealingForkJoinTasks$WrappedTask.compute(Tasks.scala:440)
	at java.base@17.0.18/java.util.concurrent.RecursiveAction.exec(RecursiveAction.java:194)
	at java.base@17.0.18/java.util.concurrent.ForkJoinTask.doExec(ForkJoinTask.java:373)
	at java.base@17.0.18/java.util.concurrent.ForkJoinPool$WorkQueue.topLevelExec(ForkJoinPool.java:1193)
	at java.base@17.0.18/java.util.concurrent.ForkJoinPool.scan(ForkJoinPool.java:1666)
	at java.base@17.0.18/java.util.concurrent.ForkJoinPool.runWorker(ForkJoinPool.java:1633)
	at java.base@17.0.18/java.util.concurrent.ForkJoinWorkerThread.run(ForkJoinWorkerThread.java:165)
                
26/05/28 14:27:23 INFO DeadlockDetector: Requested deadlock detection caused by: DAG_SCHEDULER_NO_ACTIVE_JOB
26/05/28 14:27:23 INFO HangingThreadDetector: Requested hanging thread detection caused by: DAG_SCHEDULER_NO_ACTIVE_JOB
26/05/28 14:27:39 INFO DatabricksILoop$: Received SAFEr configs with version 1779959072701
26/05/28 14:27:39 INFO HadoopFSUtil$: Installing the old filesystem implementation for scheme s3n. Current value: com.databricks.sql.acl.fs.CredentialScopeFileSystem. Old value to be restored: com.databricks.sql.io.LokiFileSystem.
26/05/28 14:27:39 INFO HadoopFSUtil$: Installing the old filesystem implementation for scheme wasbs. Current value: com.databricks.sql.acl.fs.CredentialScopeFileSystem. Old value to be restored: com.databricks.sql.io.LokiFileSystem.
26/05/28 14:27:39 INFO HadoopFSUtil$: Installing the old filesystem implementation for scheme gs. Current value: com.databricks.sql.acl.fs.CredentialScopeFileSystem. Old value to be restored: com.databricks.sql.io.LokiFileSystem.
26/05/28 14:27:39 INFO HadoopFSUtil$: Installing the old filesystem implementation for scheme s3. Current value: com.databricks.sql.acl.fs.CredentialScopeFileSystem. Old value to be restored: com.databricks.sql.io.LokiFileSystem.
26/05/28 14:27:39 INFO HadoopFSUtil$: Installing the old filesystem implementation for scheme s3a. Current value: com.databricks.sql.acl.fs.CredentialScopeFileSystem. Old value to be restored: com.databricks.sql.io.LokiFileSystem.
26/05/28 14:27:39 INFO HadoopFSUtil$: Installing the old filesystem implementation for scheme r2. Current value: com.databricks.sql.acl.fs.CredentialScopeFileSystem. Old value to be restored: com.databricks.sql.io.LokiFileSystem.
26/05/28 14:27:39 INFO HadoopFSUtil$: Installing the old filesystem implementation for scheme abfss. Current value: com.databricks.sql.acl.fs.CredentialScopeFileSystem. Old value to be restored: com.databricks.sql.io.LokiFileSystem.
26/05/28 14:27:39 INFO HadoopFSUtil$: Installing the old filesystem implementation for scheme abfs. Current value: com.databricks.sql.acl.fs.CredentialScopeFileSystem. Old value to be restored: com.databricks.sql.io.LokiFileSystem.
26/05/28 14:27:39 INFO HadoopFSUtil$: Installing the old filesystem implementation for scheme wasb. Current value: com.databricks.sql.acl.fs.CredentialScopeFileSystem. Old value to be restored: com.databricks.sql.io.LokiFileSystem.
26/05/28 14:27:39 INFO DatabricksFileSystemV2Factory: Creating S3A file system for s3a://ads-data-gen-uat-uw2-db-rootbucket
26/05/28 14:27:39 INFO DbfsHadoop3: Initialized DBFS with DBFSV2 as the delegate.
26/05/28 14:27:39 INFO DriverCorral: DBFS health check ok
26/05/28 14:28:31 INFO ProgressReporter$: [598 occurrences] Reporting partial results for running commands: 1779959225425_5539853085279891559_job-210784666042595-run-1057359355092439-action-1132069684017892
26/05/28 14:28:39 INFO DatabricksILoop$: Received SAFEr configs with version 1779959072701
26/05/28 14:29:39 INFO DatabricksILoop$: Received SAFEr configs with version 1779959072701
26/05/28 14:30:39 INFO DatabricksILoop$: Received SAFEr configs with version 1779959072701
26/05/28 14:31:39 INFO DatabricksILoop$: Received SAFEr configs with version 1779959072701
26/05/28 14:32:23 INFO CodeGenerator: Code generated in 60.646818 ms
26/05/28 14:32:23 INFO HiveUnityCatalogCheckRule: Collecting SQL actions took 0.033485 ms.
26/05/28 14:32:23 INFO SAMEventsCollector: Created SAMEventsCollector com.databricks.unity.sam.events.collectors.MetricEmittingSAMEventsCollector$
26/05/28 14:32:23 INFO QueryPlanningTracker: Query phase analysis took 0s before execution.
26/05/28 14:32:23 INFO HiveUnityCatalogCheckRule: Collecting SQL actions took 0.051717 ms.
26/05/28 14:32:23 INFO HiveUnityCatalogCheckRule: Collecting SQL actions took 0.043487 ms.
26/05/28 14:32:23 INFO QueryPlanningTracker: Query phase analysis took 0s before execution.
26/05/28 14:32:23 INFO HiveUnityCatalogCheckRule: Collecting SQL actions took 0.023803 ms.
26/05/28 14:32:23 INFO QueryPlanningTracker: Query phase analysis took 0s before execution.
26/05/28 14:32:23 INFO CurrentQueryContext: Thread Thread[scala-execution-context-global-477,5,main]: Setting current query category as an executable command (Command is a class org.apache.spark.sql.execution.datasources.SaveIntoDataSourceCommand).
26/05/28 14:32:23 INFO QueryPlanningTracker: Query phase analysis took 0s before execution.
26/05/28 14:32:23 INFO ClusterLoadMonitor: Added query with execution ID:19. Current active queries:1
26/05/28 14:32:23 INFO QueryAnalyzedPlanSizeLogger$: Total number of expressions in the analyzed plan: 0, computed in 0 ms.
26/05/28 14:32:23 INFO QueryPlanningTracker: Query phase analysis took 0s before execution.
26/05/28 14:32:23 INFO QueryPlanningTracker: Query phase optimization took 0s before execution.
26/05/28 14:32:23 INFO QueryPlanningTracker: Query phase planning took 0s before execution.
26/05/28 14:32:23 INFO QueryPlanningTracker: Query phase planning took 0s before execution.
26/05/28 14:32:23 INFO QueryPlanningTracker: Query phase analysis took 0s before execution.
26/05/28 14:32:23 INFO DBCEventLoggingListener: Rolling event log; numTimesRolledOver = 5
26/05/28 14:32:23 INFO DBCEventLoggingListener: Rolled active log file /databricks/driver/eventlogs/1308820500304553152/eventlog to /databricks/driver/eventlogs/1308820500304553152/eventlog-2026-05-28--12-00, size = 327770
26/05/28 14:32:23 INFO DBCEventLoggingListener: Logging events to eventlogs/1308820500304553152/eventlog
26/05/28 14:32:23 INFO DBCEventLoggingListener: Compressed rolled file /databricks/driver/eventlogs/1308820500304553152/eventlog-2026-05-28--12-00 to /databricks/driver/eventlogs/1308820500304553152/eventlog-2026-05-28--12-00.gz in 5ms, size = 21439
26/05/28 14:32:23 INFO DBCEventLoggingListener: Deleted rolled file eventlogs/1308820500304553152/eventlog-2026-05-28--12-00
26/05/28 14:32:23 INFO DeadlockDetector: Requested deadlock detection caused by: DAG_SCHEDULER_NO_ACTIVE_JOB
26/05/28 14:32:23 INFO HangingThreadDetector: Requested hanging thread detection caused by: DAG_SCHEDULER_NO_ACTIVE_JOB
26/05/28 14:32:25 INFO ClusterLoadAvgHelper: Current cluster load: 1, Old Ema: 0.0, New Ema: 1.0 
26/05/28 14:32:25 INFO HiveUnityCatalogCheckRule: Collecting SQL actions took 0.071719 ms.
26/05/28 14:32:25 INFO QueryPlanningTracker: Query phase analysis took 0s before execution.
26/05/28 14:32:25 INFO QueryAnalyzedPlanSizeLogger$: Total number of expressions in the analyzed plan: 12, computed in 0 ms.
26/05/28 14:32:25 INFO QueryPlanningTracker: Query phase analysis took 0s before execution.
26/05/28 14:32:25 INFO QueryPlanningTracker: Query phase optimization took 0s before execution.
26/05/28 14:32:25 INFO QueryPlanningTracker: Query phase planning took 0s before execution.
26/05/28 14:32:25 INFO QueryPlanningTracker: Query phase planning took 0s before execution.
26/05/28 14:32:25 INFO CodeGenerator: Code generated in 10.977582 ms
26/05/28 14:32:25 INFO SparkContext: Starting job: $anonfun$withNewExecutionId0$11 at MemoryTrackerHelper.scala:80
26/05/28 14:32:25 INFO DAGScheduler: Got job 19 ($anonfun$withNewExecutionId0$11 at MemoryTrackerHelper.scala:80) with 1024 output partitions
26/05/28 14:32:25 INFO DAGScheduler: Final stage: ResultStage 19 ($anonfun$withNewExecutionId0$11 at MemoryTrackerHelper.scala:80)
26/05/28 14:32:25 INFO DAGScheduler: Parents of final stage: List()
26/05/28 14:32:25 INFO DAGScheduler: Missing parents: List()
26/05/28 14:32:25 INFO DAGScheduler: Submitting ResultStage 19 (MapPartitionsRDD[196] at $anonfun$withNewExecutionId0$11 at MemoryTrackerHelper.scala:80), which has no missing parents
26/05/28 14:32:25 INFO DAGScheduler: Submitting 1024 missing tasks from ResultStage 19 (MapPartitionsRDD[196] at $anonfun$withNewExecutionId0$11 at MemoryTrackerHelper.scala:80) (first 15 tasks are for partitions Vector(0, 1, 2, 3, 4, 5, 6, 7, 8, 9, 10, 11, 12, 13, 14))
26/05/28 14:32:25 INFO TaskSchedulerImpl: Adding task set 19.0 with 1024 tasks resource profile 0
26/05/28 14:32:25 INFO TaskSetManager: TaskSet 19.0 using PreferredLocationsV1
26/05/28 14:32:25 WARN FairSchedulableBuilder: A job was submitted with scheduler pool 1779959225425, which has not been configured. This can happen when the file that pools are read from isn't set, or when that file doesn't contain 1779959225425. Created 1779959225425 with default configuration (schedulingMode: FIFO, minShare: 0, weight: 1
26/05/28 14:32:25 INFO FairSchedulableBuilder: Added task set TaskSet_19.0 tasks to pool 1779959225425
26/05/28 14:32:25 INFO TaskSetManager: Starting task 0.0 in stage 19.0 (TID 8358) (10.255.70.115,executor 28, partition 0, PROCESS_LOCAL, 
26/05/28 14:32:25 INFO TaskSetManager: Starting task 1.0 in stage 19.0 (TID 8359) (10.255.66.241,executor 15, partition 1, PROCESS_LOCAL, 
26/05/28 14:32:25 INFO TaskSetManager: Starting task 2.0 in stage 19.0 (TID 8360) (10.255.85.108,executor 24, partition 2, PROCESS_LOCAL, 
26/05/28 14:32:25 INFO TaskSetManager: Starting task 3.0 in stage 19.0 (TID 8361) (10.255.64.190,executor 16, partition 3, PROCESS_LOCAL, 
26/05/28 14:32:25 INFO TaskSetManager: Starting task 4.0 in stage 19.0 (TID 8362) (10.255.72.249,executor 5, partition 4, PROCESS_LOCAL, 
26/05/28 14:32:25 INFO TaskSetManager: Starting task 5.0 in stage 19.0 (TID 8363) (10.255.74.59,executor 4, partition 5, PROCESS_LOCAL, 
26/05/28 14:32:25 INFO TaskSetManager: Starting task 6.0 in stage 19.0 (TID 8364) (10.255.70.40,executor 20, partition 6, PROCESS_LOCAL, 
26/05/28 14:32:25 INFO TaskSetManager: Starting task 7.0 in stage 19.0 (TID 8365) (10.255.74.50,executor 33, partition 7, PROCESS_LOCAL, 
26/05/28 14:32:25 INFO TaskSetManager: Starting task 8.0 in stage 19.0 (TID 8366) (10.255.86.213,executor 11, partition 8, PROCESS_LOCAL, 
26/05/28 14:32:25 INFO TaskSetManager: Starting task 9.0 in stage 19.0 (TID 8367) (10.255.82.104,executor 26, partition 9, PROCESS_LOCAL, 
26/05/28 14:32:25 INFO TaskSetManager: Starting task 10.0 in stage 19.0 (TID 8368) (10.255.92.36,executor 1, partition 10, PROCESS_LOCAL, 
26/05/28 14:32:25 INFO TaskSetManager: Starting task 11.0 in stage 19.0 (TID 8369) (10.255.79.106,executor 14, partition 11, PROCESS_LOCAL, 
26/05/28 14:32:25 INFO TaskSetManager: Starting task 12.0 in stage 19.0 (TID 8370) (10.255.94.172,executor 17, partition 12, PROCESS_LOCAL, 
26/05/28 14:32:25 INFO TaskSetManager: Starting task 13.0 in stage 19.0 (TID 8371) (10.255.82.96,executor 32, partition 13, PROCESS_LOCAL, 
26/05/28 14:32:25 INFO TaskSetManager: Starting task 14.0 in stage 19.0 (TID 8372) (10.255.90.96,executor 2, partition 14, PROCESS_LOCAL, 
26/05/28 14:32:25 INFO TaskSetManager: Starting task 15.0 in stage 19.0 (TID 8373) (10.255.77.249,executor 18, partition 15, PROCESS_LOCAL, 
26/05/28 14:32:25 INFO TaskSetManager: Starting task 16.0 in stage 19.0 (TID 8374) (10.255.79.209,executor 30, partition 16, PROCESS_LOCAL, 
26/05/28 14:32:25 INFO TaskSetManager: Starting task 17.0 in stage 19.0 (TID 8375) (10.255.87.71,executor 10, partition 17, PROCESS_LOCAL, 
26/05/28 14:32:25 INFO TaskSetManager: Starting task 18.0 in stage 19.0 (TID 8376) (10.255.76.16,executor 19, partition 18, PROCESS_LOCAL, 
26/05/28 14:32:25 INFO TaskSetManager: Starting task 19.0 in stage 19.0 (TID 8377) (10.255.82.150,executor 13, partition 19, PROCESS_LOCAL, 
26/05/28 14:32:25 INFO TaskSetManager: Starting task 20.0 in stage 19.0 (TID 8378) (10.255.68.53,executor 21, partition 20, PROCESS_LOCAL, 
26/05/28 14:32:25 INFO TaskSetManager: Starting task 21.0 in stage 19.0 (TID 8379) (10.255.71.90,executor 6, partition 21, PROCESS_LOCAL, 
26/05/28 14:32:25 INFO TaskSetManager: Starting task 22.0 in stage 19.0 (TID 8380) (10.255.69.10,executor 27, partition 22, PROCESS_LOCAL, 
26/05/28 14:32:25 INFO TaskSetManager: Starting task 23.0 in stage 19.0 (TID 8381) (10.255.90.38,executor 31, partition 23, PROCESS_LOCAL, 
26/05/28 14:32:25 INFO TaskSetManager: Starting task 24.0 in stage 19.0 (TID 8382) (10.255.88.48,executor 9, partition 24, PROCESS_LOCAL, 
26/05/28 14:32:25 INFO TaskSetManager: Starting task 25.0 in stage 19.0 (TID 8383) (10.255.81.155,executor 3, partition 25, PROCESS_LOCAL, 
26/05/28 14:32:25 INFO TaskSetManager: Starting task 26.0 in stage 19.0 (TID 8384) (10.255.90.214,executor 0, partition 26, PROCESS_LOCAL, 
26/05/28 14:32:25 INFO TaskSetManager: Starting task 27.0 in stage 19.0 (TID 8385) (10.255.88.132,executor 34, partition 27, PROCESS_LOCAL, 
26/05/28 14:32:25 INFO TaskSetManager: Starting task 28.0 in stage 19.0 (TID 8386) (10.255.85.154,executor 23, partition 28, PROCESS_LOCAL, 
26/05/28 14:32:25 INFO TaskSetManager: Starting task 29.0 in stage 19.0 (TID 8387) (10.255.85.41,executor 12, partition 29, PROCESS_LOCAL, 
26/05/28 14:32:25 INFO TaskSetManager: Starting task 30.0 in stage 19.0 (TID 8388) (10.255.94.66,executor 29, partition 30, PROCESS_LOCAL, 
26/05/28 14:32:25 INFO TaskSetManager: Starting task 31.0 in stage 19.0 (TID 8389) (10.255.89.71,executor 7, partition 31, PROCESS_LOCAL, 
26/05/28 14:32:25 INFO TaskSetManager: Starting task 32.0 in stage 19.0 (TID 8390) (10.255.89.57,executor 8, partition 32, PROCESS_LOCAL, 
26/05/28 14:32:25 INFO TaskSetManager: Starting task 33.0 in stage 19.0 (TID 8391) (10.255.77.87,executor 25, partition 33, PROCESS_LOCAL, 
26/05/28 14:32:25 INFO TaskSetManager: Starting task 34.0 in stage 19.0 (TID 8392) (10.255.84.128,executor 22, partition 34, PROCESS_LOCAL, 
26/05/28 14:32:25 INFO TaskSetManager: Starting task 35.0 in stage 19.0 (TID 8393) (10.255.70.115,executor 28, partition 35, PROCESS_LOCAL, 
26/05/28 14:32:25 INFO TaskSetManager: Starting task 36.0 in stage 19.0 (TID 8394) (10.255.66.241,executor 15, partition 36, PROCESS_LOCAL, 
26/05/28 14:32:25 INFO TaskSetManager: Starting task 37.0 in stage 19.0 (TID 8395) (10.255.85.108,executor 24, partition 37, PROCESS_LOCAL, 
26/05/28 14:32:25 INFO TaskSetManager: Starting task 38.0 in stage 19.0 (TID 8396) (10.255.64.190,executor 16, partition 38, PROCESS_LOCAL, 
26/05/28 14:32:25 INFO TaskSetManager: Starting task 39.0 in stage 19.0 (TID 8397) (10.255.72.249,executor 5, partition 39, PROCESS_LOCAL, 
26/05/28 14:32:25 INFO TaskSetManager: Starting task 40.0 in stage 19.0 (TID 8398) (10.255.74.59,executor 4, partition 40, PROCESS_LOCAL, 
26/05/28 14:32:25 INFO TaskSetManager: Starting task 41.0 in stage 19.0 (TID 8399) (10.255.70.40,executor 20, partition 41, PROCESS_LOCAL, 
26/05/28 14:32:25 INFO TaskSetManager: Starting task 42.0 in stage 19.0 (TID 8400) (10.255.74.50,executor 33, partition 42, PROCESS_LOCAL, 
26/05/28 14:32:25 INFO TaskSetManager: Starting task 43.0 in stage 19.0 (TID 8401) (10.255.86.213,executor 11, partition 43, PROCESS_LOCAL, 
26/05/28 14:32:25 INFO TaskSetManager: Starting task 44.0 in stage 19.0 (TID 8402) (10.255.82.104,executor 26, partition 44, PROCESS_LOCAL, 
26/05/28 14:32:25 INFO TaskSetManager: Starting task 45.0 in stage 19.0 (TID 8403) (10.255.92.36,executor 1, partition 45, PROCESS_LOCAL, 
26/05/28 14:32:25 INFO TaskSetManager: Starting task 46.0 in stage 19.0 (TID 8404) (10.255.79.106,executor 14, partition 46, PROCESS_LOCAL, 
26/05/28 14:32:25 INFO TaskSetManager: Starting task 47.0 in stage 19.0 (TID 8405) (10.255.94.172,executor 17, partition 47, PROCESS_LOCAL, 
26/05/28 14:32:25 INFO TaskSetManager: Starting task 48.0 in stage 19.0 (TID 8406) (10.255.82.96,executor 32, partition 48, PROCESS_LOCAL, 
26/05/28 14:32:25 INFO TaskSetManager: Starting task 49.0 in stage 19.0 (TID 8407) (10.255.90.96,executor 2, partition 49, PROCESS_LOCAL, 
26/05/28 14:32:25 INFO TaskSetManager: Starting task 50.0 in stage 19.0 (TID 8408) (10.255.77.249,executor 18, partition 50, PROCESS_LOCAL, 
26/05/28 14:32:25 INFO TaskSetManager: Starting task 51.0 in stage 19.0 (TID 8409) (10.255.79.209,executor 30, partition 51, PROCESS_LOCAL, 
26/05/28 14:32:25 INFO TaskSetManager: Starting task 52.0 in stage 19.0 (TID 8410) (10.255.87.71,executor 10, partition 52, PROCESS_LOCAL, 
26/05/28 14:32:25 INFO TaskSetManager: Starting task 53.0 in stage 19.0 (TID 8411) (10.255.76.16,executor 19, partition 53, PROCESS_LOCAL, 
26/05/28 14:32:25 INFO TaskSetManager: Starting task 54.0 in stage 19.0 (TID 8412) (10.255.82.150,executor 13, partition 54, PROCESS_LOCAL, 
26/05/28 14:32:25 INFO TaskSetManager: Starting task 55.0 in stage 19.0 (TID 8413) (10.255.68.53,executor 21, partition 55, PROCESS_LOCAL, 
26/05/28 14:32:25 INFO TaskSetManager: Starting task 56.0 in stage 19.0 (TID 8414) (10.255.71.90,executor 6, partition 56, PROCESS_LOCAL, 
26/05/28 14:32:25 INFO TaskSetManager: Starting task 57.0 in stage 19.0 (TID 8415) (10.255.69.10,executor 27, partition 57, PROCESS_LOCAL, 
26/05/28 14:32:25 INFO TaskSetManager: Starting task 58.0 in stage 19.0 (TID 8416) (10.255.90.38,executor 31, partition 58, PROCESS_LOCAL, 
26/05/28 14:32:25 INFO TaskSetManager: Starting task 59.0 in stage 19.0 (TID 8417) (10.255.88.48,executor 9, partition 59, PROCESS_LOCAL, 
26/05/28 14:32:25 INFO TaskSetManager: Starting task 60.0 in stage 19.0 (TID 8418) (10.255.81.155,executor 3, partition 60, PROCESS_LOCAL, 
26/05/28 14:32:25 INFO TaskSetManager: Starting task 61.0 in stage 19.0 (TID 8419) (10.255.90.214,executor 0, partition 61, PROCESS_LOCAL, 
26/05/28 14:32:25 INFO TaskSetManager: Starting task 62.0 in stage 19.0 (TID 8420) (10.255.88.132,executor 34, partition 62, PROCESS_LOCAL, 
26/05/28 14:32:25 INFO TaskSetManager: Starting task 63.0 in stage 19.0 (TID 8421) (10.255.85.154,executor 23, partition 63, PROCESS_LOCAL, 
26/05/28 14:32:25 INFO TaskSetManager: Starting task 64.0 in stage 19.0 (TID 8422) (10.255.85.41,executor 12, partition 64, PROCESS_LOCAL, 
26/05/28 14:32:25 INFO TaskSetManager: Starting task 65.0 in stage 19.0 (TID 8423) (10.255.94.66,executor 29, partition 65, PROCESS_LOCAL, 
26/05/28 14:32:25 INFO TaskSetManager: Starting task 66.0 in stage 19.0 (TID 8424) (10.255.89.71,executor 7, partition 66, PROCESS_LOCAL, 
26/05/28 14:32:25 INFO TaskSetManager: Starting task 67.0 in stage 19.0 (TID 8425) (10.255.89.57,executor 8, partition 67, PROCESS_LOCAL, 
26/05/28 14:32:25 INFO TaskSetManager: Starting task 68.0 in stage 19.0 (TID 8426) (10.255.77.87,executor 25, partition 68, PROCESS_LOCAL, 
26/05/28 14:32:25 INFO TaskSetManager: Starting task 69.0 in stage 19.0 (TID 8427) (10.255.84.128,executor 22, partition 69, PROCESS_LOCAL, 
26/05/28 14:32:25 INFO TaskSetManager: Starting task 70.0 in stage 19.0 (TID 8428) (10.255.70.115,executor 28, partition 70, PROCESS_LOCAL, 
26/05/28 14:32:25 INFO TaskSetManager: Starting task 71.0 in stage 19.0 (TID 8429) (10.255.66.241,executor 15, partition 71, PROCESS_LOCAL, 
26/05/28 14:32:25 INFO TaskSetManager: Starting task 72.0 in stage 19.0 (TID 8430) (10.255.85.108,executor 24, partition 72, PROCESS_LOCAL, 
26/05/28 14:32:25 INFO TaskSetManager: Starting task 73.0 in stage 19.0 (TID 8431) (10.255.64.190,executor 16, partition 73, PROCESS_LOCAL, 
26/05/28 14:32:25 INFO TaskSetManager: Starting task 74.0 in stage 19.0 (TID 8432) (10.255.72.249,executor 5, partition 74, PROCESS_LOCAL, 
26/05/28 14:32:25 INFO TaskSetManager: Starting task 75.0 in stage 19.0 (TID 8433) (10.255.74.59,executor 4, partition 75, PROCESS_LOCAL, 
26/05/28 14:32:25 INFO TaskSetManager: Starting task 76.0 in stage 19.0 (TID 8434) (10.255.70.40,executor 20, partition 76, PROCESS_LOCAL, 
26/05/28 14:32:25 INFO TaskSetManager: Starting task 77.0 in stage 19.0 (TID 8435) (10.255.74.50,executor 33, partition 77, PROCESS_LOCAL, 
26/05/28 14:32:25 INFO TaskSetManager: Starting task 78.0 in stage 19.0 (TID 8436) (10.255.86.213,executor 11, partition 78, PROCESS_LOCAL, 
26/05/28 14:32:25 INFO TaskSetManager: Starting task 79.0 in stage 19.0 (TID 8437) (10.255.82.104,executor 26, partition 79, PROCESS_LOCAL, 
26/05/28 14:32:25 INFO TaskSetManager: Starting task 80.0 in stage 19.0 (TID 8438) (10.255.92.36,executor 1, partition 80, PROCESS_LOCAL, 
26/05/28 14:32:25 INFO TaskSetManager: Starting task 81.0 in stage 19.0 (TID 8439) (10.255.79.106,executor 14, partition 81, PROCESS_LOCAL, 
26/05/28 14:32:25 INFO TaskSetManager: Starting task 82.0 in stage 19.0 (TID 8440) (10.255.94.172,executor 17, partition 82, PROCESS_LOCAL, 
26/05/28 14:32:25 INFO TaskSetManager: Starting task 83.0 in stage 19.0 (TID 8441) (10.255.82.96,executor 32, partition 83, PROCESS_LOCAL, 
26/05/28 14:32:25 INFO TaskSetManager: Starting task 84.0 in stage 19.0 (TID 8442) (10.255.90.96,executor 2, partition 84, PROCESS_LOCAL, 
26/05/28 14:32:25 INFO TaskSetManager: Starting task 85.0 in stage 19.0 (TID 8443) (10.255.77.249,executor 18, partition 85, PROCESS_LOCAL, 
26/05/28 14:32:25 INFO TaskSetManager: Starting task 86.0 in stage 19.0 (TID 8444) (10.255.79.209,executor 30, partition 86, PROCESS_LOCAL, 
26/05/28 14:32:25 INFO TaskSetManager: Starting task 87.0 in stage 19.0 (TID 8445) (10.255.87.71,executor 10, partition 87, PROCESS_LOCAL, 
26/05/28 14:32:25 INFO TaskSetManager: Starting task 88.0 in stage 19.0 (TID 8446) (10.255.76.16,executor 19, partition 88, PROCESS_LOCAL, 
26/05/28 14:32:25 INFO TaskSetManager: Starting task 89.0 in stage 19.0 (TID 8447) (10.255.82.150,executor 13, partition 89, PROCESS_LOCAL, 
26/05/28 14:32:25 INFO TaskSetManager: Starting task 90.0 in stage 19.0 (TID 8448) (10.255.68.53,executor 21, partition 90, PROCESS_LOCAL, 
26/05/28 14:32:25 INFO TaskSetManager: Starting task 91.0 in stage 19.0 (TID 8449) (10.255.71.90,executor 6, partition 91, PROCESS_LOCAL, 
26/05/28 14:32:25 INFO TaskSetManager: Starting task 92.0 in stage 19.0 (TID 8450) (10.255.69.10,executor 27, partition 92, PROCESS_LOCAL, 
26/05/28 14:32:25 INFO TaskSetManager: Starting task 93.0 in stage 19.0 (TID 8451) (10.255.90.38,executor 31, partition 93, PROCESS_LOCAL, 
26/05/28 14:32:25 INFO TaskSetManager: Starting task 94.0 in stage 19.0 (TID 8452) (10.255.88.48,executor 9, partition 94, PROCESS_LOCAL, 
26/05/28 14:32:25 INFO TaskSetManager: Starting task 95.0 in stage 19.0 (TID 8453) (10.255.81.155,executor 3, partition 95, PROCESS_LOCAL, 
26/05/28 14:32:25 INFO TaskSetManager: Starting task 96.0 in stage 19.0 (TID 8454) (10.255.90.214,executor 0, partition 96, PROCESS_LOCAL, 
26/05/28 14:32:25 INFO TaskSetManager: Starting task 97.0 in stage 19.0 (TID 8455) (10.255.88.132,executor 34, partition 97, PROCESS_LOCAL, 
26/05/28 14:32:25 INFO TaskSetManager: Starting task 98.0 in stage 19.0 (TID 8456) (10.255.85.154,executor 23, partition 98, PROCESS_LOCAL, 
26/05/28 14:32:25 INFO TaskSetManager: Starting task 99.0 in stage 19.0 (TID 8457) (10.255.85.41,executor 12, partition 99, PROCESS_LOCAL, 
26/05/28 14:32:25 INFO TaskSetManager: Starting task 100.0 in stage 19.0 (TID 8458) (10.255.94.66,executor 29, partition 100, PROCESS_LOCAL, 
26/05/28 14:32:25 INFO TaskSetManager: Starting task 101.0 in stage 19.0 (TID 8459) (10.255.89.71,executor 7, partition 101, PROCESS_LOCAL, 
26/05/28 14:32:25 INFO TaskSetManager: Starting task 102.0 in stage 19.0 (TID 8460) (10.255.89.57,executor 8, partition 102, PROCESS_LOCAL, 
26/05/28 14:32:25 INFO TaskSetManager: Starting task 103.0 in stage 19.0 (TID 8461) (10.255.77.87,executor 25, partition 103, PROCESS_LOCAL, 
26/05/28 14:32:25 INFO TaskSetManager: Starting task 104.0 in stage 19.0 (TID 8462) (10.255.84.128,executor 22, partition 104, PROCESS_LOCAL, 
26/05/28 14:32:25 INFO TaskSetManager: Starting task 105.0 in stage 19.0 (TID 8463) (10.255.70.115,executor 28, partition 105, PROCESS_LOCAL, 
26/05/28 14:32:25 INFO TaskSetManager: Starting task 106.0 in stage 19.0 (TID 8464) (10.255.66.241,executor 15, partition 106, PROCESS_LOCAL, 
26/05/28 14:32:25 INFO TaskSetManager: Starting task 107.0 in stage 19.0 (TID 8465) (10.255.85.108,executor 24, partition 107, PROCESS_LOCAL, 
26/05/28 14:32:25 INFO TaskSetManager: Starting task 108.0 in stage 19.0 (TID 8466) (10.255.64.190,executor 16, partition 108, PROCESS_LOCAL, 
26/05/28 14:32:25 INFO TaskSetManager: Starting task 109.0 in stage 19.0 (TID 8467) (10.255.72.249,executor 5, partition 109, PROCESS_LOCAL, 
26/05/28 14:32:25 INFO TaskSetManager: Starting task 110.0 in stage 19.0 (TID 8468) (10.255.74.59,executor 4, partition 110, PROCESS_LOCAL, 
26/05/28 14:32:25 INFO TaskSetManager: Starting task 111.0 in stage 19.0 (TID 8469) (10.255.70.40,executor 20, partition 111, PROCESS_LOCAL, 
26/05/28 14:32:25 INFO TaskSetManager: Starting task 112.0 in stage 19.0 (TID 8470) (10.255.74.50,executor 33, partition 112, PROCESS_LOCAL, 
26/05/28 14:32:25 INFO TaskSetManager: Starting task 113.0 in stage 19.0 (TID 8471) (10.255.86.213,executor 11, partition 113, PROCESS_LOCAL, 
26/05/28 14:32:25 INFO TaskSetManager: Starting task 114.0 in stage 19.0 (TID 8472) (10.255.82.104,executor 26, partition 114, PROCESS_LOCAL, 
26/05/28 14:32:25 INFO TaskSetManager: Starting task 115.0 in stage 19.0 (TID 8473) (10.255.92.36,executor 1, partition 115, PROCESS_LOCAL, 
26/05/28 14:32:25 INFO TaskSetManager: Starting task 116.0 in stage 19.0 (TID 8474) (10.255.79.106,executor 14, partition 116, PROCESS_LOCAL, 
26/05/28 14:32:25 INFO TaskSetManager: Starting task 117.0 in stage 19.0 (TID 8475) (10.255.94.172,executor 17, partition 117, PROCESS_LOCAL, 
26/05/28 14:32:25 INFO TaskSetManager: Starting task 118.0 in stage 19.0 (TID 8476) (10.255.82.96,executor 32, partition 118, PROCESS_LOCAL, 
26/05/28 14:32:25 INFO TaskSetManager: Starting task 119.0 in stage 19.0 (TID 8477) (10.255.90.96,executor 2, partition 119, PROCESS_LOCAL, 
26/05/28 14:32:25 INFO TaskSetManager: Starting task 120.0 in stage 19.0 (TID 8478) (10.255.77.249,executor 18, partition 120, PROCESS_LOCAL, 
26/05/28 14:32:25 INFO TaskSetManager: Starting task 121.0 in stage 19.0 (TID 8479) (10.255.79.209,executor 30, partition 121, PROCESS_LOCAL, 
26/05/28 14:32:25 INFO TaskSetManager: Starting task 122.0 in stage 19.0 (TID 8480) (10.255.87.71,executor 10, partition 122, PROCESS_LOCAL, 
26/05/28 14:32:25 INFO TaskSetManager: Starting task 123.0 in stage 19.0 (TID 8481) (10.255.76.16,executor 19, partition 123, PROCESS_LOCAL, 
26/05/28 14:32:25 INFO TaskSetManager: Starting task 124.0 in stage 19.0 (TID 8482) (10.255.82.150,executor 13, partition 124, PROCESS_LOCAL, 
26/05/28 14:32:25 INFO TaskSetManager: Starting task 125.0 in stage 19.0 (TID 8483) (10.255.68.53,executor 21, partition 125, PROCESS_LOCAL, 
26/05/28 14:32:25 INFO TaskSetManager: Starting task 126.0 in stage 19.0 (TID 8484) (10.255.71.90,executor 6, partition 126, PROCESS_LOCAL, 
26/05/28 14:32:25 INFO TaskSetManager: Starting task 127.0 in stage 19.0 (TID 8485) (10.255.69.10,executor 27, partition 127, PROCESS_LOCAL, 
26/05/28 14:32:25 INFO TaskSetManager: Starting task 128.0 in stage 19.0 (TID 8486) (10.255.90.38,executor 31, partition 128, PROCESS_LOCAL, 
26/05/28 14:32:25 INFO TaskSetManager: Starting task 129.0 in stage 19.0 (TID 8487) (10.255.88.48,executor 9, partition 129, PROCESS_LOCAL, 
26/05/28 14:32:25 INFO TaskSetManager: Starting task 130.0 in stage 19.0 (TID 8488) (10.255.81.155,executor 3, partition 130, PROCESS_LOCAL, 
26/05/28 14:32:25 INFO TaskSetManager: Starting task 131.0 in stage 19.0 (TID 8489) (10.255.90.214,executor 0, partition 131, PROCESS_LOCAL, 
26/05/28 14:32:25 INFO TaskSetManager: Starting task 132.0 in stage 19.0 (TID 8490) (10.255.88.132,executor 34, partition 132, PROCESS_LOCAL, 
26/05/28 14:32:25 INFO TaskSetManager: Starting task 133.0 in stage 19.0 (TID 8491) (10.255.85.154,executor 23, partition 133, PROCESS_LOCAL, 
26/05/28 14:32:25 INFO TaskSetManager: Starting task 134.0 in stage 19.0 (TID 8492) (10.255.85.41,executor 12, partition 134, PROCESS_LOCAL, 
26/05/28 14:32:25 INFO TaskSetManager: Starting task 135.0 in stage 19.0 (TID 8493) (10.255.94.66,executor 29, partition 135, PROCESS_LOCAL, 
26/05/28 14:32:25 INFO TaskSetManager: Starting task 136.0 in stage 19.0 (TID 8494) (10.255.89.71,executor 7, partition 136, PROCESS_LOCAL, 
26/05/28 14:32:25 INFO TaskSetManager: Starting task 137.0 in stage 19.0 (TID 8495) (10.255.89.57,executor 8, partition 137, PROCESS_LOCAL, 
26/05/28 14:32:25 INFO TaskSetManager: Starting task 138.0 in stage 19.0 (TID 8496) (10.255.77.87,executor 25, partition 138, PROCESS_LOCAL, 
26/05/28 14:32:25 INFO TaskSetManager: Starting task 139.0 in stage 19.0 (TID 8497) (10.255.84.128,executor 22, partition 139, PROCESS_LOCAL, 
26/05/28 14:32:25 INFO TaskSetManager: Starting task 140.0 in stage 19.0 (TID 8498) (10.255.70.115,executor 28, partition 140, PROCESS_LOCAL, 
26/05/28 14:32:25 INFO TaskSetManager: Starting task 141.0 in stage 19.0 (TID 8499) (10.255.66.241,executor 15, partition 141, PROCESS_LOCAL, 
26/05/28 14:32:25 INFO TaskSetManager: Starting task 142.0 in stage 19.0 (TID 8500) (10.255.85.108,executor 24, partition 142, PROCESS_LOCAL, 
26/05/28 14:32:25 INFO TaskSetManager: Starting task 143.0 in stage 19.0 (TID 8501) (10.255.64.190,executor 16, partition 143, PROCESS_LOCAL, 
26/05/28 14:32:25 INFO TaskSetManager: Starting task 144.0 in stage 19.0 (TID 8502) (10.255.72.249,executor 5, partition 144, PROCESS_LOCAL, 
26/05/28 14:32:25 INFO TaskSetManager: Starting task 145.0 in stage 19.0 (TID 8503) (10.255.74.59,executor 4, partition 145, PROCESS_LOCAL, 
26/05/28 14:32:25 INFO TaskSetManager: Starting task 146.0 in stage 19.0 (TID 8504) (10.255.70.40,executor 20, partition 146, PROCESS_LOCAL, 
26/05/28 14:32:25 INFO TaskSetManager: Starting task 147.0 in stage 19.0 (TID 8505) (10.255.74.50,executor 33, partition 147, PROCESS_LOCAL, 
26/05/28 14:32:25 INFO TaskSetManager: Starting task 148.0 in stage 19.0 (TID 8506) (10.255.86.213,executor 11, partition 148, PROCESS_LOCAL, 
26/05/28 14:32:25 INFO TaskSetManager: Starting task 149.0 in stage 19.0 (TID 8507) (10.255.82.104,executor 26, partition 149, PROCESS_LOCAL, 
26/05/28 14:32:25 INFO TaskSetManager: Starting task 150.0 in stage 19.0 (TID 8508) (10.255.92.36,executor 1, partition 150, PROCESS_LOCAL, 
26/05/28 14:32:25 INFO TaskSetManager: Starting task 151.0 in stage 19.0 (TID 8509) (10.255.79.106,executor 14, partition 151, PROCESS_LOCAL, 
26/05/28 14:32:25 INFO TaskSetManager: Starting task 152.0 in stage 19.0 (TID 8510) (10.255.94.172,executor 17, partition 152, PROCESS_LOCAL, 
26/05/28 14:32:25 INFO TaskSetManager: Starting task 153.0 in stage 19.0 (TID 8511) (10.255.82.96,executor 32, partition 153, PROCESS_LOCAL, 
26/05/28 14:32:25 INFO TaskSetManager: Starting task 154.0 in stage 19.0 (TID 8512) (10.255.90.96,executor 2, partition 154, PROCESS_LOCAL, 
26/05/28 14:32:25 INFO TaskSetManager: Starting task 155.0 in stage 19.0 (TID 8513) (10.255.77.249,executor 18, partition 155, PROCESS_LOCAL, 
26/05/28 14:32:25 INFO TaskSetManager: Starting task 156.0 in stage 19.0 (TID 8514) (10.255.79.209,executor 30, partition 156, PROCESS_LOCAL, 
26/05/28 14:32:25 INFO TaskSetManager: Starting task 157.0 in stage 19.0 (TID 8515) (10.255.87.71,executor 10, partition 157, PROCESS_LOCAL, 
26/05/28 14:32:25 INFO TaskSetManager: Starting task 158.0 in stage 19.0 (TID 8516) (10.255.76.16,executor 19, partition 158, PROCESS_LOCAL, 
26/05/28 14:32:25 INFO TaskSetManager: Starting task 159.0 in stage 19.0 (TID 8517) (10.255.82.150,executor 13, partition 159, PROCESS_LOCAL, 
26/05/28 14:32:25 INFO TaskSetManager: Starting task 160.0 in stage 19.0 (TID 8518) (10.255.68.53,executor 21, partition 160, PROCESS_LOCAL, 
26/05/28 14:32:25 INFO TaskSetManager: Starting task 161.0 in stage 19.0 (TID 8519) (10.255.71.90,executor 6, partition 161, PROCESS_LOCAL, 
26/05/28 14:32:25 INFO TaskSetManager: Starting task 162.0 in stage 19.0 (TID 8520) (10.255.69.10,executor 27, partition 162, PROCESS_LOCAL, 
26/05/28 14:32:25 INFO TaskSetManager: Starting task 163.0 in stage 19.0 (TID 8521) (10.255.90.38,executor 31, partition 163, PROCESS_LOCAL, 
26/05/28 14:32:25 INFO TaskSetManager: Starting task 164.0 in stage 19.0 (TID 8522) (10.255.88.48,executor 9, partition 164, PROCESS_LOCAL, 
26/05/28 14:32:25 INFO TaskSetManager: Starting task 165.0 in stage 19.0 (TID 8523) (10.255.81.155,executor 3, partition 165, PROCESS_LOCAL, 
26/05/28 14:32:25 INFO TaskSetManager: Starting task 166.0 in stage 19.0 (TID 8524) (10.255.90.214,executor 0, partition 166, PROCESS_LOCAL, 
26/05/28 14:32:25 INFO TaskSetManager: Starting task 167.0 in stage 19.0 (TID 8525) (10.255.88.132,executor 34, partition 167, PROCESS_LOCAL, 
26/05/28 14:32:25 INFO TaskSetManager: Starting task 168.0 in stage 19.0 (TID 8526) (10.255.85.154,executor 23, partition 168, PROCESS_LOCAL, 
26/05/28 14:32:25 INFO TaskSetManager: Starting task 169.0 in stage 19.0 (TID 8527) (10.255.85.41,executor 12, partition 169, PROCESS_LOCAL, 
26/05/28 14:32:25 INFO TaskSetManager: Starting task 170.0 in stage 19.0 (TID 8528) (10.255.94.66,executor 29, partition 170, PROCESS_LOCAL, 
26/05/28 14:32:25 INFO TaskSetManager: Starting task 171.0 in stage 19.0 (TID 8529) (10.255.89.71,executor 7, partition 171, PROCESS_LOCAL, 
26/05/28 14:32:25 INFO TaskSetManager: Starting task 172.0 in stage 19.0 (TID 8530) (10.255.89.57,executor 8, partition 172, PROCESS_LOCAL, 
26/05/28 14:32:25 INFO TaskSetManager: Starting task 173.0 in stage 19.0 (TID 8531) (10.255.77.87,executor 25, partition 173, PROCESS_LOCAL, 
26/05/28 14:32:25 INFO TaskSetManager: Starting task 174.0 in stage 19.0 (TID 8532) (10.255.84.128,executor 22, partition 174, PROCESS_LOCAL, 
26/05/28 14:32:25 INFO TaskSetManager: Starting task 175.0 in stage 19.0 (TID 8533) (10.255.70.115,executor 28, partition 175, PROCESS_LOCAL, 
26/05/28 14:32:25 INFO TaskSetManager: Starting task 176.0 in stage 19.0 (TID 8534) (10.255.66.241,executor 15, partition 176, PROCESS_LOCAL, 
26/05/28 14:32:25 INFO TaskSetManager: Starting task 177.0 in stage 19.0 (TID 8535) (10.255.85.108,executor 24, partition 177, PROCESS_LOCAL, 
26/05/28 14:32:25 INFO TaskSetManager: Starting task 178.0 in stage 19.0 (TID 8536) (10.255.64.190,executor 16, partition 178, PROCESS_LOCAL, 
26/05/28 14:32:25 INFO TaskSetManager: Starting task 179.0 in stage 19.0 (TID 8537) (10.255.72.249,executor 5, partition 179, PROCESS_LOCAL, 
26/05/28 14:32:25 INFO TaskSetManager: Starting task 180.0 in stage 19.0 (TID 8538) (10.255.74.59,executor 4, partition 180, PROCESS_LOCAL, 
26/05/28 14:32:25 INFO TaskSetManager: Starting task 181.0 in stage 19.0 (TID 8539) (10.255.70.40,executor 20, partition 181, PROCESS_LOCAL, 
26/05/28 14:32:25 INFO TaskSetManager: Starting task 182.0 in stage 19.0 (TID 8540) (10.255.74.50,executor 33, partition 182, PROCESS_LOCAL, 
26/05/28 14:32:25 INFO TaskSetManager: Starting task 183.0 in stage 19.0 (TID 8541) (10.255.86.213,executor 11, partition 183, PROCESS_LOCAL, 
26/05/28 14:32:25 INFO TaskSetManager: Starting task 184.0 in stage 19.0 (TID 8542) (10.255.82.104,executor 26, partition 184, PROCESS_LOCAL, 
26/05/28 14:32:25 INFO TaskSetManager: Starting task 185.0 in stage 19.0 (TID 8543) (10.255.92.36,executor 1, partition 185, PROCESS_LOCAL, 
26/05/28 14:32:25 INFO TaskSetManager: Starting task 186.0 in stage 19.0 (TID 8544) (10.255.79.106,executor 14, partition 186, PROCESS_LOCAL, 
26/05/28 14:32:25 INFO TaskSetManager: Starting task 187.0 in stage 19.0 (TID 8545) (10.255.94.172,executor 17, partition 187, PROCESS_LOCAL, 
26/05/28 14:32:25 INFO TaskSetManager: Starting task 188.0 in stage 19.0 (TID 8546) (10.255.82.96,executor 32, partition 188, PROCESS_LOCAL, 
26/05/28 14:32:25 INFO TaskSetManager: Starting task 189.0 in stage 19.0 (TID 8547) (10.255.90.96,executor 2, partition 189, PROCESS_LOCAL, 
26/05/28 14:32:25 INFO TaskSetManager: Starting task 190.0 in stage 19.0 (TID 8548) (10.255.77.249,executor 18, partition 190, PROCESS_LOCAL, 
26/05/28 14:32:25 INFO TaskSetManager: Starting task 191.0 in stage 19.0 (TID 8549) (10.255.79.209,executor 30, partition 191, PROCESS_LOCAL, 
26/05/28 14:32:25 INFO TaskSetManager: Starting task 192.0 in stage 19.0 (TID 8550) (10.255.87.71,executor 10, partition 192, PROCESS_LOCAL, 
26/05/28 14:32:25 INFO TaskSetManager: Starting task 193.0 in stage 19.0 (TID 8551) (10.255.76.16,executor 19, partition 193, PROCESS_LOCAL, 
26/05/28 14:32:25 INFO TaskSetManager: Starting task 194.0 in stage 19.0 (TID 8552) (10.255.82.150,executor 13, partition 194, PROCESS_LOCAL, 
26/05/28 14:32:25 INFO TaskSetManager: Starting task 195.0 in stage 19.0 (TID 8553) (10.255.68.53,executor 21, partition 195, PROCESS_LOCAL, 
26/05/28 14:32:25 INFO TaskSetManager: Starting task 196.0 in stage 19.0 (TID 8554) (10.255.71.90,executor 6, partition 196, PROCESS_LOCAL, 
26/05/28 14:32:25 INFO TaskSetManager: Starting task 197.0 in stage 19.0 (TID 8555) (10.255.69.10,executor 27, partition 197, PROCESS_LOCAL, 
26/05/28 14:32:25 INFO TaskSetManager: Starting task 198.0 in stage 19.0 (TID 8556) (10.255.90.38,executor 31, partition 198, PROCESS_LOCAL, 
26/05/28 14:32:25 INFO TaskSetManager: Starting task 199.0 in stage 19.0 (TID 8557) (10.255.88.48,executor 9, partition 199, PROCESS_LOCAL, 
26/05/28 14:32:25 INFO TaskSetManager: Starting task 200.0 in stage 19.0 (TID 8558) (10.255.81.155,executor 3, partition 200, PROCESS_LOCAL, 
26/05/28 14:32:25 INFO TaskSetManager: Starting task 201.0 in stage 19.0 (TID 8559) (10.255.90.214,executor 0, partition 201, PROCESS_LOCAL, 
26/05/28 14:32:25 INFO TaskSetManager: Starting task 202.0 in stage 19.0 (TID 8560) (10.255.88.132,executor 34, partition 202, PROCESS_LOCAL, 
26/05/28 14:32:25 INFO TaskSetManager: Starting task 203.0 in stage 19.0 (TID 8561) (10.255.85.154,executor 23, partition 203, PROCESS_LOCAL, 
26/05/28 14:32:25 INFO TaskSetManager: Starting task 204.0 in stage 19.0 (TID 8562) (10.255.85.41,executor 12, partition 204, PROCESS_LOCAL, 
26/05/28 14:32:25 INFO TaskSetManager: Starting task 205.0 in stage 19.0 (TID 8563) (10.255.94.66,executor 29, partition 205, PROCESS_LOCAL, 
26/05/28 14:32:25 INFO TaskSetManager: Starting task 206.0 in stage 19.0 (TID 8564) (10.255.89.71,executor 7, partition 206, PROCESS_LOCAL, 
26/05/28 14:32:25 INFO TaskSetManager: Starting task 207.0 in stage 19.0 (TID 8565) (10.255.89.57,executor 8, partition 207, PROCESS_LOCAL, 
26/05/28 14:32:25 INFO TaskSetManager: Starting task 208.0 in stage 19.0 (TID 8566) (10.255.77.87,executor 25, partition 208, PROCESS_LOCAL, 
26/05/28 14:32:25 INFO TaskSetManager: Starting task 209.0 in stage 19.0 (TID 8567) (10.255.84.128,executor 22, partition 209, PROCESS_LOCAL, 
26/05/28 14:32:25 INFO TaskSetManager: Starting task 210.0 in stage 19.0 (TID 8568) (10.255.70.115,executor 28, partition 210, PROCESS_LOCAL, 
26/05/28 14:32:25 INFO TaskSetManager: Starting task 211.0 in stage 19.0 (TID 8569) (10.255.66.241,executor 15, partition 211, PROCESS_LOCAL, 
26/05/28 14:32:25 INFO TaskSetManager: Starting task 212.0 in stage 19.0 (TID 8570) (10.255.85.108,executor 24, partition 212, PROCESS_LOCAL, 
26/05/28 14:32:25 INFO TaskSetManager: Starting task 213.0 in stage 19.0 (TID 8571) (10.255.64.190,executor 16, partition 213, PROCESS_LOCAL, 
26/05/28 14:32:25 INFO TaskSetManager: Starting task 214.0 in stage 19.0 (TID 8572) (10.255.72.249,executor 5, partition 214, PROCESS_LOCAL, 
26/05/28 14:32:25 INFO TaskSetManager: Starting task 215.0 in stage 19.0 (TID 8573) (10.255.74.59,executor 4, partition 215, PROCESS_LOCAL, 
26/05/28 14:32:25 INFO TaskSetManager: Starting task 216.0 in stage 19.0 (TID 8574) (10.255.70.40,executor 20, partition 216, PROCESS_LOCAL, 
26/05/28 14:32:25 INFO TaskSetManager: Starting task 217.0 in stage 19.0 (TID 8575) (10.255.74.50,executor 33, partition 217, PROCESS_LOCAL, 
26/05/28 14:32:25 INFO TaskSetManager: Starting task 218.0 in stage 19.0 (TID 8576) (10.255.86.213,executor 11, partition 218, PROCESS_LOCAL, 
26/05/28 14:32:25 INFO TaskSetManager: Starting task 219.0 in stage 19.0 (TID 8577) (10.255.82.104,executor 26, partition 219, PROCESS_LOCAL, 
26/05/28 14:32:25 INFO TaskSetManager: Starting task 220.0 in stage 19.0 (TID 8578) (10.255.92.36,executor 1, partition 220, PROCESS_LOCAL, 
26/05/28 14:32:25 INFO TaskSetManager: Starting task 221.0 in stage 19.0 (TID 8579) (10.255.79.106,executor 14, partition 221, PROCESS_LOCAL, 
26/05/28 14:32:25 INFO TaskSetManager: Starting task 222.0 in stage 19.0 (TID 8580) (10.255.94.172,executor 17, partition 222, PROCESS_LOCAL, 
26/05/28 14:32:25 INFO TaskSetManager: Starting task 223.0 in stage 19.0 (TID 8581) (10.255.82.96,executor 32, partition 223, PROCESS_LOCAL, 
26/05/28 14:32:25 INFO TaskSetManager: Starting task 224.0 in stage 19.0 (TID 8582) (10.255.90.96,executor 2, partition 224, PROCESS_LOCAL, 
26/05/28 14:32:25 INFO TaskSetManager: Starting task 225.0 in stage 19.0 (TID 8583) (10.255.77.249,executor 18, partition 225, PROCESS_LOCAL, 
26/05/28 14:32:25 INFO TaskSetManager: Starting task 226.0 in stage 19.0 (TID 8584) (10.255.79.209,executor 30, partition 226, PROCESS_LOCAL, 
26/05/28 14:32:25 INFO TaskSetManager: Starting task 227.0 in stage 19.0 (TID 8585) (10.255.87.71,executor 10, partition 227, PROCESS_LOCAL, 
26/05/28 14:32:25 INFO TaskSetManager: Starting task 228.0 in stage 19.0 (TID 8586) (10.255.76.16,executor 19, partition 228, PROCESS_LOCAL, 
26/05/28 14:32:25 INFO TaskSetManager: Starting task 229.0 in stage 19.0 (TID 8587) (10.255.82.150,executor 13, partition 229, PROCESS_LOCAL, 
26/05/28 14:32:25 INFO TaskSetManager: Starting task 230.0 in stage 19.0 (TID 8588) (10.255.68.53,executor 21, partition 230, PROCESS_LOCAL, 
26/05/28 14:32:25 INFO TaskSetManager: Starting task 231.0 in stage 19.0 (TID 8589) (10.255.71.90,executor 6, partition 231, PROCESS_LOCAL, 
26/05/28 14:32:25 INFO TaskSetManager: Starting task 232.0 in stage 19.0 (TID 8590) (10.255.69.10,executor 27, partition 232, PROCESS_LOCAL, 
26/05/28 14:32:25 INFO TaskSetManager: Starting task 233.0 in stage 19.0 (TID 8591) (10.255.90.38,executor 31, partition 233, PROCESS_LOCAL, 
26/05/28 14:32:25 INFO TaskSetManager: Starting task 234.0 in stage 19.0 (TID 8592) (10.255.88.48,executor 9, partition 234, PROCESS_LOCAL, 
26/05/28 14:32:25 INFO TaskSetManager: Starting task 235.0 in stage 19.0 (TID 8593) (10.255.81.155,executor 3, partition 235, PROCESS_LOCAL, 
26/05/28 14:32:25 INFO TaskSetManager: Starting task 236.0 in stage 19.0 (TID 8594) (10.255.90.214,executor 0, partition 236, PROCESS_LOCAL, 
26/05/28 14:32:25 INFO TaskSetManager: Starting task 237.0 in stage 19.0 (TID 8595) (10.255.88.132,executor 34, partition 237, PROCESS_LOCAL, 
26/05/28 14:32:25 INFO TaskSetManager: Starting task 238.0 in stage 19.0 (TID 8596) (10.255.85.154,executor 23, partition 238, PROCESS_LOCAL, 
26/05/28 14:32:25 INFO TaskSetManager: Starting task 239.0 in stage 19.0 (TID 8597) (10.255.85.41,executor 12, partition 239, PROCESS_LOCAL, 
26/05/28 14:32:25 INFO TaskSetManager: Starting task 240.0 in stage 19.0 (TID 8598) (10.255.94.66,executor 29, partition 240, PROCESS_LOCAL, 
26/05/28 14:32:25 INFO TaskSetManager: Starting task 241.0 in stage 19.0 (TID 8599) (10.255.89.71,executor 7, partition 241, PROCESS_LOCAL, 
26/05/28 14:32:25 INFO TaskSetManager: Starting task 242.0 in stage 19.0 (TID 8600) (10.255.89.57,executor 8, partition 242, PROCESS_LOCAL, 
26/05/28 14:32:25 INFO TaskSetManager: Starting task 243.0 in stage 19.0 (TID 8601) (10.255.77.87,executor 25, partition 243, PROCESS_LOCAL, 
26/05/28 14:32:25 INFO TaskSetManager: Starting task 244.0 in stage 19.0 (TID 8602) (10.255.84.128,executor 22, partition 244, PROCESS_LOCAL, 
26/05/28 14:32:25 INFO TaskSetManager: Starting task 245.0 in stage 19.0 (TID 8603) (10.255.70.115,executor 28, partition 245, PROCESS_LOCAL, 
26/05/28 14:32:25 INFO TaskSetManager: Starting task 246.0 in stage 19.0 (TID 8604) (10.255.66.241,executor 15, partition 246, PROCESS_LOCAL, 
26/05/28 14:32:25 INFO TaskSetManager: Starting task 247.0 in stage 19.0 (TID 8605) (10.255.85.108,executor 24, partition 247, PROCESS_LOCAL, 
26/05/28 14:32:25 INFO TaskSetManager: Starting task 248.0 in stage 19.0 (TID 8606) (10.255.64.190,executor 16, partition 248, PROCESS_LOCAL, 
26/05/28 14:32:25 INFO TaskSetManager: Starting task 249.0 in stage 19.0 (TID 8607) (10.255.72.249,executor 5, partition 249, PROCESS_LOCAL, 
26/05/28 14:32:25 INFO TaskSetManager: Starting task 250.0 in stage 19.0 (TID 8608) (10.255.74.59,executor 4, partition 250, PROCESS_LOCAL, 
26/05/28 14:32:25 INFO TaskSetManager: Starting task 251.0 in stage 19.0 (TID 8609) (10.255.70.40,executor 20, partition 251, PROCESS_LOCAL, 
26/05/28 14:32:25 INFO TaskSetManager: Starting task 252.0 in stage 19.0 (TID 8610) (10.255.74.50,executor 33, partition 252, PROCESS_LOCAL, 
26/05/28 14:32:25 INFO TaskSetManager: Starting task 253.0 in stage 19.0 (TID 8611) (10.255.86.213,executor 11, partition 253, PROCESS_LOCAL, 
26/05/28 14:32:25 INFO TaskSetManager: Starting task 254.0 in stage 19.0 (TID 8612) (10.255.82.104,executor 26, partition 254, PROCESS_LOCAL, 
26/05/28 14:32:25 INFO TaskSetManager: Starting task 255.0 in stage 19.0 (TID 8613) (10.255.92.36,executor 1, partition 255, PROCESS_LOCAL, 
26/05/28 14:32:25 INFO TaskSetManager: Starting task 256.0 in stage 19.0 (TID 8614) (10.255.79.106,executor 14, partition 256, PROCESS_LOCAL, 
26/05/28 14:32:25 INFO TaskSetManager: Starting task 257.0 in stage 19.0 (TID 8615) (10.255.94.172,executor 17, partition 257, PROCESS_LOCAL, 
26/05/28 14:32:25 INFO TaskSetManager: Starting task 258.0 in stage 19.0 (TID 8616) (10.255.82.96,executor 32, partition 258, PROCESS_LOCAL, 
26/05/28 14:32:25 INFO TaskSetManager: Starting task 259.0 in stage 19.0 (TID 8617) (10.255.90.96,executor 2, partition 259, PROCESS_LOCAL, 
26/05/28 14:32:25 INFO TaskSetManager: Starting task 260.0 in stage 19.0 (TID 8618) (10.255.77.249,executor 18, partition 260, PROCESS_LOCAL, 
26/05/28 14:32:25 INFO TaskSetManager: Starting task 261.0 in stage 19.0 (TID 8619) (10.255.79.209,executor 30, partition 261, PROCESS_LOCAL, 
26/05/28 14:32:25 INFO TaskSetManager: Starting task 262.0 in stage 19.0 (TID 8620) (10.255.87.71,executor 10, partition 262, PROCESS_LOCAL, 
26/05/28 14:32:25 INFO TaskSetManager: Starting task 263.0 in stage 19.0 (TID 8621) (10.255.76.16,executor 19, partition 263, PROCESS_LOCAL, 
26/05/28 14:32:25 INFO TaskSetManager: Starting task 264.0 in stage 19.0 (TID 8622) (10.255.82.150,executor 13, partition 264, PROCESS_LOCAL, 
26/05/28 14:32:25 INFO TaskSetManager: Starting task 265.0 in stage 19.0 (TID 8623) (10.255.68.53,executor 21, partition 265, PROCESS_LOCAL, 
26/05/28 14:32:25 INFO TaskSetManager: Starting task 266.0 in stage 19.0 (TID 8624) (10.255.71.90,executor 6, partition 266, PROCESS_LOCAL, 
26/05/28 14:32:25 INFO TaskSetManager: Starting task 267.0 in stage 19.0 (TID 8625) (10.255.69.10,executor 27, partition 267, PROCESS_LOCAL, 
26/05/28 14:32:25 INFO TaskSetManager: Starting task 268.0 in stage 19.0 (TID 8626) (10.255.90.38,executor 31, partition 268, PROCESS_LOCAL, 
26/05/28 14:32:25 INFO TaskSetManager: Starting task 269.0 in stage 19.0 (TID 8627) (10.255.88.48,executor 9, partition 269, PROCESS_LOCAL, 
26/05/28 14:32:25 INFO TaskSetManager: Starting task 270.0 in stage 19.0 (TID 8628) (10.255.81.155,executor 3, partition 270, PROCESS_LOCAL, 
26/05/28 14:32:25 INFO TaskSetManager: Starting task 271.0 in stage 19.0 (TID 8629) (10.255.90.214,executor 0, partition 271, PROCESS_LOCAL, 
26/05/28 14:32:25 INFO TaskSetManager: Starting task 272.0 in stage 19.0 (TID 8630) (10.255.88.132,executor 34, partition 272, PROCESS_LOCAL, 
26/05/28 14:32:25 INFO TaskSetManager: Starting task 273.0 in stage 19.0 (TID 8631) (10.255.85.154,executor 23, partition 273, PROCESS_LOCAL, 
26/05/28 14:32:25 INFO TaskSetManager: Starting task 274.0 in stage 19.0 (TID 8632) (10.255.85.41,executor 12, partition 274, PROCESS_LOCAL, 
26/05/28 14:32:25 INFO TaskSetManager: Starting task 275.0 in stage 19.0 (TID 8633) (10.255.94.66,executor 29, partition 275, PROCESS_LOCAL, 
26/05/28 14:32:25 INFO TaskSetManager: Starting task 276.0 in stage 19.0 (TID 8634) (10.255.89.71,executor 7, partition 276, PROCESS_LOCAL, 
26/05/28 14:32:25 INFO TaskSetManager: Starting task 277.0 in stage 19.0 (TID 8635) (10.255.89.57,executor 8, partition 277, PROCESS_LOCAL, 
26/05/28 14:32:25 INFO TaskSetManager: Starting task 278.0 in stage 19.0 (TID 8636) (10.255.77.87,executor 25, partition 278, PROCESS_LOCAL, 
26/05/28 14:32:25 INFO TaskSetManager: Starting task 279.0 in stage 19.0 (TID 8637) (10.255.84.128,executor 22, partition 279, PROCESS_LOCAL, 
26/05/28 14:32:25 INFO TaskSetManager: Starting task 280.0 in stage 19.0 (TID 8638) (10.255.70.115,executor 28, partition 280, PROCESS_LOCAL, 
26/05/28 14:32:25 INFO TaskSetManager: Starting task 281.0 in stage 19.0 (TID 8639) (10.255.66.241,executor 15, partition 281, PROCESS_LOCAL, 
26/05/28 14:32:25 INFO TaskSetManager: Starting task 282.0 in stage 19.0 (TID 8640) (10.255.85.108,executor 24, partition 282, PROCESS_LOCAL, 
26/05/28 14:32:25 INFO TaskSetManager: Starting task 283.0 in stage 19.0 (TID 8641) (10.255.64.190,executor 16, partition 283, PROCESS_LOCAL, 
26/05/28 14:32:25 INFO TaskSetManager: Starting task 284.0 in stage 19.0 (TID 8642) (10.255.72.249,executor 5, partition 284, PROCESS_LOCAL, 
26/05/28 14:32:25 INFO TaskSetManager: Starting task 285.0 in stage 19.0 (TID 8643) (10.255.74.59,executor 4, partition 285, PROCESS_LOCAL, 
26/05/28 14:32:25 INFO TaskSetManager: Starting task 286.0 in stage 19.0 (TID 8644) (10.255.70.40,executor 20, partition 286, PROCESS_LOCAL, 
26/05/28 14:32:25 INFO TaskSetManager: Starting task 287.0 in stage 19.0 (TID 8645) (10.255.74.50,executor 33, partition 287, PROCESS_LOCAL, 
26/05/28 14:32:25 INFO TaskSetManager: Starting task 288.0 in stage 19.0 (TID 8646) (10.255.86.213,executor 11, partition 288, PROCESS_LOCAL, 
26/05/28 14:32:25 INFO TaskSetManager: Starting task 289.0 in stage 19.0 (TID 8647) (10.255.82.104,executor 26, partition 289, PROCESS_LOCAL, 
26/05/28 14:32:25 INFO TaskSetManager: Starting task 290.0 in stage 19.0 (TID 8648) (10.255.92.36,executor 1, partition 290, PROCESS_LOCAL, 
26/05/28 14:32:25 INFO TaskSetManager: Starting task 291.0 in stage 19.0 (TID 8649) (10.255.79.106,executor 14, partition 291, PROCESS_LOCAL, 
26/05/28 14:32:25 INFO TaskSetManager: Starting task 292.0 in stage 19.0 (TID 8650) (10.255.94.172,executor 17, partition 292, PROCESS_LOCAL, 
26/05/28 14:32:25 INFO TaskSetManager: Starting task 293.0 in stage 19.0 (TID 8651) (10.255.82.96,executor 32, partition 293, PROCESS_LOCAL, 
26/05/28 14:32:25 INFO TaskSetManager: Starting task 294.0 in stage 19.0 (TID 8652) (10.255.90.96,executor 2, partition 294, PROCESS_LOCAL, 
26/05/28 14:32:25 INFO TaskSetManager: Starting task 295.0 in stage 19.0 (TID 8653) (10.255.77.249,executor 18, partition 295, PROCESS_LOCAL, 
26/05/28 14:32:25 INFO TaskSetManager: Starting task 296.0 in stage 19.0 (TID 8654) (10.255.79.209,executor 30, partition 296, PROCESS_LOCAL, 
26/05/28 14:32:25 INFO TaskSetManager: Starting task 297.0 in stage 19.0 (TID 8655) (10.255.87.71,executor 10, partition 297, PROCESS_LOCAL, 
26/05/28 14:32:25 INFO TaskSetManager: Starting task 298.0 in stage 19.0 (TID 8656) (10.255.76.16,executor 19, partition 298, PROCESS_LOCAL, 
26/05/28 14:32:25 INFO TaskSetManager: Starting task 299.0 in stage 19.0 (TID 8657) (10.255.82.150,executor 13, partition 299, PROCESS_LOCAL, 
26/05/28 14:32:25 INFO TaskSetManager: Starting task 300.0 in stage 19.0 (TID 8658) (10.255.68.53,executor 21, partition 300, PROCESS_LOCAL, 
26/05/28 14:32:25 INFO TaskSetManager: Starting task 301.0 in stage 19.0 (TID 8659) (10.255.71.90,executor 6, partition 301, PROCESS_LOCAL, 
26/05/28 14:32:25 INFO TaskSetManager: Starting task 302.0 in stage 19.0 (TID 8660) (10.255.69.10,executor 27, partition 302, PROCESS_LOCAL, 
26/05/28 14:32:25 INFO TaskSetManager: Starting task 303.0 in stage 19.0 (TID 8661) (10.255.90.38,executor 31, partition 303, PROCESS_LOCAL, 
26/05/28 14:32:25 INFO TaskSetManager: Starting task 304.0 in stage 19.0 (TID 8662) (10.255.88.48,executor 9, partition 304, PROCESS_LOCAL, 
26/05/28 14:32:25 INFO TaskSetManager: Starting task 305.0 in stage 19.0 (TID 8663) (10.255.81.155,executor 3, partition 305, PROCESS_LOCAL, 
26/05/28 14:32:25 INFO TaskSetManager: Starting task 306.0 in stage 19.0 (TID 8664) (10.255.90.214,executor 0, partition 306, PROCESS_LOCAL, 
26/05/28 14:32:25 INFO TaskSetManager: Starting task 307.0 in stage 19.0 (TID 8665) (10.255.88.132,executor 34, partition 307, PROCESS_LOCAL, 
26/05/28 14:32:25 INFO TaskSetManager: Starting task 308.0 in stage 19.0 (TID 8666) (10.255.85.154,executor 23, partition 308, PROCESS_LOCAL, 
26/05/28 14:32:25 INFO TaskSetManager: Starting task 309.0 in stage 19.0 (TID 8667) (10.255.85.41,executor 12, partition 309, PROCESS_LOCAL, 
26/05/28 14:32:25 INFO TaskSetManager: Starting task 310.0 in stage 19.0 (TID 8668) (10.255.94.66,executor 29, partition 310, PROCESS_LOCAL, 
26/05/28 14:32:25 INFO TaskSetManager: Starting task 311.0 in stage 19.0 (TID 8669) (10.255.89.71,executor 7, partition 311, PROCESS_LOCAL, 
26/05/28 14:32:25 INFO TaskSetManager: Starting task 312.0 in stage 19.0 (TID 8670) (10.255.89.57,executor 8, partition 312, PROCESS_LOCAL, 
26/05/28 14:32:25 INFO TaskSetManager: Starting task 313.0 in stage 19.0 (TID 8671) (10.255.77.87,executor 25, partition 313, PROCESS_LOCAL, 
26/05/28 14:32:25 INFO TaskSetManager: Starting task 314.0 in stage 19.0 (TID 8672) (10.255.84.128,executor 22, partition 314, PROCESS_LOCAL, 
26/05/28 14:32:25 INFO TaskSetManager: Starting task 315.0 in stage 19.0 (TID 8673) (10.255.70.115,executor 28, partition 315, PROCESS_LOCAL, 
26/05/28 14:32:25 INFO TaskSetManager: Starting task 316.0 in stage 19.0 (TID 8674) (10.255.66.241,executor 15, partition 316, PROCESS_LOCAL, 
26/05/28 14:32:25 INFO TaskSetManager: Starting task 317.0 in stage 19.0 (TID 8675) (10.255.85.108,executor 24, partition 317, PROCESS_LOCAL, 
26/05/28 14:32:25 INFO TaskSetManager: Starting task 318.0 in stage 19.0 (TID 8676) (10.255.64.190,executor 16, partition 318, PROCESS_LOCAL, 
26/05/28 14:32:25 INFO TaskSetManager: Starting task 319.0 in stage 19.0 (TID 8677) (10.255.72.249,executor 5, partition 319, PROCESS_LOCAL, 
26/05/28 14:32:25 INFO TaskSetManager: Starting task 320.0 in stage 19.0 (TID 8678) (10.255.74.59,executor 4, partition 320, PROCESS_LOCAL, 
26/05/28 14:32:25 INFO TaskSetManager: Starting task 321.0 in stage 19.0 (TID 8679) (10.255.70.40,executor 20, partition 321, PROCESS_LOCAL, 
26/05/28 14:32:25 INFO TaskSetManager: Starting task 322.0 in stage 19.0 (TID 8680) (10.255.74.50,executor 33, partition 322, PROCESS_LOCAL, 
26/05/28 14:32:25 INFO TaskSetManager: Starting task 323.0 in stage 19.0 (TID 8681) (10.255.86.213,executor 11, partition 323, PROCESS_LOCAL, 
26/05/28 14:32:25 INFO TaskSetManager: Starting task 324.0 in stage 19.0 (TID 8682) (10.255.82.104,executor 26, partition 324, PROCESS_LOCAL, 
26/05/28 14:32:25 INFO TaskSetManager: Starting task 325.0 in stage 19.0 (TID 8683) (10.255.92.36,executor 1, partition 325, PROCESS_LOCAL, 
26/05/28 14:32:25 INFO TaskSetManager: Starting task 326.0 in stage 19.0 (TID 8684) (10.255.79.106,executor 14, partition 326, PROCESS_LOCAL, 
26/05/28 14:32:25 INFO TaskSetManager: Starting task 327.0 in stage 19.0 (TID 8685) (10.255.94.172,executor 17, partition 327, PROCESS_LOCAL, 
26/05/28 14:32:25 INFO TaskSetManager: Starting task 328.0 in stage 19.0 (TID 8686) (10.255.82.96,executor 32, partition 328, PROCESS_LOCAL, 
26/05/28 14:32:25 INFO TaskSetManager: Starting task 329.0 in stage 19.0 (TID 8687) (10.255.90.96,executor 2, partition 329, PROCESS_LOCAL, 
26/05/28 14:32:25 INFO TaskSetManager: Starting task 330.0 in stage 19.0 (TID 8688) (10.255.77.249,executor 18, partition 330, PROCESS_LOCAL, 
26/05/28 14:32:25 INFO TaskSetManager: Starting task 331.0 in stage 19.0 (TID 8689) (10.255.79.209,executor 30, partition 331, PROCESS_LOCAL, 
26/05/28 14:32:25 INFO TaskSetManager: Starting task 332.0 in stage 19.0 (TID 8690) (10.255.87.71,executor 10, partition 332, PROCESS_LOCAL, 
26/05/28 14:32:25 INFO TaskSetManager: Starting task 333.0 in stage 19.0 (TID 8691) (10.255.76.16,executor 19, partition 333, PROCESS_LOCAL, 
26/05/28 14:32:25 INFO TaskSetManager: Starting task 334.0 in stage 19.0 (TID 8692) (10.255.82.150,executor 13, partition 334, PROCESS_LOCAL, 
26/05/28 14:32:25 INFO TaskSetManager: Starting task 335.0 in stage 19.0 (TID 8693) (10.255.68.53,executor 21, partition 335, PROCESS_LOCAL, 
26/05/28 14:32:25 INFO TaskSetManager: Starting task 336.0 in stage 19.0 (TID 8694) (10.255.71.90,executor 6, partition 336, PROCESS_LOCAL, 
26/05/28 14:32:25 INFO TaskSetManager: Starting task 337.0 in stage 19.0 (TID 8695) (10.255.69.10,executor 27, partition 337, PROCESS_LOCAL, 
26/05/28 14:32:25 INFO TaskSetManager: Starting task 338.0 in stage 19.0 (TID 8696) (10.255.90.38,executor 31, partition 338, PROCESS_LOCAL, 
26/05/28 14:32:25 INFO TaskSetManager: Starting task 339.0 in stage 19.0 (TID 8697) (10.255.88.48,executor 9, partition 339, PROCESS_LOCAL, 
26/05/28 14:32:25 INFO TaskSetManager: Starting task 340.0 in stage 19.0 (TID 8698) (10.255.81.155,executor 3, partition 340, PROCESS_LOCAL, 
26/05/28 14:32:25 INFO TaskSetManager: Starting task 341.0 in stage 19.0 (TID 8699) (10.255.90.214,executor 0, partition 341, PROCESS_LOCAL, 
26/05/28 14:32:25 INFO TaskSetManager: Starting task 342.0 in stage 19.0 (TID 8700) (10.255.88.132,executor 34, partition 342, PROCESS_LOCAL, 
26/05/28 14:32:25 INFO TaskSetManager: Starting task 343.0 in stage 19.0 (TID 8701) (10.255.85.154,executor 23, partition 343, PROCESS_LOCAL, 
26/05/28 14:32:25 INFO TaskSetManager: Starting task 344.0 in stage 19.0 (TID 8702) (10.255.85.41,executor 12, partition 344, PROCESS_LOCAL, 
26/05/28 14:32:25 INFO TaskSetManager: Starting task 345.0 in stage 19.0 (TID 8703) (10.255.94.66,executor 29, partition 345, PROCESS_LOCAL, 
26/05/28 14:32:25 INFO TaskSetManager: Starting task 346.0 in stage 19.0 (TID 8704) (10.255.89.71,executor 7, partition 346, PROCESS_LOCAL, 
26/05/28 14:32:25 INFO TaskSetManager: Starting task 347.0 in stage 19.0 (TID 8705) (10.255.89.57,executor 8, partition 347, PROCESS_LOCAL, 
26/05/28 14:32:25 INFO TaskSetManager: Starting task 348.0 in stage 19.0 (TID 8706) (10.255.77.87,executor 25, partition 348, PROCESS_LOCAL, 
26/05/28 14:32:25 INFO TaskSetManager: Starting task 349.0 in stage 19.0 (TID 8707) (10.255.84.128,executor 22, partition 349, PROCESS_LOCAL, 
26/05/28 14:32:25 INFO TaskSetManager: Starting task 350.0 in stage 19.0 (TID 8708) (10.255.70.115,executor 28, partition 350, PROCESS_LOCAL, 
26/05/28 14:32:25 INFO TaskSetManager: Starting task 351.0 in stage 19.0 (TID 8709) (10.255.66.241,executor 15, partition 351, PROCESS_LOCAL, 
26/05/28 14:32:25 INFO TaskSetManager: Starting task 352.0 in stage 19.0 (TID 8710) (10.255.85.108,executor 24, partition 352, PROCESS_LOCAL, 
26/05/28 14:32:25 INFO TaskSetManager: Starting task 353.0 in stage 19.0 (TID 8711) (10.255.64.190,executor 16, partition 353, PROCESS_LOCAL, 
26/05/28 14:32:25 INFO TaskSetManager: Starting task 354.0 in stage 19.0 (TID 8712) (10.255.72.249,executor 5, partition 354, PROCESS_LOCAL, 
26/05/28 14:32:25 INFO TaskSetManager: Starting task 355.0 in stage 19.0 (TID 8713) (10.255.74.59,executor 4, partition 355, PROCESS_LOCAL, 
26/05/28 14:32:25 INFO TaskSetManager: Starting task 356.0 in stage 19.0 (TID 8714) (10.255.70.40,executor 20, partition 356, PROCESS_LOCAL, 
26/05/28 14:32:25 INFO TaskSetManager: Starting task 357.0 in stage 19.0 (TID 8715) (10.255.74.50,executor 33, partition 357, PROCESS_LOCAL, 
26/05/28 14:32:25 INFO TaskSetManager: Starting task 358.0 in stage 19.0 (TID 8716) (10.255.86.213,executor 11, partition 358, PROCESS_LOCAL, 
26/05/28 14:32:25 INFO TaskSetManager: Starting task 359.0 in stage 19.0 (TID 8717) (10.255.82.104,executor 26, partition 359, PROCESS_LOCAL, 
26/05/28 14:32:25 INFO TaskSetManager: Starting task 360.0 in stage 19.0 (TID 8718) (10.255.92.36,executor 1, partition 360, PROCESS_LOCAL, 
26/05/28 14:32:25 INFO TaskSetManager: Starting task 361.0 in stage 19.0 (TID 8719) (10.255.79.106,executor 14, partition 361, PROCESS_LOCAL, 
26/05/28 14:32:25 INFO TaskSetManager: Starting task 362.0 in stage 19.0 (TID 8720) (10.255.94.172,executor 17, partition 362, PROCESS_LOCAL, 
26/05/28 14:32:25 INFO TaskSetManager: Starting task 363.0 in stage 19.0 (TID 8721) (10.255.82.96,executor 32, partition 363, PROCESS_LOCAL, 
26/05/28 14:32:25 INFO TaskSetManager: Starting task 364.0 in stage 19.0 (TID 8722) (10.255.90.96,executor 2, partition 364, PROCESS_LOCAL, 
26/05/28 14:32:25 INFO TaskSetManager: Starting task 365.0 in stage 19.0 (TID 8723) (10.255.77.249,executor 18, partition 365, PROCESS_LOCAL, 
26/05/28 14:32:25 INFO TaskSetManager: Starting task 366.0 in stage 19.0 (TID 8724) (10.255.79.209,executor 30, partition 366, PROCESS_LOCAL, 
26/05/28 14:32:25 INFO TaskSetManager: Starting task 367.0 in stage 19.0 (TID 8725) (10.255.87.71,executor 10, partition 367, PROCESS_LOCAL, 
26/05/28 14:32:25 INFO TaskSetManager: Starting task 368.0 in stage 19.0 (TID 8726) (10.255.76.16,executor 19, partition 368, PROCESS_LOCAL, 
26/05/28 14:32:25 INFO TaskSetManager: Starting task 369.0 in stage 19.0 (TID 8727) (10.255.82.150,executor 13, partition 369, PROCESS_LOCAL, 
26/05/28 14:32:25 INFO TaskSetManager: Starting task 370.0 in stage 19.0 (TID 8728) (10.255.68.53,executor 21, partition 370, PROCESS_LOCAL, 
26/05/28 14:32:25 INFO TaskSetManager: Starting task 371.0 in stage 19.0 (TID 8729) (10.255.71.90,executor 6, partition 371, PROCESS_LOCAL, 
26/05/28 14:32:25 INFO TaskSetManager: Starting task 372.0 in stage 19.0 (TID 8730) (10.255.69.10,executor 27, partition 372, PROCESS_LOCAL, 
26/05/28 14:32:25 INFO TaskSetManager: Starting task 373.0 in stage 19.0 (TID 8731) (10.255.90.38,executor 31, partition 373, PROCESS_LOCAL, 
26/05/28 14:32:25 INFO TaskSetManager: Starting task 374.0 in stage 19.0 (TID 8732) (10.255.88.48,executor 9, partition 374, PROCESS_LOCAL, 
26/05/28 14:32:25 INFO TaskSetManager: Starting task 375.0 in stage 19.0 (TID 8733) (10.255.81.155,executor 3, partition 375, PROCESS_LOCAL, 
26/05/28 14:32:25 INFO TaskSetManager: Starting task 376.0 in stage 19.0 (TID 8734) (10.255.90.214,executor 0, partition 376, PROCESS_LOCAL, 
26/05/28 14:32:25 INFO TaskSetManager: Starting task 377.0 in stage 19.0 (TID 8735) (10.255.88.132,executor 34, partition 377, PROCESS_LOCAL, 
26/05/28 14:32:25 INFO TaskSetManager: Starting task 378.0 in stage 19.0 (TID 8736) (10.255.85.154,executor 23, partition 378, PROCESS_LOCAL, 
26/05/28 14:32:25 INFO TaskSetManager: Starting task 379.0 in stage 19.0 (TID 8737) (10.255.85.41,executor 12, partition 379, PROCESS_LOCAL, 
26/05/28 14:32:25 INFO TaskSetManager: Starting task 380.0 in stage 19.0 (TID 8738) (10.255.94.66,executor 29, partition 380, PROCESS_LOCAL, 
26/05/28 14:32:25 INFO TaskSetManager: Starting task 381.0 in stage 19.0 (TID 8739) (10.255.89.71,executor 7, partition 381, PROCESS_LOCAL, 
26/05/28 14:32:25 INFO TaskSetManager: Starting task 382.0 in stage 19.0 (TID 8740) (10.255.89.57,executor 8, partition 382, PROCESS_LOCAL, 
26/05/28 14:32:25 INFO TaskSetManager: Starting task 383.0 in stage 19.0 (TID 8741) (10.255.77.87,executor 25, partition 383, PROCESS_LOCAL, 
26/05/28 14:32:25 INFO TaskSetManager: Starting task 384.0 in stage 19.0 (TID 8742) (10.255.84.128,executor 22, partition 384, PROCESS_LOCAL, 
26/05/28 14:32:25 INFO TaskSetManager: Starting task 385.0 in stage 19.0 (TID 8743) (10.255.70.115,executor 28, partition 385, PROCESS_LOCAL, 
26/05/28 14:32:25 INFO TaskSetManager: Starting task 386.0 in stage 19.0 (TID 8744) (10.255.66.241,executor 15, partition 386, PROCESS_LOCAL, 
26/05/28 14:32:25 INFO TaskSetManager: Starting task 387.0 in stage 19.0 (TID 8745) (10.255.85.108,executor 24, partition 387, PROCESS_LOCAL, 
26/05/28 14:32:25 INFO TaskSetManager: Starting task 388.0 in stage 19.0 (TID 8746) (10.255.64.190,executor 16, partition 388, PROCESS_LOCAL, 
26/05/28 14:32:25 INFO TaskSetManager: Starting task 389.0 in stage 19.0 (TID 8747) (10.255.72.249,executor 5, partition 389, PROCESS_LOCAL, 
26/05/28 14:32:25 INFO TaskSetManager: Starting task 390.0 in stage 19.0 (TID 8748) (10.255.74.59,executor 4, partition 390, PROCESS_LOCAL, 
26/05/28 14:32:25 INFO TaskSetManager: Starting task 391.0 in stage 19.0 (TID 8749) (10.255.70.40,executor 20, partition 391, PROCESS_LOCAL, 
26/05/28 14:32:25 INFO TaskSetManager: Starting task 392.0 in stage 19.0 (TID 8750) (10.255.74.50,executor 33, partition 392, PROCESS_LOCAL, 
26/05/28 14:32:25 INFO TaskSetManager: Starting task 393.0 in stage 19.0 (TID 8751) (10.255.86.213,executor 11, partition 393, PROCESS_LOCAL, 
26/05/28 14:32:25 INFO TaskSetManager: Starting task 394.0 in stage 19.0 (TID 8752) (10.255.82.104,executor 26, partition 394, PROCESS_LOCAL, 
26/05/28 14:32:25 INFO TaskSetManager: Starting task 395.0 in stage 19.0 (TID 8753) (10.255.92.36,executor 1, partition 395, PROCESS_LOCAL, 
26/05/28 14:32:25 INFO TaskSetManager: Starting task 396.0 in stage 19.0 (TID 8754) (10.255.79.106,executor 14, partition 396, PROCESS_LOCAL, 
26/05/28 14:32:25 INFO TaskSetManager: Starting task 397.0 in stage 19.0 (TID 8755) (10.255.94.172,executor 17, partition 397, PROCESS_LOCAL, 
26/05/28 14:32:25 INFO TaskSetManager: Starting task 398.0 in stage 19.0 (TID 8756) (10.255.82.96,executor 32, partition 398, PROCESS_LOCAL, 
26/05/28 14:32:25 INFO TaskSetManager: Starting task 399.0 in stage 19.0 (TID 8757) (10.255.90.96,executor 2, partition 399, PROCESS_LOCAL, 
26/05/28 14:32:25 INFO TaskSetManager: Starting task 400.0 in stage 19.0 (TID 8758) (10.255.77.249,executor 18, partition 400, PROCESS_LOCAL, 
26/05/28 14:32:25 INFO TaskSetManager: Starting task 401.0 in stage 19.0 (TID 8759) (10.255.79.209,executor 30, partition 401, PROCESS_LOCAL, 
26/05/28 14:32:25 INFO TaskSetManager: Starting task 402.0 in stage 19.0 (TID 8760) (10.255.87.71,executor 10, partition 402, PROCESS_LOCAL, 
26/05/28 14:32:25 INFO TaskSetManager: Starting task 403.0 in stage 19.0 (TID 8761) (10.255.76.16,executor 19, partition 403, PROCESS_LOCAL, 
26/05/28 14:32:25 INFO TaskSetManager: Starting task 404.0 in stage 19.0 (TID 8762) (10.255.82.150,executor 13, partition 404, PROCESS_LOCAL, 
26/05/28 14:32:25 INFO TaskSetManager: Starting task 405.0 in stage 19.0 (TID 8763) (10.255.68.53,executor 21, partition 405, PROCESS_LOCAL, 
26/05/28 14:32:25 INFO TaskSetManager: Starting task 406.0 in stage 19.0 (TID 8764) (10.255.71.90,executor 6, partition 406, PROCESS_LOCAL, 
26/05/28 14:32:25 INFO TaskSetManager: Starting task 407.0 in stage 19.0 (TID 8765) (10.255.69.10,executor 27, partition 407, PROCESS_LOCAL, 
26/05/28 14:32:25 INFO TaskSetManager: Starting task 408.0 in stage 19.0 (TID 8766) (10.255.90.38,executor 31, partition 408, PROCESS_LOCAL, 
26/05/28 14:32:25 INFO TaskSetManager: Starting task 409.0 in stage 19.0 (TID 8767) (10.255.88.48,executor 9, partition 409, PROCESS_LOCAL, 
26/05/28 14:32:25 INFO TaskSetManager: Starting task 410.0 in stage 19.0 (TID 8768) (10.255.81.155,executor 3, partition 410, PROCESS_LOCAL, 
26/05/28 14:32:25 INFO TaskSetManager: Starting task 411.0 in stage 19.0 (TID 8769) (10.255.90.214,executor 0, partition 411, PROCESS_LOCAL, 
26/05/28 14:32:25 INFO TaskSetManager: Starting task 412.0 in stage 19.0 (TID 8770) (10.255.88.132,executor 34, partition 412, PROCESS_LOCAL, 
26/05/28 14:32:25 INFO TaskSetManager: Starting task 413.0 in stage 19.0 (TID 8771) (10.255.85.154,executor 23, partition 413, PROCESS_LOCAL, 
26/05/28 14:32:25 INFO TaskSetManager: Starting task 414.0 in stage 19.0 (TID 8772) (10.255.85.41,executor 12, partition 414, PROCESS_LOCAL, 
26/05/28 14:32:25 INFO TaskSetManager: Starting task 415.0 in stage 19.0 (TID 8773) (10.255.94.66,executor 29, partition 415, PROCESS_LOCAL, 
26/05/28 14:32:25 INFO TaskSetManager: Starting task 416.0 in stage 19.0 (TID 8774) (10.255.89.71,executor 7, partition 416, PROCESS_LOCAL, 
26/05/28 14:32:25 INFO TaskSetManager: Starting task 417.0 in stage 19.0 (TID 8775) (10.255.89.57,executor 8, partition 417, PROCESS_LOCAL, 
26/05/28 14:32:25 INFO TaskSetManager: Starting task 418.0 in stage 19.0 (TID 8776) (10.255.77.87,executor 25, partition 418, PROCESS_LOCAL, 
26/05/28 14:32:25 INFO TaskSetManager: Starting task 419.0 in stage 19.0 (TID 8777) (10.255.84.128,executor 22, partition 419, PROCESS_LOCAL, 
26/05/28 14:32:25 INFO TaskSetManager: Starting task 420.0 in stage 19.0 (TID 8778) (10.255.70.115,executor 28, partition 420, PROCESS_LOCAL, 
26/05/28 14:32:25 INFO TaskSetManager: Starting task 421.0 in stage 19.0 (TID 8779) (10.255.66.241,executor 15, partition 421, PROCESS_LOCAL, 
26/05/28 14:32:25 INFO TaskSetManager: Starting task 422.0 in stage 19.0 (TID 8780) (10.255.85.108,executor 24, partition 422, PROCESS_LOCAL, 
26/05/28 14:32:25 INFO TaskSetManager: Starting task 423.0 in stage 19.0 (TID 8781) (10.255.64.190,executor 16, partition 423, PROCESS_LOCAL, 
26/05/28 14:32:25 INFO TaskSetManager: Starting task 424.0 in stage 19.0 (TID 8782) (10.255.72.249,executor 5, partition 424, PROCESS_LOCAL, 
26/05/28 14:32:25 INFO TaskSetManager: Starting task 425.0 in stage 19.0 (TID 8783) (10.255.74.59,executor 4, partition 425, PROCESS_LOCAL, 
26/05/28 14:32:25 INFO TaskSetManager: Starting task 426.0 in stage 19.0 (TID 8784) (10.255.70.40,executor 20, partition 426, PROCESS_LOCAL, 
26/05/28 14:32:25 INFO TaskSetManager: Starting task 427.0 in stage 19.0 (TID 8785) (10.255.74.50,executor 33, partition 427, PROCESS_LOCAL, 
26/05/28 14:32:25 INFO TaskSetManager: Starting task 428.0 in stage 19.0 (TID 8786) (10.255.86.213,executor 11, partition 428, PROCESS_LOCAL, 
26/05/28 14:32:25 INFO TaskSetManager: Starting task 429.0 in stage 19.0 (TID 8787) (10.255.82.104,executor 26, partition 429, PROCESS_LOCAL, 
26/05/28 14:32:25 INFO TaskSetManager: Starting task 430.0 in stage 19.0 (TID 8788) (10.255.92.36,executor 1, partition 430, PROCESS_LOCAL, 
26/05/28 14:32:25 INFO TaskSetManager: Starting task 431.0 in stage 19.0 (TID 8789) (10.255.79.106,executor 14, partition 431, PROCESS_LOCAL, 
26/05/28 14:32:25 INFO TaskSetManager: Starting task 432.0 in stage 19.0 (TID 8790) (10.255.94.172,executor 17, partition 432, PROCESS_LOCAL, 
26/05/28 14:32:25 INFO TaskSetManager: Starting task 433.0 in stage 19.0 (TID 8791) (10.255.82.96,executor 32, partition 433, PROCESS_LOCAL, 
26/05/28 14:32:25 INFO TaskSetManager: Starting task 434.0 in stage 19.0 (TID 8792) (10.255.90.96,executor 2, partition 434, PROCESS_LOCAL, 
26/05/28 14:32:25 INFO TaskSetManager: Starting task 435.0 in stage 19.0 (TID 8793) (10.255.77.249,executor 18, partition 435, PROCESS_LOCAL, 
26/05/28 14:32:25 INFO TaskSetManager: Starting task 436.0 in stage 19.0 (TID 8794) (10.255.79.209,executor 30, partition 436, PROCESS_LOCAL, 
26/05/28 14:32:25 INFO TaskSetManager: Starting task 437.0 in stage 19.0 (TID 8795) (10.255.87.71,executor 10, partition 437, PROCESS_LOCAL, 
26/05/28 14:32:25 INFO TaskSetManager: Starting task 438.0 in stage 19.0 (TID 8796) (10.255.76.16,executor 19, partition 438, PROCESS_LOCAL, 
26/05/28 14:32:25 INFO TaskSetManager: Starting task 439.0 in stage 19.0 (TID 8797) (10.255.82.150,executor 13, partition 439, PROCESS_LOCAL, 
26/05/28 14:32:25 INFO TaskSetManager: Starting task 440.0 in stage 19.0 (TID 8798) (10.255.68.53,executor 21, partition 440, PROCESS_LOCAL, 
26/05/28 14:32:25 INFO TaskSetManager: Starting task 441.0 in stage 19.0 (TID 8799) (10.255.71.90,executor 6, partition 441, PROCESS_LOCAL, 
26/05/28 14:32:25 INFO TaskSetManager: Starting task 442.0 in stage 19.0 (TID 8800) (10.255.69.10,executor 27, partition 442, PROCESS_LOCAL, 
26/05/28 14:32:25 INFO TaskSetManager: Starting task 443.0 in stage 19.0 (TID 8801) (10.255.90.38,executor 31, partition 443, PROCESS_LOCAL, 
26/05/28 14:32:25 INFO TaskSetManager: Starting task 444.0 in stage 19.0 (TID 8802) (10.255.88.48,executor 9, partition 444, PROCESS_LOCAL, 
26/05/28 14:32:25 INFO TaskSetManager: Starting task 445.0 in stage 19.0 (TID 8803) (10.255.81.155,executor 3, partition 445, PROCESS_LOCAL, 
26/05/28 14:32:25 INFO TaskSetManager: Starting task 446.0 in stage 19.0 (TID 8804) (10.255.90.214,executor 0, partition 446, PROCESS_LOCAL, 
26/05/28 14:32:25 INFO TaskSetManager: Starting task 447.0 in stage 19.0 (TID 8805) (10.255.88.132,executor 34, partition 447, PROCESS_LOCAL, 
26/05/28 14:32:25 INFO TaskSetManager: Starting task 448.0 in stage 19.0 (TID 8806) (10.255.85.154,executor 23, partition 448, PROCESS_LOCAL, 
26/05/28 14:32:25 INFO TaskSetManager: Starting task 449.0 in stage 19.0 (TID 8807) (10.255.85.41,executor 12, partition 449, PROCESS_LOCAL, 
26/05/28 14:32:25 INFO TaskSetManager: Starting task 450.0 in stage 19.0 (TID 8808) (10.255.94.66,executor 29, partition 450, PROCESS_LOCAL, 
26/05/28 14:32:25 INFO TaskSetManager: Starting task 451.0 in stage 19.0 (TID 8809) (10.255.89.71,executor 7, partition 451, PROCESS_LOCAL, 
26/05/28 14:32:25 INFO TaskSetManager: Starting task 452.0 in stage 19.0 (TID 8810) (10.255.89.57,executor 8, partition 452, PROCESS_LOCAL, 
26/05/28 14:32:25 INFO TaskSetManager: Starting task 453.0 in stage 19.0 (TID 8811) (10.255.77.87,executor 25, partition 453, PROCESS_LOCAL, 
26/05/28 14:32:25 INFO TaskSetManager: Starting task 454.0 in stage 19.0 (TID 8812) (10.255.84.128,executor 22, partition 454, PROCESS_LOCAL, 
26/05/28 14:32:25 INFO TaskSetManager: Starting task 455.0 in stage 19.0 (TID 8813) (10.255.70.115,executor 28, partition 455, PROCESS_LOCAL, 
26/05/28 14:32:25 INFO TaskSetManager: Starting task 456.0 in stage 19.0 (TID 8814) (10.255.66.241,executor 15, partition 456, PROCESS_LOCAL, 
26/05/28 14:32:25 INFO TaskSetManager: Starting task 457.0 in stage 19.0 (TID 8815) (10.255.85.108,executor 24, partition 457, PROCESS_LOCAL, 
26/05/28 14:32:25 INFO TaskSetManager: Starting task 458.0 in stage 19.0 (TID 8816) (10.255.64.190,executor 16, partition 458, PROCESS_LOCAL, 
26/05/28 14:32:25 INFO TaskSetManager: Starting task 459.0 in stage 19.0 (TID 8817) (10.255.72.249,executor 5, partition 459, PROCESS_LOCAL, 
26/05/28 14:32:25 INFO TaskSetManager: Starting task 460.0 in stage 19.0 (TID 8818) (10.255.74.59,executor 4, partition 460, PROCESS_LOCAL, 
26/05/28 14:32:25 INFO TaskSetManager: Starting task 461.0 in stage 19.0 (TID 8819) (10.255.70.40,executor 20, partition 461, PROCESS_LOCAL, 
26/05/28 14:32:25 INFO TaskSetManager: Starting task 462.0 in stage 19.0 (TID 8820) (10.255.74.50,executor 33, partition 462, PROCESS_LOCAL, 
26/05/28 14:32:25 INFO TaskSetManager: Starting task 463.0 in stage 19.0 (TID 8821) (10.255.86.213,executor 11, partition 463, PROCESS_LOCAL, 
26/05/28 14:32:25 INFO TaskSetManager: Starting task 464.0 in stage 19.0 (TID 8822) (10.255.82.104,executor 26, partition 464, PROCESS_LOCAL, 
26/05/28 14:32:25 INFO TaskSetManager: Starting task 465.0 in stage 19.0 (TID 8823) (10.255.92.36,executor 1, partition 465, PROCESS_LOCAL, 
26/05/28 14:32:25 INFO TaskSetManager: Starting task 466.0 in stage 19.0 (TID 8824) (10.255.79.106,executor 14, partition 466, PROCESS_LOCAL, 
26/05/28 14:32:25 INFO TaskSetManager: Starting task 467.0 in stage 19.0 (TID 8825) (10.255.94.172,executor 17, partition 467, PROCESS_LOCAL, 
26/05/28 14:32:25 INFO TaskSetManager: Starting task 468.0 in stage 19.0 (TID 8826) (10.255.82.96,executor 32, partition 468, PROCESS_LOCAL, 
26/05/28 14:32:25 INFO TaskSetManager: Starting task 469.0 in stage 19.0 (TID 8827) (10.255.90.96,executor 2, partition 469, PROCESS_LOCAL, 
26/05/28 14:32:25 INFO TaskSetManager: Starting task 470.0 in stage 19.0 (TID 8828) (10.255.77.249,executor 18, partition 470, PROCESS_LOCAL, 
26/05/28 14:32:25 INFO TaskSetManager: Starting task 471.0 in stage 19.0 (TID 8829) (10.255.79.209,executor 30, partition 471, PROCESS_LOCAL, 
26/05/28 14:32:25 INFO TaskSetManager: Starting task 472.0 in stage 19.0 (TID 8830) (10.255.87.71,executor 10, partition 472, PROCESS_LOCAL, 
26/05/28 14:32:25 INFO TaskSetManager: Starting task 473.0 in stage 19.0 (TID 8831) (10.255.76.16,executor 19, partition 473, PROCESS_LOCAL, 
26/05/28 14:32:25 INFO TaskSetManager: Starting task 474.0 in stage 19.0 (TID 8832) (10.255.82.150,executor 13, partition 474, PROCESS_LOCAL, 
26/05/28 14:32:25 INFO TaskSetManager: Starting task 475.0 in stage 19.0 (TID 8833) (10.255.68.53,executor 21, partition 475, PROCESS_LOCAL, 
26/05/28 14:32:25 INFO TaskSetManager: Starting task 476.0 in stage 19.0 (TID 8834) (10.255.71.90,executor 6, partition 476, PROCESS_LOCAL, 
26/05/28 14:32:25 INFO TaskSetManager: Starting task 477.0 in stage 19.0 (TID 8835) (10.255.69.10,executor 27, partition 477, PROCESS_LOCAL, 
26/05/28 14:32:25 INFO TaskSetManager: Starting task 478.0 in stage 19.0 (TID 8836) (10.255.90.38,executor 31, partition 478, PROCESS_LOCAL, 
26/05/28 14:32:25 INFO TaskSetManager: Starting task 479.0 in stage 19.0 (TID 8837) (10.255.88.48,executor 9, partition 479, PROCESS_LOCAL, 
26/05/28 14:32:25 INFO TaskSetManager: Starting task 480.0 in stage 19.0 (TID 8838) (10.255.81.155,executor 3, partition 480, PROCESS_LOCAL, 
26/05/28 14:32:25 INFO TaskSetManager: Starting task 481.0 in stage 19.0 (TID 8839) (10.255.90.214,executor 0, partition 481, PROCESS_LOCAL, 
26/05/28 14:32:25 INFO TaskSetManager: Starting task 482.0 in stage 19.0 (TID 8840) (10.255.88.132,executor 34, partition 482, PROCESS_LOCAL, 
26/05/28 14:32:25 INFO TaskSetManager: Starting task 483.0 in stage 19.0 (TID 8841) (10.255.85.154,executor 23, partition 483, PROCESS_LOCAL, 
26/05/28 14:32:25 INFO TaskSetManager: Starting task 484.0 in stage 19.0 (TID 8842) (10.255.85.41,executor 12, partition 484, PROCESS_LOCAL, 
26/05/28 14:32:25 INFO TaskSetManager: Starting task 485.0 in stage 19.0 (TID 8843) (10.255.94.66,executor 29, partition 485, PROCESS_LOCAL, 
26/05/28 14:32:25 INFO TaskSetManager: Starting task 486.0 in stage 19.0 (TID 8844) (10.255.89.71,executor 7, partition 486, PROCESS_LOCAL, 
26/05/28 14:32:25 INFO TaskSetManager: Starting task 487.0 in stage 19.0 (TID 8845) (10.255.89.57,executor 8, partition 487, PROCESS_LOCAL, 
26/05/28 14:32:25 INFO TaskSetManager: Starting task 488.0 in stage 19.0 (TID 8846) (10.255.77.87,executor 25, partition 488, PROCESS_LOCAL, 
26/05/28 14:32:25 INFO TaskSetManager: Starting task 489.0 in stage 19.0 (TID 8847) (10.255.84.128,executor 22, partition 489, PROCESS_LOCAL, 
26/05/28 14:32:25 INFO TaskSetManager: Starting task 490.0 in stage 19.0 (TID 8848) (10.255.70.115,executor 28, partition 490, PROCESS_LOCAL, 
26/05/28 14:32:25 INFO TaskSetManager: Starting task 491.0 in stage 19.0 (TID 8849) (10.255.66.241,executor 15, partition 491, PROCESS_LOCAL, 
26/05/28 14:32:25 INFO TaskSetManager: Starting task 492.0 in stage 19.0 (TID 8850) (10.255.85.108,executor 24, partition 492, PROCESS_LOCAL, 
26/05/28 14:32:25 INFO TaskSetManager: Starting task 493.0 in stage 19.0 (TID 8851) (10.255.64.190,executor 16, partition 493, PROCESS_LOCAL, 
26/05/28 14:32:25 INFO TaskSetManager: Starting task 494.0 in stage 19.0 (TID 8852) (10.255.72.249,executor 5, partition 494, PROCESS_LOCAL, 
26/05/28 14:32:25 INFO TaskSetManager: Starting task 495.0 in stage 19.0 (TID 8853) (10.255.74.59,executor 4, partition 495, PROCESS_LOCAL, 
26/05/28 14:32:25 INFO TaskSetManager: Starting task 496.0 in stage 19.0 (TID 8854) (10.255.70.40,executor 20, partition 496, PROCESS_LOCAL, 
26/05/28 14:32:25 INFO TaskSetManager: Starting task 497.0 in stage 19.0 (TID 8855) (10.255.74.50,executor 33, partition 497, PROCESS_LOCAL, 
26/05/28 14:32:25 INFO TaskSetManager: Starting task 498.0 in stage 19.0 (TID 8856) (10.255.86.213,executor 11, partition 498, PROCESS_LOCAL, 
26/05/28 14:32:25 INFO TaskSetManager: Starting task 499.0 in stage 19.0 (TID 8857) (10.255.82.104,executor 26, partition 499, PROCESS_LOCAL, 
26/05/28 14:32:25 INFO TaskSetManager: Starting task 500.0 in stage 19.0 (TID 8858) (10.255.92.36,executor 1, partition 500, PROCESS_LOCAL, 
26/05/28 14:32:25 INFO TaskSetManager: Starting task 501.0 in stage 19.0 (TID 8859) (10.255.79.106,executor 14, partition 501, PROCESS_LOCAL, 
26/05/28 14:32:25 INFO TaskSetManager: Starting task 502.0 in stage 19.0 (TID 8860) (10.255.94.172,executor 17, partition 502, PROCESS_LOCAL, 
26/05/28 14:32:25 INFO TaskSetManager: Starting task 503.0 in stage 19.0 (TID 8861) (10.255.82.96,executor 32, partition 503, PROCESS_LOCAL, 
26/05/28 14:32:25 INFO TaskSetManager: Starting task 504.0 in stage 19.0 (TID 8862) (10.255.90.96,executor 2, partition 504, PROCESS_LOCAL, 
26/05/28 14:32:25 INFO TaskSetManager: Starting task 505.0 in stage 19.0 (TID 8863) (10.255.77.249,executor 18, partition 505, PROCESS_LOCAL, 
26/05/28 14:32:25 INFO TaskSetManager: Starting task 506.0 in stage 19.0 (TID 8864) (10.255.79.209,executor 30, partition 506, PROCESS_LOCAL, 
26/05/28 14:32:25 INFO TaskSetManager: Starting task 507.0 in stage 19.0 (TID 8865) (10.255.87.71,executor 10, partition 507, PROCESS_LOCAL, 
26/05/28 14:32:25 INFO TaskSetManager: Starting task 508.0 in stage 19.0 (TID 8866) (10.255.76.16,executor 19, partition 508, PROCESS_LOCAL, 
26/05/28 14:32:25 INFO TaskSetManager: Starting task 509.0 in stage 19.0 (TID 8867) (10.255.82.150,executor 13, partition 509, PROCESS_LOCAL, 
26/05/28 14:32:25 INFO TaskSetManager: Starting task 510.0 in stage 19.0 (TID 8868) (10.255.68.53,executor 21, partition 510, PROCESS_LOCAL, 
26/05/28 14:32:25 INFO TaskSetManager: Starting task 511.0 in stage 19.0 (TID 8869) (10.255.71.90,executor 6, partition 511, PROCESS_LOCAL, 
26/05/28 14:32:25 INFO TaskSetManager: Starting task 512.0 in stage 19.0 (TID 8870) (10.255.69.10,executor 27, partition 512, PROCESS_LOCAL, 
26/05/28 14:32:25 INFO TaskSetManager: Starting task 513.0 in stage 19.0 (TID 8871) (10.255.90.38,executor 31, partition 513, PROCESS_LOCAL, 
26/05/28 14:32:25 INFO TaskSetManager: Starting task 514.0 in stage 19.0 (TID 8872) (10.255.88.48,executor 9, partition 514, PROCESS_LOCAL, 
26/05/28 14:32:25 INFO TaskSetManager: Starting task 515.0 in stage 19.0 (TID 8873) (10.255.81.155,executor 3, partition 515, PROCESS_LOCAL, 
26/05/28 14:32:25 INFO TaskSetManager: Starting task 516.0 in stage 19.0 (TID 8874) (10.255.90.214,executor 0, partition 516, PROCESS_LOCAL, 
26/05/28 14:32:25 INFO TaskSetManager: Starting task 517.0 in stage 19.0 (TID 8875) (10.255.88.132,executor 34, partition 517, PROCESS_LOCAL, 
26/05/28 14:32:25 INFO TaskSetManager: Starting task 518.0 in stage 19.0 (TID 8876) (10.255.85.154,executor 23, partition 518, PROCESS_LOCAL, 
26/05/28 14:32:25 INFO TaskSetManager: Starting task 519.0 in stage 19.0 (TID 8877) (10.255.85.41,executor 12, partition 519, PROCESS_LOCAL, 
26/05/28 14:32:25 INFO TaskSetManager: Starting task 520.0 in stage 19.0 (TID 8878) (10.255.94.66,executor 29, partition 520, PROCESS_LOCAL, 
26/05/28 14:32:25 INFO TaskSetManager: Starting task 521.0 in stage 19.0 (TID 8879) (10.255.89.71,executor 7, partition 521, PROCESS_LOCAL, 
26/05/28 14:32:25 INFO TaskSetManager: Starting task 522.0 in stage 19.0 (TID 8880) (10.255.89.57,executor 8, partition 522, PROCESS_LOCAL, 
26/05/28 14:32:25 INFO TaskSetManager: Starting task 523.0 in stage 19.0 (TID 8881) (10.255.77.87,executor 25, partition 523, PROCESS_LOCAL, 
26/05/28 14:32:25 INFO TaskSetManager: Starting task 524.0 in stage 19.0 (TID 8882) (10.255.84.128,executor 22, partition 524, PROCESS_LOCAL, 
26/05/28 14:32:25 INFO TaskSetManager: Starting task 525.0 in stage 19.0 (TID 8883) (10.255.70.115,executor 28, partition 525, PROCESS_LOCAL, 
26/05/28 14:32:25 INFO TaskSetManager: Starting task 526.0 in stage 19.0 (TID 8884) (10.255.66.241,executor 15, partition 526, PROCESS_LOCAL, 
26/05/28 14:32:25 INFO TaskSetManager: Starting task 527.0 in stage 19.0 (TID 8885) (10.255.85.108,executor 24, partition 527, PROCESS_LOCAL, 
26/05/28 14:32:25 INFO TaskSetManager: Starting task 528.0 in stage 19.0 (TID 8886) (10.255.64.190,executor 16, partition 528, PROCESS_LOCAL, 
26/05/28 14:32:25 INFO TaskSetManager: Starting task 529.0 in stage 19.0 (TID 8887) (10.255.72.249,executor 5, partition 529, PROCESS_LOCAL, 
26/05/28 14:32:25 INFO TaskSetManager: Starting task 530.0 in stage 19.0 (TID 8888) (10.255.74.59,executor 4, partition 530, PROCESS_LOCAL, 
26/05/28 14:32:25 INFO TaskSetManager: Starting task 531.0 in stage 19.0 (TID 8889) (10.255.70.40,executor 20, partition 531, PROCESS_LOCAL, 
26/05/28 14:32:25 INFO TaskSetManager: Starting task 532.0 in stage 19.0 (TID 8890) (10.255.74.50,executor 33, partition 532, PROCESS_LOCAL, 
26/05/28 14:32:25 INFO TaskSetManager: Starting task 533.0 in stage 19.0 (TID 8891) (10.255.86.213,executor 11, partition 533, PROCESS_LOCAL, 
26/05/28 14:32:25 INFO TaskSetManager: Starting task 534.0 in stage 19.0 (TID 8892) (10.255.82.104,executor 26, partition 534, PROCESS_LOCAL, 
26/05/28 14:32:25 INFO TaskSetManager: Starting task 535.0 in stage 19.0 (TID 8893) (10.255.92.36,executor 1, partition 535, PROCESS_LOCAL, 
26/05/28 14:32:25 INFO TaskSetManager: Starting task 536.0 in stage 19.0 (TID 8894) (10.255.79.106,executor 14, partition 536, PROCESS_LOCAL, 
26/05/28 14:32:25 INFO TaskSetManager: Starting task 537.0 in stage 19.0 (TID 8895) (10.255.94.172,executor 17, partition 537, PROCESS_LOCAL, 
26/05/28 14:32:25 INFO TaskSetManager: Starting task 538.0 in stage 19.0 (TID 8896) (10.255.82.96,executor 32, partition 538, PROCESS_LOCAL, 
26/05/28 14:32:25 INFO TaskSetManager: Starting task 539.0 in stage 19.0 (TID 8897) (10.255.90.96,executor 2, partition 539, PROCESS_LOCAL, 
26/05/28 14:32:25 INFO TaskSetManager: Starting task 540.0 in stage 19.0 (TID 8898) (10.255.77.249,executor 18, partition 540, PROCESS_LOCAL, 
26/05/28 14:32:25 INFO TaskSetManager: Starting task 541.0 in stage 19.0 (TID 8899) (10.255.79.209,executor 30, partition 541, PROCESS_LOCAL, 
26/05/28 14:32:25 INFO TaskSetManager: Starting task 542.0 in stage 19.0 (TID 8900) (10.255.87.71,executor 10, partition 542, PROCESS_LOCAL, 
26/05/28 14:32:25 INFO TaskSetManager: Starting task 543.0 in stage 19.0 (TID 8901) (10.255.76.16,executor 19, partition 543, PROCESS_LOCAL, 
26/05/28 14:32:25 INFO TaskSetManager: Starting task 544.0 in stage 19.0 (TID 8902) (10.255.82.150,executor 13, partition 544, PROCESS_LOCAL, 
26/05/28 14:32:25 INFO TaskSetManager: Starting task 545.0 in stage 19.0 (TID 8903) (10.255.68.53,executor 21, partition 545, PROCESS_LOCAL, 
26/05/28 14:32:25 INFO TaskSetManager: Starting task 546.0 in stage 19.0 (TID 8904) (10.255.71.90,executor 6, partition 546, PROCESS_LOCAL, 
26/05/28 14:32:25 INFO TaskSetManager: Starting task 547.0 in stage 19.0 (TID 8905) (10.255.69.10,executor 27, partition 547, PROCESS_LOCAL, 
26/05/28 14:32:25 INFO TaskSetManager: Starting task 548.0 in stage 19.0 (TID 8906) (10.255.90.38,executor 31, partition 548, PROCESS_LOCAL, 
26/05/28 14:32:25 INFO TaskSetManager: Starting task 549.0 in stage 19.0 (TID 8907) (10.255.88.48,executor 9, partition 549, PROCESS_LOCAL, 
26/05/28 14:32:25 INFO TaskSetManager: Starting task 550.0 in stage 19.0 (TID 8908) (10.255.81.155,executor 3, partition 550, PROCESS_LOCAL, 
26/05/28 14:32:25 INFO TaskSetManager: Starting task 551.0 in stage 19.0 (TID 8909) (10.255.90.214,executor 0, partition 551, PROCESS_LOCAL, 
26/05/28 14:32:25 INFO TaskSetManager: Starting task 552.0 in stage 19.0 (TID 8910) (10.255.88.132,executor 34, partition 552, PROCESS_LOCAL, 
26/05/28 14:32:25 INFO TaskSetManager: Starting task 553.0 in stage 19.0 (TID 8911) (10.255.85.154,executor 23, partition 553, PROCESS_LOCAL, 
26/05/28 14:32:25 INFO TaskSetManager: Starting task 554.0 in stage 19.0 (TID 8912) (10.255.85.41,executor 12, partition 554, PROCESS_LOCAL, 
26/05/28 14:32:25 INFO TaskSetManager: Starting task 555.0 in stage 19.0 (TID 8913) (10.255.94.66,executor 29, partition 555, PROCESS_LOCAL, 
26/05/28 14:32:25 INFO TaskSetManager: Starting task 556.0 in stage 19.0 (TID 8914) (10.255.89.71,executor 7, partition 556, PROCESS_LOCAL, 
26/05/28 14:32:25 INFO TaskSetManager: Starting task 557.0 in stage 19.0 (TID 8915) (10.255.89.57,executor 8, partition 557, PROCESS_LOCAL, 
26/05/28 14:32:25 INFO TaskSetManager: Starting task 558.0 in stage 19.0 (TID 8916) (10.255.77.87,executor 25, partition 558, PROCESS_LOCAL, 
26/05/28 14:32:25 INFO TaskSetManager: Starting task 559.0 in stage 19.0 (TID 8917) (10.255.84.128,executor 22, partition 559, PROCESS_LOCAL, 
26/05/28 14:32:25 INFO TaskSetManager: Starting task 560.0 in stage 19.0 (TID 8918) (10.255.70.115,executor 28, partition 560, PROCESS_LOCAL, 
26/05/28 14:32:25 INFO TaskSetManager: Starting task 561.0 in stage 19.0 (TID 8919) (10.255.66.241,executor 15, partition 561, PROCESS_LOCAL, 
26/05/28 14:32:25 INFO TaskSetManager: Starting task 562.0 in stage 19.0 (TID 8920) (10.255.85.108,executor 24, partition 562, PROCESS_LOCAL, 
26/05/28 14:32:25 INFO TaskSetManager: Starting task 563.0 in stage 19.0 (TID 8921) (10.255.64.190,executor 16, partition 563, PROCESS_LOCAL, 
26/05/28 14:32:25 INFO TaskSetManager: Starting task 564.0 in stage 19.0 (TID 8922) (10.255.72.249,executor 5, partition 564, PROCESS_LOCAL, 
26/05/28 14:32:25 INFO TaskSetManager: Starting task 565.0 in stage 19.0 (TID 8923) (10.255.74.59,executor 4, partition 565, PROCESS_LOCAL, 
26/05/28 14:32:25 INFO TaskSetManager: Starting task 566.0 in stage 19.0 (TID 8924) (10.255.70.40,executor 20, partition 566, PROCESS_LOCAL, 
26/05/28 14:32:25 INFO TaskSetManager: Starting task 567.0 in stage 19.0 (TID 8925) (10.255.74.50,executor 33, partition 567, PROCESS_LOCAL, 
26/05/28 14:32:25 INFO TaskSetManager: Starting task 568.0 in stage 19.0 (TID 8926) (10.255.86.213,executor 11, partition 568, PROCESS_LOCAL, 
26/05/28 14:32:25 INFO TaskSetManager: Starting task 569.0 in stage 19.0 (TID 8927) (10.255.82.104,executor 26, partition 569, PROCESS_LOCAL, 
26/05/28 14:32:25 INFO TaskSetManager: Starting task 570.0 in stage 19.0 (TID 8928) (10.255.92.36,executor 1, partition 570, PROCESS_LOCAL, 
26/05/28 14:32:25 INFO TaskSetManager: Starting task 571.0 in stage 19.0 (TID 8929) (10.255.79.106,executor 14, partition 571, PROCESS_LOCAL, 
26/05/28 14:32:25 INFO TaskSetManager: Starting task 572.0 in stage 19.0 (TID 8930) (10.255.94.172,executor 17, partition 572, PROCESS_LOCAL, 
26/05/28 14:32:25 INFO TaskSetManager: Starting task 573.0 in stage 19.0 (TID 8931) (10.255.82.96,executor 32, partition 573, PROCESS_LOCAL, 
26/05/28 14:32:25 INFO TaskSetManager: Starting task 574.0 in stage 19.0 (TID 8932) (10.255.90.96,executor 2, partition 574, PROCESS_LOCAL, 
26/05/28 14:32:25 INFO TaskSetManager: Starting task 575.0 in stage 19.0 (TID 8933) (10.255.77.249,executor 18, partition 575, PROCESS_LOCAL, 
26/05/28 14:32:25 INFO TaskSetManager: Starting task 576.0 in stage 19.0 (TID 8934) (10.255.79.209,executor 30, partition 576, PROCESS_LOCAL, 
26/05/28 14:32:25 INFO TaskSetManager: Starting task 577.0 in stage 19.0 (TID 8935) (10.255.87.71,executor 10, partition 577, PROCESS_LOCAL, 
26/05/28 14:32:25 INFO TaskSetManager: Starting task 578.0 in stage 19.0 (TID 8936) (10.255.76.16,executor 19, partition 578, PROCESS_LOCAL, 
26/05/28 14:32:25 INFO TaskSetManager: Starting task 579.0 in stage 19.0 (TID 8937) (10.255.82.150,executor 13, partition 579, PROCESS_LOCAL, 
26/05/28 14:32:25 INFO TaskSetManager: Starting task 580.0 in stage 19.0 (TID 8938) (10.255.68.53,executor 21, partition 580, PROCESS_LOCAL, 
26/05/28 14:32:25 INFO TaskSetManager: Starting task 581.0 in stage 19.0 (TID 8939) (10.255.71.90,executor 6, partition 581, PROCESS_LOCAL, 
26/05/28 14:32:25 INFO TaskSetManager: Starting task 582.0 in stage 19.0 (TID 8940) (10.255.69.10,executor 27, partition 582, PROCESS_LOCAL, 
26/05/28 14:32:25 INFO TaskSetManager: Starting task 583.0 in stage 19.0 (TID 8941) (10.255.90.38,executor 31, partition 583, PROCESS_LOCAL, 
26/05/28 14:32:25 INFO TaskSetManager: Starting task 584.0 in stage 19.0 (TID 8942) (10.255.88.48,executor 9, partition 584, PROCESS_LOCAL, 
26/05/28 14:32:25 INFO TaskSetManager: Starting task 585.0 in stage 19.0 (TID 8943) (10.255.81.155,executor 3, partition 585, PROCESS_LOCAL, 
26/05/28 14:32:25 INFO TaskSetManager: Starting task 586.0 in stage 19.0 (TID 8944) (10.255.90.214,executor 0, partition 586, PROCESS_LOCAL, 
26/05/28 14:32:25 INFO TaskSetManager: Starting task 587.0 in stage 19.0 (TID 8945) (10.255.88.132,executor 34, partition 587, PROCESS_LOCAL, 
26/05/28 14:32:25 INFO TaskSetManager: Starting task 588.0 in stage 19.0 (TID 8946) (10.255.85.154,executor 23, partition 588, PROCESS_LOCAL, 
26/05/28 14:32:25 INFO TaskSetManager: Starting task 589.0 in stage 19.0 (TID 8947) (10.255.85.41,executor 12, partition 589, PROCESS_LOCAL, 
26/05/28 14:32:25 INFO TaskSetManager: Starting task 590.0 in stage 19.0 (TID 8948) (10.255.94.66,executor 29, partition 590, PROCESS_LOCAL, 
26/05/28 14:32:25 INFO TaskSetManager: Starting task 591.0 in stage 19.0 (TID 8949) (10.255.89.71,executor 7, partition 591, PROCESS_LOCAL, 
26/05/28 14:32:25 INFO TaskSetManager: Starting task 592.0 in stage 19.0 (TID 8950) (10.255.89.57,executor 8, partition 592, PROCESS_LOCAL, 
26/05/28 14:32:25 INFO TaskSetManager: Starting task 593.0 in stage 19.0 (TID 8951) (10.255.77.87,executor 25, partition 593, PROCESS_LOCAL, 
26/05/28 14:32:25 INFO TaskSetManager: Starting task 594.0 in stage 19.0 (TID 8952) (10.255.84.128,executor 22, partition 594, PROCESS_LOCAL, 
26/05/28 14:32:25 INFO TaskSetManager: Starting task 595.0 in stage 19.0 (TID 8953) (10.255.70.115,executor 28, partition 595, PROCESS_LOCAL, 
26/05/28 14:32:25 INFO TaskSetManager: Starting task 596.0 in stage 19.0 (TID 8954) (10.255.66.241,executor 15, partition 596, PROCESS_LOCAL, 
26/05/28 14:32:25 INFO TaskSetManager: Starting task 597.0 in stage 19.0 (TID 8955) (10.255.85.108,executor 24, partition 597, PROCESS_LOCAL, 
26/05/28 14:32:25 INFO TaskSetManager: Starting task 598.0 in stage 19.0 (TID 8956) (10.255.64.190,executor 16, partition 598, PROCESS_LOCAL, 
26/05/28 14:32:25 INFO TaskSetManager: Starting task 599.0 in stage 19.0 (TID 8957) (10.255.72.249,executor 5, partition 599, PROCESS_LOCAL, 
26/05/28 14:32:25 INFO TaskSetManager: Starting task 600.0 in stage 19.0 (TID 8958) (10.255.74.59,executor 4, partition 600, PROCESS_LOCAL, 
26/05/28 14:32:25 INFO TaskSetManager: Starting task 601.0 in stage 19.0 (TID 8959) (10.255.70.40,executor 20, partition 601, PROCESS_LOCAL, 
26/05/28 14:32:25 INFO TaskSetManager: Starting task 602.0 in stage 19.0 (TID 8960) (10.255.74.50,executor 33, partition 602, PROCESS_LOCAL, 
26/05/28 14:32:25 INFO TaskSetManager: Starting task 603.0 in stage 19.0 (TID 8961) (10.255.86.213,executor 11, partition 603, PROCESS_LOCAL, 
26/05/28 14:32:25 INFO TaskSetManager: Starting task 604.0 in stage 19.0 (TID 8962) (10.255.82.104,executor 26, partition 604, PROCESS_LOCAL, 
26/05/28 14:32:25 INFO TaskSetManager: Starting task 605.0 in stage 19.0 (TID 8963) (10.255.92.36,executor 1, partition 605, PROCESS_LOCAL, 
26/05/28 14:32:25 INFO TaskSetManager: Starting task 606.0 in stage 19.0 (TID 8964) (10.255.79.106,executor 14, partition 606, PROCESS_LOCAL, 
26/05/28 14:32:25 INFO TaskSetManager: Starting task 607.0 in stage 19.0 (TID 8965) (10.255.94.172,executor 17, partition 607, PROCESS_LOCAL, 
26/05/28 14:32:25 INFO TaskSetManager: Starting task 608.0 in stage 19.0 (TID 8966) (10.255.82.96,executor 32, partition 608, PROCESS_LOCAL, 
26/05/28 14:32:25 INFO TaskSetManager: Starting task 609.0 in stage 19.0 (TID 8967) (10.255.90.96,executor 2, partition 609, PROCESS_LOCAL, 
26/05/28 14:32:25 INFO TaskSetManager: Starting task 610.0 in stage 19.0 (TID 8968) (10.255.77.249,executor 18, partition 610, PROCESS_LOCAL, 
26/05/28 14:32:25 INFO TaskSetManager: Starting task 611.0 in stage 19.0 (TID 8969) (10.255.79.209,executor 30, partition 611, PROCESS_LOCAL, 
26/05/28 14:32:25 INFO TaskSetManager: Starting task 612.0 in stage 19.0 (TID 8970) (10.255.87.71,executor 10, partition 612, PROCESS_LOCAL, 
26/05/28 14:32:25 INFO TaskSetManager: Starting task 613.0 in stage 19.0 (TID 8971) (10.255.76.16,executor 19, partition 613, PROCESS_LOCAL, 
26/05/28 14:32:25 INFO TaskSetManager: Starting task 614.0 in stage 19.0 (TID 8972) (10.255.82.150,executor 13, partition 614, PROCESS_LOCAL, 
26/05/28 14:32:25 INFO TaskSetManager: Starting task 615.0 in stage 19.0 (TID 8973) (10.255.68.53,executor 21, partition 615, PROCESS_LOCAL, 
26/05/28 14:32:25 INFO TaskSetManager: Starting task 616.0 in stage 19.0 (TID 8974) (10.255.71.90,executor 6, partition 616, PROCESS_LOCAL, 
26/05/28 14:32:25 INFO TaskSetManager: Starting task 617.0 in stage 19.0 (TID 8975) (10.255.69.10,executor 27, partition 617, PROCESS_LOCAL, 
26/05/28 14:32:25 INFO TaskSetManager: Starting task 618.0 in stage 19.0 (TID 8976) (10.255.90.38,executor 31, partition 618, PROCESS_LOCAL, 
26/05/28 14:32:25 INFO TaskSetManager: Starting task 619.0 in stage 19.0 (TID 8977) (10.255.88.48,executor 9, partition 619, PROCESS_LOCAL, 
26/05/28 14:32:25 INFO TaskSetManager: Starting task 620.0 in stage 19.0 (TID 8978) (10.255.81.155,executor 3, partition 620, PROCESS_LOCAL, 
26/05/28 14:32:25 INFO TaskSetManager: Starting task 621.0 in stage 19.0 (TID 8979) (10.255.90.214,executor 0, partition 621, PROCESS_LOCAL, 
26/05/28 14:32:25 INFO TaskSetManager: Starting task 622.0 in stage 19.0 (TID 8980) (10.255.88.132,executor 34, partition 622, PROCESS_LOCAL, 
26/05/28 14:32:25 INFO TaskSetManager: Starting task 623.0 in stage 19.0 (TID 8981) (10.255.85.154,executor 23, partition 623, PROCESS_LOCAL, 
26/05/28 14:32:25 INFO TaskSetManager: Starting task 624.0 in stage 19.0 (TID 8982) (10.255.85.41,executor 12, partition 624, PROCESS_LOCAL, 
26/05/28 14:32:25 INFO TaskSetManager: Starting task 625.0 in stage 19.0 (TID 8983) (10.255.94.66,executor 29, partition 625, PROCESS_LOCAL, 
26/05/28 14:32:25 INFO TaskSetManager: Starting task 626.0 in stage 19.0 (TID 8984) (10.255.89.71,executor 7, partition 626, PROCESS_LOCAL, 
26/05/28 14:32:25 INFO TaskSetManager: Starting task 627.0 in stage 19.0 (TID 8985) (10.255.89.57,executor 8, partition 627, PROCESS_LOCAL, 
26/05/28 14:32:25 INFO TaskSetManager: Starting task 628.0 in stage 19.0 (TID 8986) (10.255.77.87,executor 25, partition 628, PROCESS_LOCAL, 
26/05/28 14:32:25 INFO TaskSetManager: Starting task 629.0 in stage 19.0 (TID 8987) (10.255.84.128,executor 22, partition 629, PROCESS_LOCAL, 
26/05/28 14:32:25 INFO TaskSetManager: Starting task 630.0 in stage 19.0 (TID 8988) (10.255.70.115,executor 28, partition 630, PROCESS_LOCAL, 
26/05/28 14:32:25 INFO TaskSetManager: Starting task 631.0 in stage 19.0 (TID 8989) (10.255.66.241,executor 15, partition 631, PROCESS_LOCAL, 
26/05/28 14:32:25 INFO TaskSetManager: Starting task 632.0 in stage 19.0 (TID 8990) (10.255.85.108,executor 24, partition 632, PROCESS_LOCAL, 
26/05/28 14:32:25 INFO TaskSetManager: Starting task 633.0 in stage 19.0 (TID 8991) (10.255.64.190,executor 16, partition 633, PROCESS_LOCAL, 
26/05/28 14:32:25 INFO TaskSetManager: Starting task 634.0 in stage 19.0 (TID 8992) (10.255.72.249,executor 5, partition 634, PROCESS_LOCAL, 
26/05/28 14:32:25 INFO TaskSetManager: Starting task 635.0 in stage 19.0 (TID 8993) (10.255.74.59,executor 4, partition 635, PROCESS_LOCAL, 
26/05/28 14:32:25 INFO TaskSetManager: Starting task 636.0 in stage 19.0 (TID 8994) (10.255.70.40,executor 20, partition 636, PROCESS_LOCAL, 
26/05/28 14:32:25 INFO TaskSetManager: Starting task 637.0 in stage 19.0 (TID 8995) (10.255.74.50,executor 33, partition 637, PROCESS_LOCAL, 
26/05/28 14:32:25 INFO TaskSetManager: Starting task 638.0 in stage 19.0 (TID 8996) (10.255.86.213,executor 11, partition 638, PROCESS_LOCAL, 
26/05/28 14:32:25 INFO TaskSetManager: Starting task 639.0 in stage 19.0 (TID 8997) (10.255.82.104,executor 26, partition 639, PROCESS_LOCAL, 
26/05/28 14:32:25 INFO TaskSetManager: Starting task 640.0 in stage 19.0 (TID 8998) (10.255.92.36,executor 1, partition 640, PROCESS_LOCAL, 
26/05/28 14:32:25 INFO TaskSetManager: Starting task 641.0 in stage 19.0 (TID 8999) (10.255.79.106,executor 14, partition 641, PROCESS_LOCAL, 
26/05/28 14:32:25 INFO TaskSetManager: Starting task 642.0 in stage 19.0 (TID 9000) (10.255.94.172,executor 17, partition 642, PROCESS_LOCAL, 
26/05/28 14:32:25 INFO TaskSetManager: Starting task 643.0 in stage 19.0 (TID 9001) (10.255.82.96,executor 32, partition 643, PROCESS_LOCAL, 
26/05/28 14:32:25 INFO TaskSetManager: Starting task 644.0 in stage 19.0 (TID 9002) (10.255.90.96,executor 2, partition 644, PROCESS_LOCAL, 
26/05/28 14:32:25 INFO TaskSetManager: Starting task 645.0 in stage 19.0 (TID 9003) (10.255.77.249,executor 18, partition 645, PROCESS_LOCAL, 
26/05/28 14:32:25 INFO TaskSetManager: Starting task 646.0 in stage 19.0 (TID 9004) (10.255.79.209,executor 30, partition 646, PROCESS_LOCAL, 
26/05/28 14:32:25 INFO TaskSetManager: Starting task 647.0 in stage 19.0 (TID 9005) (10.255.87.71,executor 10, partition 647, PROCESS_LOCAL, 
26/05/28 14:32:25 INFO TaskSetManager: Starting task 648.0 in stage 19.0 (TID 9006) (10.255.76.16,executor 19, partition 648, PROCESS_LOCAL, 
26/05/28 14:32:25 INFO TaskSetManager: Starting task 649.0 in stage 19.0 (TID 9007) (10.255.82.150,executor 13, partition 649, PROCESS_LOCAL, 
26/05/28 14:32:25 INFO TaskSetManager: Starting task 650.0 in stage 19.0 (TID 9008) (10.255.68.53,executor 21, partition 650, PROCESS_LOCAL, 
26/05/28 14:32:25 INFO TaskSetManager: Starting task 651.0 in stage 19.0 (TID 9009) (10.255.71.90,executor 6, partition 651, PROCESS_LOCAL, 
26/05/28 14:32:25 INFO TaskSetManager: Starting task 652.0 in stage 19.0 (TID 9010) (10.255.69.10,executor 27, partition 652, PROCESS_LOCAL, 
26/05/28 14:32:25 INFO TaskSetManager: Starting task 653.0 in stage 19.0 (TID 9011) (10.255.90.38,executor 31, partition 653, PROCESS_LOCAL, 
26/05/28 14:32:25 INFO TaskSetManager: Starting task 654.0 in stage 19.0 (TID 9012) (10.255.88.48,executor 9, partition 654, PROCESS_LOCAL, 
26/05/28 14:32:25 INFO TaskSetManager: Starting task 655.0 in stage 19.0 (TID 9013) (10.255.81.155,executor 3, partition 655, PROCESS_LOCAL, 
26/05/28 14:32:25 INFO TaskSetManager: Starting task 656.0 in stage 19.0 (TID 9014) (10.255.90.214,executor 0, partition 656, PROCESS_LOCAL, 
26/05/28 14:32:25 INFO TaskSetManager: Starting task 657.0 in stage 19.0 (TID 9015) (10.255.88.132,executor 34, partition 657, PROCESS_LOCAL, 
26/05/28 14:32:25 INFO TaskSetManager: Starting task 658.0 in stage 19.0 (TID 9016) (10.255.85.154,executor 23, partition 658, PROCESS_LOCAL, 
26/05/28 14:32:25 INFO TaskSetManager: Starting task 659.0 in stage 19.0 (TID 9017) (10.255.85.41,executor 12, partition 659, PROCESS_LOCAL, 
26/05/28 14:32:25 INFO TaskSetManager: Starting task 660.0 in stage 19.0 (TID 9018) (10.255.94.66,executor 29, partition 660, PROCESS_LOCAL, 
26/05/28 14:32:25 INFO TaskSetManager: Starting task 661.0 in stage 19.0 (TID 9019) (10.255.89.71,executor 7, partition 661, PROCESS_LOCAL, 
26/05/28 14:32:25 INFO TaskSetManager: Starting task 662.0 in stage 19.0 (TID 9020) (10.255.89.57,executor 8, partition 662, PROCESS_LOCAL, 
26/05/28 14:32:25 INFO TaskSetManager: Starting task 663.0 in stage 19.0 (TID 9021) (10.255.77.87,executor 25, partition 663, PROCESS_LOCAL, 
26/05/28 14:32:25 INFO TaskSetManager: Starting task 664.0 in stage 19.0 (TID 9022) (10.255.84.128,executor 22, partition 664, PROCESS_LOCAL, 
26/05/28 14:32:25 INFO TaskSetManager: Starting task 665.0 in stage 19.0 (TID 9023) (10.255.70.115,executor 28, partition 665, PROCESS_LOCAL, 
26/05/28 14:32:25 INFO TaskSetManager: Starting task 666.0 in stage 19.0 (TID 9024) (10.255.66.241,executor 15, partition 666, PROCESS_LOCAL, 
26/05/28 14:32:25 INFO TaskSetManager: Starting task 667.0 in stage 19.0 (TID 9025) (10.255.85.108,executor 24, partition 667, PROCESS_LOCAL, 
26/05/28 14:32:25 INFO TaskSetManager: Starting task 668.0 in stage 19.0 (TID 9026) (10.255.64.190,executor 16, partition 668, PROCESS_LOCAL, 
26/05/28 14:32:25 INFO TaskSetManager: Starting task 669.0 in stage 19.0 (TID 9027) (10.255.72.249,executor 5, partition 669, PROCESS_LOCAL, 
26/05/28 14:32:25 INFO TaskSetManager: Starting task 670.0 in stage 19.0 (TID 9028) (10.255.74.59,executor 4, partition 670, PROCESS_LOCAL, 
26/05/28 14:32:25 INFO TaskSetManager: Starting task 671.0 in stage 19.0 (TID 9029) (10.255.70.40,executor 20, partition 671, PROCESS_LOCAL, 
26/05/28 14:32:25 INFO TaskSetManager: Starting task 672.0 in stage 19.0 (TID 9030) (10.255.74.50,executor 33, partition 672, PROCESS_LOCAL, 
26/05/28 14:32:25 INFO TaskSetManager: Starting task 673.0 in stage 19.0 (TID 9031) (10.255.86.213,executor 11, partition 673, PROCESS_LOCAL, 
26/05/28 14:32:25 INFO TaskSetManager: Starting task 674.0 in stage 19.0 (TID 9032) (10.255.82.104,executor 26, partition 674, PROCESS_LOCAL, 
26/05/28 14:32:25 INFO TaskSetManager: Starting task 675.0 in stage 19.0 (TID 9033) (10.255.92.36,executor 1, partition 675, PROCESS_LOCAL, 
26/05/28 14:32:25 INFO TaskSetManager: Starting task 676.0 in stage 19.0 (TID 9034) (10.255.79.106,executor 14, partition 676, PROCESS_LOCAL, 
26/05/28 14:32:25 INFO TaskSetManager: Starting task 677.0 in stage 19.0 (TID 9035) (10.255.94.172,executor 17, partition 677, PROCESS_LOCAL, 
26/05/28 14:32:25 INFO TaskSetManager: Starting task 678.0 in stage 19.0 (TID 9036) (10.255.82.96,executor 32, partition 678, PROCESS_LOCAL, 
26/05/28 14:32:25 INFO TaskSetManager: Starting task 679.0 in stage 19.0 (TID 9037) (10.255.90.96,executor 2, partition 679, PROCESS_LOCAL, 
26/05/28 14:32:25 INFO TaskSetManager: Starting task 680.0 in stage 19.0 (TID 9038) (10.255.77.249,executor 18, partition 680, PROCESS_LOCAL, 
26/05/28 14:32:25 INFO TaskSetManager: Starting task 681.0 in stage 19.0 (TID 9039) (10.255.79.209,executor 30, partition 681, PROCESS_LOCAL, 
26/05/28 14:32:25 INFO TaskSetManager: Starting task 682.0 in stage 19.0 (TID 9040) (10.255.87.71,executor 10, partition 682, PROCESS_LOCAL, 
26/05/28 14:32:25 INFO TaskSetManager: Starting task 683.0 in stage 19.0 (TID 9041) (10.255.76.16,executor 19, partition 683, PROCESS_LOCAL, 
26/05/28 14:32:25 INFO TaskSetManager: Starting task 684.0 in stage 19.0 (TID 9042) (10.255.82.150,executor 13, partition 684, PROCESS_LOCAL, 
26/05/28 14:32:25 INFO TaskSetManager: Starting task 685.0 in stage 19.0 (TID 9043) (10.255.68.53,executor 21, partition 685, PROCESS_LOCAL, 
26/05/28 14:32:25 INFO TaskSetManager: Starting task 686.0 in stage 19.0 (TID 9044) (10.255.71.90,executor 6, partition 686, PROCESS_LOCAL, 
26/05/28 14:32:25 INFO TaskSetManager: Starting task 687.0 in stage 19.0 (TID 9045) (10.255.69.10,executor 27, partition 687, PROCESS_LOCAL, 
26/05/28 14:32:25 INFO TaskSetManager: Starting task 688.0 in stage 19.0 (TID 9046) (10.255.90.38,executor 31, partition 688, PROCESS_LOCAL, 
26/05/28 14:32:25 INFO TaskSetManager: Starting task 689.0 in stage 19.0 (TID 9047) (10.255.88.48,executor 9, partition 689, PROCESS_LOCAL, 
26/05/28 14:32:25 INFO TaskSetManager: Starting task 690.0 in stage 19.0 (TID 9048) (10.255.81.155,executor 3, partition 690, PROCESS_LOCAL, 
26/05/28 14:32:25 INFO TaskSetManager: Starting task 691.0 in stage 19.0 (TID 9049) (10.255.90.214,executor 0, partition 691, PROCESS_LOCAL, 
26/05/28 14:32:25 INFO TaskSetManager: Starting task 692.0 in stage 19.0 (TID 9050) (10.255.88.132,executor 34, partition 692, PROCESS_LOCAL, 
26/05/28 14:32:25 INFO TaskSetManager: Starting task 693.0 in stage 19.0 (TID 9051) (10.255.85.154,executor 23, partition 693, PROCESS_LOCAL, 
26/05/28 14:32:25 INFO TaskSetManager: Starting task 694.0 in stage 19.0 (TID 9052) (10.255.85.41,executor 12, partition 694, PROCESS_LOCAL, 
26/05/28 14:32:25 INFO TaskSetManager: Starting task 695.0 in stage 19.0 (TID 9053) (10.255.94.66,executor 29, partition 695, PROCESS_LOCAL, 
26/05/28 14:32:25 INFO TaskSetManager: Starting task 696.0 in stage 19.0 (TID 9054) (10.255.89.71,executor 7, partition 696, PROCESS_LOCAL, 
26/05/28 14:32:25 INFO TaskSetManager: Starting task 697.0 in stage 19.0 (TID 9055) (10.255.89.57,executor 8, partition 697, PROCESS_LOCAL, 
26/05/28 14:32:25 INFO TaskSetManager: Starting task 698.0 in stage 19.0 (TID 9056) (10.255.77.87,executor 25, partition 698, PROCESS_LOCAL, 
26/05/28 14:32:25 INFO TaskSetManager: Starting task 699.0 in stage 19.0 (TID 9057) (10.255.84.128,executor 22, partition 699, PROCESS_LOCAL, 
26/05/28 14:32:25 INFO TaskSetManager: Starting task 700.0 in stage 19.0 (TID 9058) (10.255.70.115,executor 28, partition 700, PROCESS_LOCAL, 
26/05/28 14:32:25 INFO TaskSetManager: Starting task 701.0 in stage 19.0 (TID 9059) (10.255.66.241,executor 15, partition 701, PROCESS_LOCAL, 
26/05/28 14:32:25 INFO TaskSetManager: Starting task 702.0 in stage 19.0 (TID 9060) (10.255.85.108,executor 24, partition 702, PROCESS_LOCAL, 
26/05/28 14:32:25 INFO TaskSetManager: Starting task 703.0 in stage 19.0 (TID 9061) (10.255.64.190,executor 16, partition 703, PROCESS_LOCAL, 
26/05/28 14:32:25 INFO TaskSetManager: Starting task 704.0 in stage 19.0 (TID 9062) (10.255.72.249,executor 5, partition 704, PROCESS_LOCAL, 
26/05/28 14:32:25 INFO TaskSetManager: Starting task 705.0 in stage 19.0 (TID 9063) (10.255.74.59,executor 4, partition 705, PROCESS_LOCAL, 
26/05/28 14:32:25 INFO TaskSetManager: Starting task 706.0 in stage 19.0 (TID 9064) (10.255.70.40,executor 20, partition 706, PROCESS_LOCAL, 
26/05/28 14:32:25 INFO TaskSetManager: Starting task 707.0 in stage 19.0 (TID 9065) (10.255.74.50,executor 33, partition 707, PROCESS_LOCAL, 
26/05/28 14:32:25 INFO TaskSetManager: Starting task 708.0 in stage 19.0 (TID 9066) (10.255.86.213,executor 11, partition 708, PROCESS_LOCAL, 
26/05/28 14:32:25 INFO TaskSetManager: Starting task 709.0 in stage 19.0 (TID 9067) (10.255.82.104,executor 26, partition 709, PROCESS_LOCAL, 
26/05/28 14:32:25 INFO TaskSetManager: Starting task 710.0 in stage 19.0 (TID 9068) (10.255.92.36,executor 1, partition 710, PROCESS_LOCAL, 
26/05/28 14:32:25 INFO TaskSetManager: Starting task 711.0 in stage 19.0 (TID 9069) (10.255.79.106,executor 14, partition 711, PROCESS_LOCAL, 
26/05/28 14:32:25 INFO TaskSetManager: Starting task 712.0 in stage 19.0 (TID 9070) (10.255.94.172,executor 17, partition 712, PROCESS_LOCAL, 
26/05/28 14:32:25 INFO TaskSetManager: Starting task 713.0 in stage 19.0 (TID 9071) (10.255.82.96,executor 32, partition 713, PROCESS_LOCAL, 
26/05/28 14:32:25 INFO TaskSetManager: Starting task 714.0 in stage 19.0 (TID 9072) (10.255.90.96,executor 2, partition 714, PROCESS_LOCAL, 
26/05/28 14:32:25 INFO TaskSetManager: Starting task 715.0 in stage 19.0 (TID 9073) (10.255.77.249,executor 18, partition 715, PROCESS_LOCAL, 
26/05/28 14:32:25 INFO TaskSetManager: Starting task 716.0 in stage 19.0 (TID 9074) (10.255.79.209,executor 30, partition 716, PROCESS_LOCAL, 
26/05/28 14:32:25 INFO TaskSetManager: Starting task 717.0 in stage 19.0 (TID 9075) (10.255.87.71,executor 10, partition 717, PROCESS_LOCAL, 
26/05/28 14:32:25 INFO TaskSetManager: Starting task 718.0 in stage 19.0 (TID 9076) (10.255.76.16,executor 19, partition 718, PROCESS_LOCAL, 
26/05/28 14:32:25 INFO TaskSetManager: Starting task 719.0 in stage 19.0 (TID 9077) (10.255.82.150,executor 13, partition 719, PROCESS_LOCAL, 
26/05/28 14:32:25 INFO TaskSetManager: Starting task 720.0 in stage 19.0 (TID 9078) (10.255.68.53,executor 21, partition 720, PROCESS_LOCAL, 
26/05/28 14:32:25 INFO TaskSetManager: Starting task 721.0 in stage 19.0 (TID 9079) (10.255.71.90,executor 6, partition 721, PROCESS_LOCAL, 
26/05/28 14:32:25 INFO TaskSetManager: Starting task 722.0 in stage 19.0 (TID 9080) (10.255.69.10,executor 27, partition 722, PROCESS_LOCAL, 
26/05/28 14:32:25 INFO TaskSetManager: Starting task 723.0 in stage 19.0 (TID 9081) (10.255.90.38,executor 31, partition 723, PROCESS_LOCAL, 
26/05/28 14:32:25 INFO TaskSetManager: Starting task 724.0 in stage 19.0 (TID 9082) (10.255.88.48,executor 9, partition 724, PROCESS_LOCAL, 
26/05/28 14:32:25 INFO TaskSetManager: Starting task 725.0 in stage 19.0 (TID 9083) (10.255.81.155,executor 3, partition 725, PROCESS_LOCAL, 
26/05/28 14:32:25 INFO TaskSetManager: Starting task 726.0 in stage 19.0 (TID 9084) (10.255.90.214,executor 0, partition 726, PROCESS_LOCAL, 
26/05/28 14:32:25 INFO TaskSetManager: Starting task 727.0 in stage 19.0 (TID 9085) (10.255.88.132,executor 34, partition 727, PROCESS_LOCAL, 
26/05/28 14:32:25 INFO TaskSetManager: Starting task 728.0 in stage 19.0 (TID 9086) (10.255.85.154,executor 23, partition 728, PROCESS_LOCAL, 
26/05/28 14:32:25 INFO TaskSetManager: Starting task 729.0 in stage 19.0 (TID 9087) (10.255.85.41,executor 12, partition 729, PROCESS_LOCAL, 
26/05/28 14:32:25 INFO TaskSetManager: Starting task 730.0 in stage 19.0 (TID 9088) (10.255.94.66,executor 29, partition 730, PROCESS_LOCAL, 
26/05/28 14:32:25 INFO TaskSetManager: Starting task 731.0 in stage 19.0 (TID 9089) (10.255.89.71,executor 7, partition 731, PROCESS_LOCAL, 
26/05/28 14:32:25 INFO TaskSetManager: Starting task 732.0 in stage 19.0 (TID 9090) (10.255.89.57,executor 8, partition 732, PROCESS_LOCAL, 
26/05/28 14:32:25 INFO TaskSetManager: Starting task 733.0 in stage 19.0 (TID 9091) (10.255.77.87,executor 25, partition 733, PROCESS_LOCAL, 
26/05/28 14:32:25 INFO TaskSetManager: Starting task 734.0 in stage 19.0 (TID 9092) (10.255.84.128,executor 22, partition 734, PROCESS_LOCAL, 
26/05/28 14:32:25 INFO TaskSetManager: Starting task 735.0 in stage 19.0 (TID 9093) (10.255.70.115,executor 28, partition 735, PROCESS_LOCAL, 
26/05/28 14:32:25 INFO TaskSetManager: Starting task 736.0 in stage 19.0 (TID 9094) (10.255.66.241,executor 15, partition 736, PROCESS_LOCAL, 
26/05/28 14:32:25 INFO TaskSetManager: Starting task 737.0 in stage 19.0 (TID 9095) (10.255.85.108,executor 24, partition 737, PROCESS_LOCAL, 
26/05/28 14:32:25 INFO TaskSetManager: Starting task 738.0 in stage 19.0 (TID 9096) (10.255.64.190,executor 16, partition 738, PROCESS_LOCAL, 
26/05/28 14:32:25 INFO TaskSetManager: Starting task 739.0 in stage 19.0 (TID 9097) (10.255.72.249,executor 5, partition 739, PROCESS_LOCAL, 
26/05/28 14:32:25 INFO TaskSetManager: Starting task 740.0 in stage 19.0 (TID 9098) (10.255.74.59,executor 4, partition 740, PROCESS_LOCAL, 
26/05/28 14:32:25 INFO TaskSetManager: Starting task 741.0 in stage 19.0 (TID 9099) (10.255.70.40,executor 20, partition 741, PROCESS_LOCAL, 
26/05/28 14:32:25 INFO TaskSetManager: Starting task 742.0 in stage 19.0 (TID 9100) (10.255.74.50,executor 33, partition 742, PROCESS_LOCAL, 
26/05/28 14:32:25 INFO TaskSetManager: Starting task 743.0 in stage 19.0 (TID 9101) (10.255.86.213,executor 11, partition 743, PROCESS_LOCAL, 
26/05/28 14:32:25 INFO TaskSetManager: Starting task 744.0 in stage 19.0 (TID 9102) (10.255.82.104,executor 26, partition 744, PROCESS_LOCAL, 
26/05/28 14:32:25 INFO TaskSetManager: Starting task 745.0 in stage 19.0 (TID 9103) (10.255.92.36,executor 1, partition 745, PROCESS_LOCAL, 
26/05/28 14:32:25 INFO TaskSetManager: Starting task 746.0 in stage 19.0 (TID 9104) (10.255.79.106,executor 14, partition 746, PROCESS_LOCAL, 
26/05/28 14:32:25 INFO TaskSetManager: Starting task 747.0 in stage 19.0 (TID 9105) (10.255.94.172,executor 17, partition 747, PROCESS_LOCAL, 
26/05/28 14:32:25 INFO TaskSetManager: Starting task 748.0 in stage 19.0 (TID 9106) (10.255.82.96,executor 32, partition 748, PROCESS_LOCAL, 
26/05/28 14:32:25 INFO TaskSetManager: Starting task 749.0 in stage 19.0 (TID 9107) (10.255.90.96,executor 2, partition 749, PROCESS_LOCAL, 
26/05/28 14:32:25 INFO TaskSetManager: Starting task 750.0 in stage 19.0 (TID 9108) (10.255.77.249,executor 18, partition 750, PROCESS_LOCAL, 
26/05/28 14:32:25 INFO TaskSetManager: Starting task 751.0 in stage 19.0 (TID 9109) (10.255.79.209,executor 30, partition 751, PROCESS_LOCAL, 
26/05/28 14:32:25 INFO TaskSetManager: Starting task 752.0 in stage 19.0 (TID 9110) (10.255.87.71,executor 10, partition 752, PROCESS_LOCAL, 
26/05/28 14:32:25 INFO TaskSetManager: Starting task 753.0 in stage 19.0 (TID 9111) (10.255.76.16,executor 19, partition 753, PROCESS_LOCAL, 
26/05/28 14:32:25 INFO TaskSetManager: Starting task 754.0 in stage 19.0 (TID 9112) (10.255.82.150,executor 13, partition 754, PROCESS_LOCAL, 
26/05/28 14:32:25 INFO TaskSetManager: Starting task 755.0 in stage 19.0 (TID 9113) (10.255.68.53,executor 21, partition 755, PROCESS_LOCAL, 
26/05/28 14:32:25 INFO TaskSetManager: Starting task 756.0 in stage 19.0 (TID 9114) (10.255.71.90,executor 6, partition 756, PROCESS_LOCAL, 
26/05/28 14:32:25 INFO TaskSetManager: Starting task 757.0 in stage 19.0 (TID 9115) (10.255.69.10,executor 27, partition 757, PROCESS_LOCAL, 
26/05/28 14:32:25 INFO TaskSetManager: Starting task 758.0 in stage 19.0 (TID 9116) (10.255.90.38,executor 31, partition 758, PROCESS_LOCAL, 
26/05/28 14:32:25 INFO TaskSetManager: Starting task 759.0 in stage 19.0 (TID 9117) (10.255.88.48,executor 9, partition 759, PROCESS_LOCAL, 
26/05/28 14:32:25 INFO TaskSetManager: Starting task 760.0 in stage 19.0 (TID 9118) (10.255.81.155,executor 3, partition 760, PROCESS_LOCAL, 
26/05/28 14:32:25 INFO TaskSetManager: Starting task 761.0 in stage 19.0 (TID 9119) (10.255.90.214,executor 0, partition 761, PROCESS_LOCAL, 
26/05/28 14:32:25 INFO TaskSetManager: Starting task 762.0 in stage 19.0 (TID 9120) (10.255.88.132,executor 34, partition 762, PROCESS_LOCAL, 
26/05/28 14:32:25 INFO TaskSetManager: Starting task 763.0 in stage 19.0 (TID 9121) (10.255.85.154,executor 23, partition 763, PROCESS_LOCAL, 
26/05/28 14:32:25 INFO TaskSetManager: Starting task 764.0 in stage 19.0 (TID 9122) (10.255.85.41,executor 12, partition 764, PROCESS_LOCAL, 
26/05/28 14:32:25 INFO TaskSetManager: Starting task 765.0 in stage 19.0 (TID 9123) (10.255.94.66,executor 29, partition 765, PROCESS_LOCAL, 
26/05/28 14:32:25 INFO TaskSetManager: Starting task 766.0 in stage 19.0 (TID 9124) (10.255.89.71,executor 7, partition 766, PROCESS_LOCAL, 
26/05/28 14:32:25 INFO TaskSetManager: Starting task 767.0 in stage 19.0 (TID 9125) (10.255.89.57,executor 8, partition 767, PROCESS_LOCAL, 
26/05/28 14:32:25 INFO TaskSetManager: Starting task 768.0 in stage 19.0 (TID 9126) (10.255.77.87,executor 25, partition 768, PROCESS_LOCAL, 
26/05/28 14:32:25 INFO TaskSetManager: Starting task 769.0 in stage 19.0 (TID 9127) (10.255.84.128,executor 22, partition 769, PROCESS_LOCAL, 
26/05/28 14:32:25 INFO TaskSetManager: Starting task 770.0 in stage 19.0 (TID 9128) (10.255.70.115,executor 28, partition 770, PROCESS_LOCAL, 
26/05/28 14:32:25 INFO TaskSetManager: Starting task 771.0 in stage 19.0 (TID 9129) (10.255.66.241,executor 15, partition 771, PROCESS_LOCAL, 
26/05/28 14:32:25 INFO TaskSetManager: Starting task 772.0 in stage 19.0 (TID 9130) (10.255.85.108,executor 24, partition 772, PROCESS_LOCAL, 
26/05/28 14:32:25 INFO TaskSetManager: Starting task 773.0 in stage 19.0 (TID 9131) (10.255.64.190,executor 16, partition 773, PROCESS_LOCAL, 
26/05/28 14:32:25 INFO TaskSetManager: Starting task 774.0 in stage 19.0 (TID 9132) (10.255.72.249,executor 5, partition 774, PROCESS_LOCAL, 
26/05/28 14:32:25 INFO TaskSetManager: Starting task 775.0 in stage 19.0 (TID 9133) (10.255.74.59,executor 4, partition 775, PROCESS_LOCAL, 
26/05/28 14:32:25 INFO TaskSetManager: Starting task 776.0 in stage 19.0 (TID 9134) (10.255.70.40,executor 20, partition 776, PROCESS_LOCAL, 
26/05/28 14:32:25 INFO TaskSetManager: Starting task 777.0 in stage 19.0 (TID 9135) (10.255.74.50,executor 33, partition 777, PROCESS_LOCAL, 
26/05/28 14:32:25 INFO TaskSetManager: Starting task 778.0 in stage 19.0 (TID 9136) (10.255.86.213,executor 11, partition 778, PROCESS_LOCAL, 
26/05/28 14:32:25 INFO TaskSetManager: Starting task 779.0 in stage 19.0 (TID 9137) (10.255.82.104,executor 26, partition 779, PROCESS_LOCAL, 
26/05/28 14:32:25 INFO TaskSetManager: Starting task 780.0 in stage 19.0 (TID 9138) (10.255.92.36,executor 1, partition 780, PROCESS_LOCAL, 
26/05/28 14:32:25 INFO TaskSetManager: Starting task 781.0 in stage 19.0 (TID 9139) (10.255.79.106,executor 14, partition 781, PROCESS_LOCAL, 
26/05/28 14:32:25 INFO TaskSetManager: Starting task 782.0 in stage 19.0 (TID 9140) (10.255.94.172,executor 17, partition 782, PROCESS_LOCAL, 
26/05/28 14:32:25 INFO TaskSetManager: Starting task 783.0 in stage 19.0 (TID 9141) (10.255.82.96,executor 32, partition 783, PROCESS_LOCAL, 
26/05/28 14:32:25 INFO TaskSetManager: Starting task 784.0 in stage 19.0 (TID 9142) (10.255.90.96,executor 2, partition 784, PROCESS_LOCAL, 
26/05/28 14:32:25 INFO TaskSetManager: Starting task 785.0 in stage 19.0 (TID 9143) (10.255.77.249,executor 18, partition 785, PROCESS_LOCAL, 
26/05/28 14:32:25 INFO TaskSetManager: Starting task 786.0 in stage 19.0 (TID 9144) (10.255.79.209,executor 30, partition 786, PROCESS_LOCAL, 
26/05/28 14:32:25 INFO TaskSetManager: Starting task 787.0 in stage 19.0 (TID 9145) (10.255.87.71,executor 10, partition 787, PROCESS_LOCAL, 
26/05/28 14:32:25 INFO TaskSetManager: Starting task 788.0 in stage 19.0 (TID 9146) (10.255.76.16,executor 19, partition 788, PROCESS_LOCAL, 
26/05/28 14:32:25 INFO TaskSetManager: Starting task 789.0 in stage 19.0 (TID 9147) (10.255.82.150,executor 13, partition 789, PROCESS_LOCAL, 
26/05/28 14:32:25 INFO TaskSetManager: Starting task 790.0 in stage 19.0 (TID 9148) (10.255.68.53,executor 21, partition 790, PROCESS_LOCAL, 
26/05/28 14:32:25 INFO TaskSetManager: Starting task 791.0 in stage 19.0 (TID 9149) (10.255.71.90,executor 6, partition 791, PROCESS_LOCAL, 
26/05/28 14:32:25 INFO TaskSetManager: Starting task 792.0 in stage 19.0 (TID 9150) (10.255.69.10,executor 27, partition 792, PROCESS_LOCAL, 
26/05/28 14:32:25 INFO TaskSetManager: Starting task 793.0 in stage 19.0 (TID 9151) (10.255.90.38,executor 31, partition 793, PROCESS_LOCAL, 
26/05/28 14:32:25 INFO TaskSetManager: Starting task 794.0 in stage 19.0 (TID 9152) (10.255.88.48,executor 9, partition 794, PROCESS_LOCAL, 
26/05/28 14:32:25 INFO TaskSetManager: Starting task 795.0 in stage 19.0 (TID 9153) (10.255.81.155,executor 3, partition 795, PROCESS_LOCAL, 
26/05/28 14:32:25 INFO TaskSetManager: Starting task 796.0 in stage 19.0 (TID 9154) (10.255.90.214,executor 0, partition 796, PROCESS_LOCAL, 
26/05/28 14:32:25 INFO TaskSetManager: Starting task 797.0 in stage 19.0 (TID 9155) (10.255.88.132,executor 34, partition 797, PROCESS_LOCAL, 
26/05/28 14:32:25 INFO TaskSetManager: Starting task 798.0 in stage 19.0 (TID 9156) (10.255.85.154,executor 23, partition 798, PROCESS_LOCAL, 
26/05/28 14:32:25 INFO TaskSetManager: Starting task 799.0 in stage 19.0 (TID 9157) (10.255.85.41,executor 12, partition 799, PROCESS_LOCAL, 
26/05/28 14:32:25 INFO TaskSetManager: Starting task 800.0 in stage 19.0 (TID 9158) (10.255.94.66,executor 29, partition 800, PROCESS_LOCAL, 
26/05/28 14:32:25 INFO TaskSetManager: Starting task 801.0 in stage 19.0 (TID 9159) (10.255.89.71,executor 7, partition 801, PROCESS_LOCAL, 
26/05/28 14:32:25 INFO TaskSetManager: Starting task 802.0 in stage 19.0 (TID 9160) (10.255.89.57,executor 8, partition 802, PROCESS_LOCAL, 
26/05/28 14:32:25 INFO TaskSetManager: Starting task 803.0 in stage 19.0 (TID 9161) (10.255.77.87,executor 25, partition 803, PROCESS_LOCAL, 
26/05/28 14:32:25 INFO TaskSetManager: Starting task 804.0 in stage 19.0 (TID 9162) (10.255.84.128,executor 22, partition 804, PROCESS_LOCAL, 
26/05/28 14:32:25 INFO TaskSetManager: Starting task 805.0 in stage 19.0 (TID 9163) (10.255.70.115,executor 28, partition 805, PROCESS_LOCAL, 
26/05/28 14:32:25 INFO TaskSetManager: Starting task 806.0 in stage 19.0 (TID 9164) (10.255.66.241,executor 15, partition 806, PROCESS_LOCAL, 
26/05/28 14:32:25 INFO TaskSetManager: Starting task 807.0 in stage 19.0 (TID 9165) (10.255.85.108,executor 24, partition 807, PROCESS_LOCAL, 
26/05/28 14:32:25 INFO TaskSetManager: Starting task 808.0 in stage 19.0 (TID 9166) (10.255.64.190,executor 16, partition 808, PROCESS_LOCAL, 
26/05/28 14:32:25 INFO TaskSetManager: Starting task 809.0 in stage 19.0 (TID 9167) (10.255.72.249,executor 5, partition 809, PROCESS_LOCAL, 
26/05/28 14:32:25 INFO TaskSetManager: Starting task 810.0 in stage 19.0 (TID 9168) (10.255.74.59,executor 4, partition 810, PROCESS_LOCAL, 
26/05/28 14:32:25 INFO TaskSetManager: Starting task 811.0 in stage 19.0 (TID 9169) (10.255.70.40,executor 20, partition 811, PROCESS_LOCAL, 
26/05/28 14:32:25 INFO TaskSetManager: Starting task 812.0 in stage 19.0 (TID 9170) (10.255.74.50,executor 33, partition 812, PROCESS_LOCAL, 
26/05/28 14:32:25 INFO TaskSetManager: Starting task 813.0 in stage 19.0 (TID 9171) (10.255.86.213,executor 11, partition 813, PROCESS_LOCAL, 
26/05/28 14:32:25 INFO TaskSetManager: Starting task 814.0 in stage 19.0 (TID 9172) (10.255.82.104,executor 26, partition 814, PROCESS_LOCAL, 
26/05/28 14:32:25 INFO TaskSetManager: Starting task 815.0 in stage 19.0 (TID 9173) (10.255.92.36,executor 1, partition 815, PROCESS_LOCAL, 
26/05/28 14:32:25 INFO TaskSetManager: Starting task 816.0 in stage 19.0 (TID 9174) (10.255.79.106,executor 14, partition 816, PROCESS_LOCAL, 
26/05/28 14:32:25 INFO TaskSetManager: Starting task 817.0 in stage 19.0 (TID 9175) (10.255.94.172,executor 17, partition 817, PROCESS_LOCAL, 
26/05/28 14:32:25 INFO TaskSetManager: Starting task 818.0 in stage 19.0 (TID 9176) (10.255.82.96,executor 32, partition 818, PROCESS_LOCAL, 
26/05/28 14:32:25 INFO TaskSetManager: Starting task 819.0 in stage 19.0 (TID 9177) (10.255.90.96,executor 2, partition 819, PROCESS_LOCAL, 
26/05/28 14:32:25 INFO TaskSetManager: Starting task 820.0 in stage 19.0 (TID 9178) (10.255.77.249,executor 18, partition 820, PROCESS_LOCAL, 
26/05/28 14:32:25 INFO TaskSetManager: Starting task 821.0 in stage 19.0 (TID 9179) (10.255.79.209,executor 30, partition 821, PROCESS_LOCAL, 
26/05/28 14:32:25 INFO TaskSetManager: Starting task 822.0 in stage 19.0 (TID 9180) (10.255.87.71,executor 10, partition 822, PROCESS_LOCAL, 
26/05/28 14:32:25 INFO TaskSetManager: Starting task 823.0 in stage 19.0 (TID 9181) (10.255.76.16,executor 19, partition 823, PROCESS_LOCAL, 
26/05/28 14:32:25 INFO TaskSetManager: Starting task 824.0 in stage 19.0 (TID 9182) (10.255.82.150,executor 13, partition 824, PROCESS_LOCAL, 
26/05/28 14:32:25 INFO TaskSetManager: Starting task 825.0 in stage 19.0 (TID 9183) (10.255.68.53,executor 21, partition 825, PROCESS_LOCAL, 
26/05/28 14:32:25 INFO TaskSetManager: Starting task 826.0 in stage 19.0 (TID 9184) (10.255.71.90,executor 6, partition 826, PROCESS_LOCAL, 
26/05/28 14:32:25 INFO TaskSetManager: Starting task 827.0 in stage 19.0 (TID 9185) (10.255.69.10,executor 27, partition 827, PROCESS_LOCAL, 
26/05/28 14:32:25 INFO TaskSetManager: Starting task 828.0 in stage 19.0 (TID 9186) (10.255.90.38,executor 31, partition 828, PROCESS_LOCAL, 
26/05/28 14:32:25 INFO TaskSetManager: Starting task 829.0 in stage 19.0 (TID 9187) (10.255.88.48,executor 9, partition 829, PROCESS_LOCAL, 
26/05/28 14:32:25 INFO TaskSetManager: Starting task 830.0 in stage 19.0 (TID 9188) (10.255.81.155,executor 3, partition 830, PROCESS_LOCAL, 
26/05/28 14:32:25 INFO TaskSetManager: Starting task 831.0 in stage 19.0 (TID 9189) (10.255.90.214,executor 0, partition 831, PROCESS_LOCAL, 
26/05/28 14:32:25 INFO TaskSetManager: Starting task 832.0 in stage 19.0 (TID 9190) (10.255.88.132,executor 34, partition 832, PROCESS_LOCAL, 
26/05/28 14:32:25 INFO TaskSetManager: Starting task 833.0 in stage 19.0 (TID 9191) (10.255.85.154,executor 23, partition 833, PROCESS_LOCAL, 
26/05/28 14:32:25 INFO TaskSetManager: Starting task 834.0 in stage 19.0 (TID 9192) (10.255.85.41,executor 12, partition 834, PROCESS_LOCAL, 
26/05/28 14:32:25 INFO TaskSetManager: Starting task 835.0 in stage 19.0 (TID 9193) (10.255.94.66,executor 29, partition 835, PROCESS_LOCAL, 
26/05/28 14:32:25 INFO TaskSetManager: Starting task 836.0 in stage 19.0 (TID 9194) (10.255.89.71,executor 7, partition 836, PROCESS_LOCAL, 
26/05/28 14:32:25 INFO TaskSetManager: Starting task 837.0 in stage 19.0 (TID 9195) (10.255.89.57,executor 8, partition 837, PROCESS_LOCAL, 
26/05/28 14:32:25 INFO TaskSetManager: Starting task 838.0 in stage 19.0 (TID 9196) (10.255.77.87,executor 25, partition 838, PROCESS_LOCAL, 
26/05/28 14:32:25 INFO TaskSetManager: Starting task 839.0 in stage 19.0 (TID 9197) (10.255.84.128,executor 22, partition 839, PROCESS_LOCAL, 
26/05/28 14:32:25 INFO TaskSetManager: Starting task 840.0 in stage 19.0 (TID 9198) (10.255.70.115,executor 28, partition 840, PROCESS_LOCAL, 
26/05/28 14:32:25 INFO TaskSetManager: Starting task 841.0 in stage 19.0 (TID 9199) (10.255.66.241,executor 15, partition 841, PROCESS_LOCAL, 
26/05/28 14:32:25 INFO TaskSetManager: Starting task 842.0 in stage 19.0 (TID 9200) (10.255.85.108,executor 24, partition 842, PROCESS_LOCAL, 
26/05/28 14:32:25 INFO TaskSetManager: Starting task 843.0 in stage 19.0 (TID 9201) (10.255.64.190,executor 16, partition 843, PROCESS_LOCAL, 
26/05/28 14:32:25 INFO TaskSetManager: Starting task 844.0 in stage 19.0 (TID 9202) (10.255.72.249,executor 5, partition 844, PROCESS_LOCAL, 
26/05/28 14:32:25 INFO TaskSetManager: Starting task 845.0 in stage 19.0 (TID 9203) (10.255.74.59,executor 4, partition 845, PROCESS_LOCAL, 
26/05/28 14:32:25 INFO TaskSetManager: Starting task 846.0 in stage 19.0 (TID 9204) (10.255.70.40,executor 20, partition 846, PROCESS_LOCAL, 
26/05/28 14:32:25 INFO TaskSetManager: Starting task 847.0 in stage 19.0 (TID 9205) (10.255.74.50,executor 33, partition 847, PROCESS_LOCAL, 
26/05/28 14:32:25 INFO TaskSetManager: Starting task 848.0 in stage 19.0 (TID 9206) (10.255.86.213,executor 11, partition 848, PROCESS_LOCAL, 
26/05/28 14:32:25 INFO TaskSetManager: Starting task 849.0 in stage 19.0 (TID 9207) (10.255.82.104,executor 26, partition 849, PROCESS_LOCAL, 
26/05/28 14:32:25 INFO TaskSetManager: Starting task 850.0 in stage 19.0 (TID 9208) (10.255.92.36,executor 1, partition 850, PROCESS_LOCAL, 
26/05/28 14:32:25 INFO TaskSetManager: Starting task 851.0 in stage 19.0 (TID 9209) (10.255.79.106,executor 14, partition 851, PROCESS_LOCAL, 
26/05/28 14:32:25 INFO TaskSetManager: Starting task 852.0 in stage 19.0 (TID 9210) (10.255.94.172,executor 17, partition 852, PROCESS_LOCAL, 
26/05/28 14:32:25 INFO TaskSetManager: Starting task 853.0 in stage 19.0 (TID 9211) (10.255.82.96,executor 32, partition 853, PROCESS_LOCAL, 
26/05/28 14:32:25 INFO TaskSetManager: Starting task 854.0 in stage 19.0 (TID 9212) (10.255.90.96,executor 2, partition 854, PROCESS_LOCAL, 
26/05/28 14:32:25 INFO TaskSetManager: Starting task 855.0 in stage 19.0 (TID 9213) (10.255.77.249,executor 18, partition 855, PROCESS_LOCAL, 
26/05/28 14:32:25 INFO TaskSetManager: Starting task 856.0 in stage 19.0 (TID 9214) (10.255.79.209,executor 30, partition 856, PROCESS_LOCAL, 
26/05/28 14:32:25 INFO TaskSetManager: Starting task 857.0 in stage 19.0 (TID 9215) (10.255.87.71,executor 10, partition 857, PROCESS_LOCAL, 
26/05/28 14:32:25 INFO TaskSetManager: Starting task 858.0 in stage 19.0 (TID 9216) (10.255.76.16,executor 19, partition 858, PROCESS_LOCAL, 
26/05/28 14:32:25 INFO TaskSetManager: Starting task 859.0 in stage 19.0 (TID 9217) (10.255.82.150,executor 13, partition 859, PROCESS_LOCAL, 
26/05/28 14:32:25 INFO TaskSetManager: Starting task 860.0 in stage 19.0 (TID 9218) (10.255.68.53,executor 21, partition 860, PROCESS_LOCAL, 
26/05/28 14:32:25 INFO TaskSetManager: Starting task 861.0 in stage 19.0 (TID 9219) (10.255.71.90,executor 6, partition 861, PROCESS_LOCAL, 
26/05/28 14:32:25 INFO TaskSetManager: Starting task 862.0 in stage 19.0 (TID 9220) (10.255.69.10,executor 27, partition 862, PROCESS_LOCAL, 
26/05/28 14:32:25 INFO TaskSetManager: Starting task 863.0 in stage 19.0 (TID 9221) (10.255.90.38,executor 31, partition 863, PROCESS_LOCAL, 
26/05/28 14:32:25 INFO TaskSetManager: Starting task 864.0 in stage 19.0 (TID 9222) (10.255.88.48,executor 9, partition 864, PROCESS_LOCAL, 
26/05/28 14:32:25 INFO TaskSetManager: Starting task 865.0 in stage 19.0 (TID 9223) (10.255.81.155,executor 3, partition 865, PROCESS_LOCAL, 
26/05/28 14:32:25 INFO TaskSetManager: Starting task 866.0 in stage 19.0 (TID 9224) (10.255.90.214,executor 0, partition 866, PROCESS_LOCAL, 
26/05/28 14:32:25 INFO TaskSetManager: Starting task 867.0 in stage 19.0 (TID 9225) (10.255.88.132,executor 34, partition 867, PROCESS_LOCAL, 
26/05/28 14:32:25 INFO TaskSetManager: Starting task 868.0 in stage 19.0 (TID 9226) (10.255.85.154,executor 23, partition 868, PROCESS_LOCAL, 
26/05/28 14:32:25 INFO TaskSetManager: Starting task 869.0 in stage 19.0 (TID 9227) (10.255.85.41,executor 12, partition 869, PROCESS_LOCAL, 
26/05/28 14:32:25 INFO TaskSetManager: Starting task 870.0 in stage 19.0 (TID 9228) (10.255.94.66,executor 29, partition 870, PROCESS_LOCAL, 
26/05/28 14:32:25 INFO TaskSetManager: Starting task 871.0 in stage 19.0 (TID 9229) (10.255.89.71,executor 7, partition 871, PROCESS_LOCAL, 
26/05/28 14:32:25 INFO TaskSetManager: Starting task 872.0 in stage 19.0 (TID 9230) (10.255.89.57,executor 8, partition 872, PROCESS_LOCAL, 
26/05/28 14:32:25 INFO TaskSetManager: Starting task 873.0 in stage 19.0 (TID 9231) (10.255.77.87,executor 25, partition 873, PROCESS_LOCAL, 
26/05/28 14:32:25 INFO TaskSetManager: Starting task 874.0 in stage 19.0 (TID 9232) (10.255.84.128,executor 22, partition 874, PROCESS_LOCAL, 
26/05/28 14:32:25 INFO TaskSetManager: Starting task 875.0 in stage 19.0 (TID 9233) (10.255.70.115,executor 28, partition 875, PROCESS_LOCAL, 
26/05/28 14:32:25 INFO TaskSetManager: Starting task 876.0 in stage 19.0 (TID 9234) (10.255.66.241,executor 15, partition 876, PROCESS_LOCAL, 
26/05/28 14:32:25 INFO TaskSetManager: Starting task 877.0 in stage 19.0 (TID 9235) (10.255.85.108,executor 24, partition 877, PROCESS_LOCAL, 
26/05/28 14:32:25 INFO TaskSetManager: Starting task 878.0 in stage 19.0 (TID 9236) (10.255.64.190,executor 16, partition 878, PROCESS_LOCAL, 
26/05/28 14:32:25 INFO TaskSetManager: Starting task 879.0 in stage 19.0 (TID 9237) (10.255.72.249,executor 5, partition 879, PROCESS_LOCAL, 
26/05/28 14:32:25 INFO TaskSetManager: Starting task 880.0 in stage 19.0 (TID 9238) (10.255.74.59,executor 4, partition 880, PROCESS_LOCAL, 
26/05/28 14:32:25 INFO TaskSetManager: Starting task 881.0 in stage 19.0 (TID 9239) (10.255.70.40,executor 20, partition 881, PROCESS_LOCAL, 
26/05/28 14:32:25 INFO TaskSetManager: Starting task 882.0 in stage 19.0 (TID 9240) (10.255.74.50,executor 33, partition 882, PROCESS_LOCAL, 
26/05/28 14:32:25 INFO TaskSetManager: Starting task 883.0 in stage 19.0 (TID 9241) (10.255.86.213,executor 11, partition 883, PROCESS_LOCAL, 
26/05/28 14:32:25 INFO TaskSetManager: Starting task 884.0 in stage 19.0 (TID 9242) (10.255.82.104,executor 26, partition 884, PROCESS_LOCAL, 
26/05/28 14:32:25 INFO TaskSetManager: Starting task 885.0 in stage 19.0 (TID 9243) (10.255.92.36,executor 1, partition 885, PROCESS_LOCAL, 
26/05/28 14:32:25 INFO TaskSetManager: Starting task 886.0 in stage 19.0 (TID 9244) (10.255.79.106,executor 14, partition 886, PROCESS_LOCAL, 
26/05/28 14:32:25 INFO TaskSetManager: Starting task 887.0 in stage 19.0 (TID 9245) (10.255.94.172,executor 17, partition 887, PROCESS_LOCAL, 
26/05/28 14:32:25 INFO TaskSetManager: Starting task 888.0 in stage 19.0 (TID 9246) (10.255.82.96,executor 32, partition 888, PROCESS_LOCAL, 
26/05/28 14:32:25 INFO TaskSetManager: Starting task 889.0 in stage 19.0 (TID 9247) (10.255.90.96,executor 2, partition 889, PROCESS_LOCAL, 
26/05/28 14:32:25 INFO TaskSetManager: Starting task 890.0 in stage 19.0 (TID 9248) (10.255.77.249,executor 18, partition 890, PROCESS_LOCAL, 
26/05/28 14:32:25 INFO TaskSetManager: Starting task 891.0 in stage 19.0 (TID 9249) (10.255.79.209,executor 30, partition 891, PROCESS_LOCAL, 
26/05/28 14:32:25 INFO TaskSetManager: Starting task 892.0 in stage 19.0 (TID 9250) (10.255.87.71,executor 10, partition 892, PROCESS_LOCAL, 
26/05/28 14:32:25 INFO TaskSetManager: Starting task 893.0 in stage 19.0 (TID 9251) (10.255.76.16,executor 19, partition 893, PROCESS_LOCAL, 
26/05/28 14:32:25 INFO TaskSetManager: Starting task 894.0 in stage 19.0 (TID 9252) (10.255.82.150,executor 13, partition 894, PROCESS_LOCAL, 
26/05/28 14:32:25 INFO TaskSetManager: Starting task 895.0 in stage 19.0 (TID 9253) (10.255.68.53,executor 21, partition 895, PROCESS_LOCAL, 
26/05/28 14:32:25 INFO TaskSetManager: Starting task 896.0 in stage 19.0 (TID 9254) (10.255.71.90,executor 6, partition 896, PROCESS_LOCAL, 
26/05/28 14:32:25 INFO TaskSetManager: Starting task 897.0 in stage 19.0 (TID 9255) (10.255.69.10,executor 27, partition 897, PROCESS_LOCAL, 
26/05/28 14:32:25 INFO TaskSetManager: Starting task 898.0 in stage 19.0 (TID 9256) (10.255.90.38,executor 31, partition 898, PROCESS_LOCAL, 
26/05/28 14:32:25 INFO TaskSetManager: Starting task 899.0 in stage 19.0 (TID 9257) (10.255.88.48,executor 9, partition 899, PROCESS_LOCAL, 
26/05/28 14:32:25 INFO TaskSetManager: Starting task 900.0 in stage 19.0 (TID 9258) (10.255.81.155,executor 3, partition 900, PROCESS_LOCAL, 
26/05/28 14:32:25 INFO TaskSetManager: Starting task 901.0 in stage 19.0 (TID 9259) (10.255.90.214,executor 0, partition 901, PROCESS_LOCAL, 
26/05/28 14:32:25 INFO TaskSetManager: Starting task 902.0 in stage 19.0 (TID 9260) (10.255.88.132,executor 34, partition 902, PROCESS_LOCAL, 
26/05/28 14:32:25 INFO TaskSetManager: Starting task 903.0 in stage 19.0 (TID 9261) (10.255.85.154,executor 23, partition 903, PROCESS_LOCAL, 
26/05/28 14:32:25 INFO TaskSetManager: Starting task 904.0 in stage 19.0 (TID 9262) (10.255.85.41,executor 12, partition 904, PROCESS_LOCAL, 
26/05/28 14:32:25 INFO TaskSetManager: Starting task 905.0 in stage 19.0 (TID 9263) (10.255.94.66,executor 29, partition 905, PROCESS_LOCAL, 
26/05/28 14:32:25 INFO TaskSetManager: Starting task 906.0 in stage 19.0 (TID 9264) (10.255.89.71,executor 7, partition 906, PROCESS_LOCAL, 
26/05/28 14:32:25 INFO TaskSetManager: Starting task 907.0 in stage 19.0 (TID 9265) (10.255.89.57,executor 8, partition 907, PROCESS_LOCAL, 
26/05/28 14:32:25 INFO TaskSetManager: Starting task 908.0 in stage 19.0 (TID 9266) (10.255.77.87,executor 25, partition 908, PROCESS_LOCAL, 
26/05/28 14:32:25 INFO TaskSetManager: Starting task 909.0 in stage 19.0 (TID 9267) (10.255.84.128,executor 22, partition 909, PROCESS_LOCAL, 
26/05/28 14:32:25 INFO TaskSetManager: Starting task 910.0 in stage 19.0 (TID 9268) (10.255.70.115,executor 28, partition 910, PROCESS_LOCAL, 
26/05/28 14:32:25 INFO TaskSetManager: Starting task 911.0 in stage 19.0 (TID 9269) (10.255.66.241,executor 15, partition 911, PROCESS_LOCAL, 
26/05/28 14:32:25 INFO TaskSetManager: Starting task 912.0 in stage 19.0 (TID 9270) (10.255.85.108,executor 24, partition 912, PROCESS_LOCAL, 
26/05/28 14:32:25 INFO TaskSetManager: Starting task 913.0 in stage 19.0 (TID 9271) (10.255.64.190,executor 16, partition 913, PROCESS_LOCAL, 
26/05/28 14:32:25 INFO TaskSetManager: Starting task 914.0 in stage 19.0 (TID 9272) (10.255.72.249,executor 5, partition 914, PROCESS_LOCAL, 
26/05/28 14:32:25 INFO TaskSetManager: Starting task 915.0 in stage 19.0 (TID 9273) (10.255.74.59,executor 4, partition 915, PROCESS_LOCAL, 
26/05/28 14:32:25 INFO TaskSetManager: Starting task 916.0 in stage 19.0 (TID 9274) (10.255.70.40,executor 20, partition 916, PROCESS_LOCAL, 
26/05/28 14:32:25 INFO TaskSetManager: Starting task 917.0 in stage 19.0 (TID 9275) (10.255.74.50,executor 33, partition 917, PROCESS_LOCAL, 
26/05/28 14:32:25 INFO TaskSetManager: Starting task 918.0 in stage 19.0 (TID 9276) (10.255.86.213,executor 11, partition 918, PROCESS_LOCAL, 
26/05/28 14:32:25 INFO TaskSetManager: Starting task 919.0 in stage 19.0 (TID 9277) (10.255.82.104,executor 26, partition 919, PROCESS_LOCAL, 
26/05/28 14:32:25 INFO TaskSetManager: Starting task 920.0 in stage 19.0 (TID 9278) (10.255.92.36,executor 1, partition 920, PROCESS_LOCAL, 
26/05/28 14:32:25 INFO TaskSetManager: Starting task 921.0 in stage 19.0 (TID 9279) (10.255.79.106,executor 14, partition 921, PROCESS_LOCAL, 
26/05/28 14:32:25 INFO TaskSetManager: Starting task 922.0 in stage 19.0 (TID 9280) (10.255.94.172,executor 17, partition 922, PROCESS_LOCAL, 
26/05/28 14:32:25 INFO TaskSetManager: Starting task 923.0 in stage 19.0 (TID 9281) (10.255.82.96,executor 32, partition 923, PROCESS_LOCAL, 
26/05/28 14:32:25 INFO TaskSetManager: Starting task 924.0 in stage 19.0 (TID 9282) (10.255.90.96,executor 2, partition 924, PROCESS_LOCAL, 
26/05/28 14:32:25 INFO TaskSetManager: Starting task 925.0 in stage 19.0 (TID 9283) (10.255.77.249,executor 18, partition 925, PROCESS_LOCAL, 
26/05/28 14:32:25 INFO TaskSetManager: Starting task 926.0 in stage 19.0 (TID 9284) (10.255.79.209,executor 30, partition 926, PROCESS_LOCAL, 
26/05/28 14:32:25 INFO TaskSetManager: Starting task 927.0 in stage 19.0 (TID 9285) (10.255.87.71,executor 10, partition 927, PROCESS_LOCAL, 
26/05/28 14:32:25 INFO TaskSetManager: Starting task 928.0 in stage 19.0 (TID 9286) (10.255.76.16,executor 19, partition 928, PROCESS_LOCAL, 
26/05/28 14:32:25 INFO TaskSetManager: Starting task 929.0 in stage 19.0 (TID 9287) (10.255.82.150,executor 13, partition 929, PROCESS_LOCAL, 
26/05/28 14:32:25 INFO TaskSetManager: Starting task 930.0 in stage 19.0 (TID 9288) (10.255.68.53,executor 21, partition 930, PROCESS_LOCAL, 
26/05/28 14:32:25 INFO TaskSetManager: Starting task 931.0 in stage 19.0 (TID 9289) (10.255.71.90,executor 6, partition 931, PROCESS_LOCAL, 
26/05/28 14:32:25 INFO TaskSetManager: Starting task 932.0 in stage 19.0 (TID 9290) (10.255.69.10,executor 27, partition 932, PROCESS_LOCAL, 
26/05/28 14:32:25 INFO TaskSetManager: Starting task 933.0 in stage 19.0 (TID 9291) (10.255.90.38,executor 31, partition 933, PROCESS_LOCAL, 
26/05/28 14:32:25 INFO TaskSetManager: Starting task 934.0 in stage 19.0 (TID 9292) (10.255.88.48,executor 9, partition 934, PROCESS_LOCAL, 
26/05/28 14:32:25 INFO TaskSetManager: Starting task 935.0 in stage 19.0 (TID 9293) (10.255.81.155,executor 3, partition 935, PROCESS_LOCAL, 
26/05/28 14:32:25 INFO TaskSetManager: Starting task 936.0 in stage 19.0 (TID 9294) (10.255.90.214,executor 0, partition 936, PROCESS_LOCAL, 
26/05/28 14:32:25 INFO TaskSetManager: Starting task 937.0 in stage 19.0 (TID 9295) (10.255.88.132,executor 34, partition 937, PROCESS_LOCAL, 
26/05/28 14:32:25 INFO TaskSetManager: Starting task 938.0 in stage 19.0 (TID 9296) (10.255.85.154,executor 23, partition 938, PROCESS_LOCAL, 
26/05/28 14:32:25 INFO TaskSetManager: Starting task 939.0 in stage 19.0 (TID 9297) (10.255.85.41,executor 12, partition 939, PROCESS_LOCAL, 
26/05/28 14:32:25 INFO TaskSetManager: Starting task 940.0 in stage 19.0 (TID 9298) (10.255.94.66,executor 29, partition 940, PROCESS_LOCAL, 
26/05/28 14:32:25 INFO TaskSetManager: Starting task 941.0 in stage 19.0 (TID 9299) (10.255.89.71,executor 7, partition 941, PROCESS_LOCAL, 
26/05/28 14:32:25 INFO TaskSetManager: Starting task 942.0 in stage 19.0 (TID 9300) (10.255.89.57,executor 8, partition 942, PROCESS_LOCAL, 
26/05/28 14:32:25 INFO TaskSetManager: Starting task 943.0 in stage 19.0 (TID 9301) (10.255.77.87,executor 25, partition 943, PROCESS_LOCAL, 
26/05/28 14:32:25 INFO TaskSetManager: Starting task 944.0 in stage 19.0 (TID 9302) (10.255.84.128,executor 22, partition 944, PROCESS_LOCAL, 
26/05/28 14:32:25 INFO TaskSetManager: Starting task 945.0 in stage 19.0 (TID 9303) (10.255.70.115,executor 28, partition 945, PROCESS_LOCAL, 
26/05/28 14:32:25 INFO TaskSetManager: Starting task 946.0 in stage 19.0 (TID 9304) (10.255.66.241,executor 15, partition 946, PROCESS_LOCAL, 
26/05/28 14:32:25 INFO TaskSetManager: Starting task 947.0 in stage 19.0 (TID 9305) (10.255.85.108,executor 24, partition 947, PROCESS_LOCAL, 
26/05/28 14:32:25 INFO TaskSetManager: Starting task 948.0 in stage 19.0 (TID 9306) (10.255.64.190,executor 16, partition 948, PROCESS_LOCAL, 
26/05/28 14:32:25 INFO TaskSetManager: Starting task 949.0 in stage 19.0 (TID 9307) (10.255.72.249,executor 5, partition 949, PROCESS_LOCAL, 
26/05/28 14:32:25 INFO TaskSetManager: Starting task 950.0 in stage 19.0 (TID 9308) (10.255.74.59,executor 4, partition 950, PROCESS_LOCAL, 
26/05/28 14:32:25 INFO TaskSetManager: Starting task 951.0 in stage 19.0 (TID 9309) (10.255.70.40,executor 20, partition 951, PROCESS_LOCAL, 
26/05/28 14:32:25 INFO TaskSetManager: Starting task 952.0 in stage 19.0 (TID 9310) (10.255.74.50,executor 33, partition 952, PROCESS_LOCAL, 
26/05/28 14:32:25 INFO TaskSetManager: Starting task 953.0 in stage 19.0 (TID 9311) (10.255.86.213,executor 11, partition 953, PROCESS_LOCAL, 
26/05/28 14:32:25 INFO TaskSetManager: Starting task 954.0 in stage 19.0 (TID 9312) (10.255.82.104,executor 26, partition 954, PROCESS_LOCAL, 
26/05/28 14:32:25 INFO TaskSetManager: Starting task 955.0 in stage 19.0 (TID 9313) (10.255.92.36,executor 1, partition 955, PROCESS_LOCAL, 
26/05/28 14:32:25 INFO TaskSetManager: Starting task 956.0 in stage 19.0 (TID 9314) (10.255.79.106,executor 14, partition 956, PROCESS_LOCAL, 
26/05/28 14:32:25 INFO TaskSetManager: Starting task 957.0 in stage 19.0 (TID 9315) (10.255.94.172,executor 17, partition 957, PROCESS_LOCAL, 
26/05/28 14:32:25 INFO TaskSetManager: Starting task 958.0 in stage 19.0 (TID 9316) (10.255.82.96,executor 32, partition 958, PROCESS_LOCAL, 
26/05/28 14:32:25 INFO TaskSetManager: Starting task 959.0 in stage 19.0 (TID 9317) (10.255.90.96,executor 2, partition 959, PROCESS_LOCAL, 
26/05/28 14:32:25 INFO TaskSetManager: Starting task 960.0 in stage 19.0 (TID 9318) (10.255.77.249,executor 18, partition 960, PROCESS_LOCAL, 
26/05/28 14:32:25 INFO TaskSetManager: Starting task 961.0 in stage 19.0 (TID 9319) (10.255.79.209,executor 30, partition 961, PROCESS_LOCAL, 
26/05/28 14:32:25 INFO TaskSetManager: Starting task 962.0 in stage 19.0 (TID 9320) (10.255.87.71,executor 10, partition 962, PROCESS_LOCAL, 
26/05/28 14:32:25 INFO TaskSetManager: Starting task 963.0 in stage 19.0 (TID 9321) (10.255.76.16,executor 19, partition 963, PROCESS_LOCAL, 
26/05/28 14:32:25 INFO TaskSetManager: Starting task 964.0 in stage 19.0 (TID 9322) (10.255.82.150,executor 13, partition 964, PROCESS_LOCAL, 
26/05/28 14:32:25 INFO TaskSetManager: Starting task 965.0 in stage 19.0 (TID 9323) (10.255.68.53,executor 21, partition 965, PROCESS_LOCAL, 
26/05/28 14:32:25 INFO TaskSetManager: Starting task 966.0 in stage 19.0 (TID 9324) (10.255.71.90,executor 6, partition 966, PROCESS_LOCAL, 
26/05/28 14:32:25 INFO TaskSetManager: Starting task 967.0 in stage 19.0 (TID 9325) (10.255.69.10,executor 27, partition 967, PROCESS_LOCAL, 
26/05/28 14:32:25 INFO TaskSetManager: Starting task 968.0 in stage 19.0 (TID 9326) (10.255.90.38,executor 31, partition 968, PROCESS_LOCAL, 
26/05/28 14:32:25 INFO TaskSetManager: Starting task 969.0 in stage 19.0 (TID 9327) (10.255.88.48,executor 9, partition 969, PROCESS_LOCAL, 
26/05/28 14:32:25 INFO TaskSetManager: Starting task 970.0 in stage 19.0 (TID 9328) (10.255.81.155,executor 3, partition 970, PROCESS_LOCAL, 
26/05/28 14:32:25 INFO TaskSetManager: Starting task 971.0 in stage 19.0 (TID 9329) (10.255.90.214,executor 0, partition 971, PROCESS_LOCAL, 
26/05/28 14:32:25 INFO TaskSetManager: Starting task 972.0 in stage 19.0 (TID 9330) (10.255.88.132,executor 34, partition 972, PROCESS_LOCAL, 
26/05/28 14:32:25 INFO TaskSetManager: Starting task 973.0 in stage 19.0 (TID 9331) (10.255.85.154,executor 23, partition 973, PROCESS_LOCAL, 
26/05/28 14:32:25 INFO TaskSetManager: Starting task 974.0 in stage 19.0 (TID 9332) (10.255.85.41,executor 12, partition 974, PROCESS_LOCAL, 
26/05/28 14:32:25 INFO TaskSetManager: Starting task 975.0 in stage 19.0 (TID 9333) (10.255.94.66,executor 29, partition 975, PROCESS_LOCAL, 
26/05/28 14:32:25 INFO TaskSetManager: Starting task 976.0 in stage 19.0 (TID 9334) (10.255.89.71,executor 7, partition 976, PROCESS_LOCAL, 
26/05/28 14:32:25 INFO TaskSetManager: Starting task 977.0 in stage 19.0 (TID 9335) (10.255.89.57,executor 8, partition 977, PROCESS_LOCAL, 
26/05/28 14:32:25 INFO TaskSetManager: Starting task 978.0 in stage 19.0 (TID 9336) (10.255.77.87,executor 25, partition 978, PROCESS_LOCAL, 
26/05/28 14:32:25 INFO TaskSetManager: Starting task 979.0 in stage 19.0 (TID 9337) (10.255.84.128,executor 22, partition 979, PROCESS_LOCAL, 
26/05/28 14:32:25 INFO TaskSetManager: Starting task 980.0 in stage 19.0 (TID 9338) (10.255.70.115,executor 28, partition 980, PROCESS_LOCAL, 
26/05/28 14:32:25 INFO TaskSetManager: Starting task 981.0 in stage 19.0 (TID 9339) (10.255.66.241,executor 15, partition 981, PROCESS_LOCAL, 
26/05/28 14:32:25 INFO TaskSetManager: Starting task 982.0 in stage 19.0 (TID 9340) (10.255.85.108,executor 24, partition 982, PROCESS_LOCAL, 
26/05/28 14:32:25 INFO TaskSetManager: Starting task 983.0 in stage 19.0 (TID 9341) (10.255.64.190,executor 16, partition 983, PROCESS_LOCAL, 
26/05/28 14:32:25 INFO TaskSetManager: Starting task 984.0 in stage 19.0 (TID 9342) (10.255.72.249,executor 5, partition 984, PROCESS_LOCAL, 
26/05/28 14:32:25 INFO TaskSetManager: Starting task 985.0 in stage 19.0 (TID 9343) (10.255.74.59,executor 4, partition 985, PROCESS_LOCAL, 
26/05/28 14:32:25 INFO TaskSetManager: Starting task 986.0 in stage 19.0 (TID 9344) (10.255.70.40,executor 20, partition 986, PROCESS_LOCAL, 
26/05/28 14:32:25 INFO TaskSetManager: Starting task 987.0 in stage 19.0 (TID 9345) (10.255.74.50,executor 33, partition 987, PROCESS_LOCAL, 
26/05/28 14:32:25 INFO TaskSetManager: Starting task 988.0 in stage 19.0 (TID 9346) (10.255.86.213,executor 11, partition 988, PROCESS_LOCAL, 
26/05/28 14:32:25 INFO TaskSetManager: Starting task 989.0 in stage 19.0 (TID 9347) (10.255.82.104,executor 26, partition 989, PROCESS_LOCAL, 
26/05/28 14:32:25 INFO TaskSetManager: Starting task 990.0 in stage 19.0 (TID 9348) (10.255.92.36,executor 1, partition 990, PROCESS_LOCAL, 
26/05/28 14:32:25 INFO TaskSetManager: Starting task 991.0 in stage 19.0 (TID 9349) (10.255.79.106,executor 14, partition 991, PROCESS_LOCAL, 
26/05/28 14:32:25 INFO TaskSetManager: Starting task 992.0 in stage 19.0 (TID 9350) (10.255.94.172,executor 17, partition 992, PROCESS_LOCAL, 
26/05/28 14:32:25 INFO TaskSetManager: Starting task 993.0 in stage 19.0 (TID 9351) (10.255.82.96,executor 32, partition 993, PROCESS_LOCAL, 
26/05/28 14:32:25 INFO TaskSetManager: Starting task 994.0 in stage 19.0 (TID 9352) (10.255.90.96,executor 2, partition 994, PROCESS_LOCAL, 
26/05/28 14:32:25 INFO TaskSetManager: Starting task 995.0 in stage 19.0 (TID 9353) (10.255.77.249,executor 18, partition 995, PROCESS_LOCAL, 
26/05/28 14:32:25 INFO TaskSetManager: Starting task 996.0 in stage 19.0 (TID 9354) (10.255.79.209,executor 30, partition 996, PROCESS_LOCAL, 
26/05/28 14:32:25 INFO TaskSetManager: Starting task 997.0 in stage 19.0 (TID 9355) (10.255.87.71,executor 10, partition 997, PROCESS_LOCAL, 
26/05/28 14:32:25 INFO TaskSetManager: Starting task 998.0 in stage 19.0 (TID 9356) (10.255.76.16,executor 19, partition 998, PROCESS_LOCAL, 
26/05/28 14:32:25 INFO TaskSetManager: Starting task 999.0 in stage 19.0 (TID 9357) (10.255.82.150,executor 13, partition 999, PROCESS_LOCAL, 
26/05/28 14:32:25 INFO TaskSetManager: Starting task 1000.0 in stage 19.0 (TID 9358) (10.255.68.53,executor 21, partition 1000, PROCESS_LOCAL, 
26/05/28 14:32:25 INFO TaskSetManager: Starting task 1001.0 in stage 19.0 (TID 9359) (10.255.71.90,executor 6, partition 1001, PROCESS_LOCAL, 
26/05/28 14:32:25 INFO TaskSetManager: Starting task 1002.0 in stage 19.0 (TID 9360) (10.255.69.10,executor 27, partition 1002, PROCESS_LOCAL, 
26/05/28 14:32:25 INFO TaskSetManager: Starting task 1003.0 in stage 19.0 (TID 9361) (10.255.90.38,executor 31, partition 1003, PROCESS_LOCAL, 
26/05/28 14:32:25 INFO TaskSetManager: Starting task 1004.0 in stage 19.0 (TID 9362) (10.255.88.48,executor 9, partition 1004, PROCESS_LOCAL, 
26/05/28 14:32:25 INFO TaskSetManager: Starting task 1005.0 in stage 19.0 (TID 9363) (10.255.81.155,executor 3, partition 1005, PROCESS_LOCAL, 
26/05/28 14:32:25 INFO TaskSetManager: Starting task 1006.0 in stage 19.0 (TID 9364) (10.255.90.214,executor 0, partition 1006, PROCESS_LOCAL, 
26/05/28 14:32:25 INFO TaskSetManager: Starting task 1007.0 in stage 19.0 (TID 9365) (10.255.88.132,executor 34, partition 1007, PROCESS_LOCAL, 
26/05/28 14:32:25 INFO TaskSetManager: Starting task 1008.0 in stage 19.0 (TID 9366) (10.255.85.154,executor 23, partition 1008, PROCESS_LOCAL, 
26/05/28 14:32:25 INFO TaskSetManager: Starting task 1009.0 in stage 19.0 (TID 9367) (10.255.85.41,executor 12, partition 1009, PROCESS_LOCAL, 
26/05/28 14:32:25 INFO TaskSetManager: Starting task 1010.0 in stage 19.0 (TID 9368) (10.255.94.66,executor 29, partition 1010, PROCESS_LOCAL, 
26/05/28 14:32:25 INFO TaskSetManager: Starting task 1011.0 in stage 19.0 (TID 9369) (10.255.89.71,executor 7, partition 1011, PROCESS_LOCAL, 
26/05/28 14:32:25 INFO TaskSetManager: Starting task 1012.0 in stage 19.0 (TID 9370) (10.255.89.57,executor 8, partition 1012, PROCESS_LOCAL, 
26/05/28 14:32:25 INFO TaskSetManager: Starting task 1013.0 in stage 19.0 (TID 9371) (10.255.77.87,executor 25, partition 1013, PROCESS_LOCAL, 
26/05/28 14:32:25 INFO TaskSetManager: Starting task 1014.0 in stage 19.0 (TID 9372) (10.255.84.128,executor 22, partition 1014, PROCESS_LOCAL, 
26/05/28 14:32:25 INFO TaskSetManager: Starting task 1015.0 in stage 19.0 (TID 9373) (10.255.70.115,executor 28, partition 1015, PROCESS_LOCAL, 
26/05/28 14:32:25 INFO TaskSetManager: Starting task 1016.0 in stage 19.0 (TID 9374) (10.255.66.241,executor 15, partition 1016, PROCESS_LOCAL, 
26/05/28 14:32:25 INFO TaskSetManager: Starting task 1017.0 in stage 19.0 (TID 9375) (10.255.85.108,executor 24, partition 1017, PROCESS_LOCAL, 
26/05/28 14:32:25 INFO TaskSetManager: Starting task 1018.0 in stage 19.0 (TID 9376) (10.255.64.190,executor 16, partition 1018, PROCESS_LOCAL, 
26/05/28 14:32:25 INFO TaskSetManager: Starting task 1019.0 in stage 19.0 (TID 9377) (10.255.72.249,executor 5, partition 1019, PROCESS_LOCAL, 
26/05/28 14:32:25 INFO TaskSetManager: Starting task 1020.0 in stage 19.0 (TID 9378) (10.255.74.59,executor 4, partition 1020, PROCESS_LOCAL, 
26/05/28 14:32:25 INFO TaskSetManager: Starting task 1021.0 in stage 19.0 (TID 9379) (10.255.70.40,executor 20, partition 1021, PROCESS_LOCAL, 
26/05/28 14:32:25 INFO TaskSetManager: Starting task 1022.0 in stage 19.0 (TID 9380) (10.255.74.50,executor 33, partition 1022, PROCESS_LOCAL, 
26/05/28 14:32:25 INFO TaskSetManager: Starting task 1023.0 in stage 19.0 (TID 9381) (10.255.86.213,executor 11, partition 1023, PROCESS_LOCAL, 
26/05/28 14:32:25 INFO MemoryStore: Block broadcast_56 stored as values in memory (estimated size 295.1 KiB, free 219.5 GiB)
26/05/28 14:32:25 INFO MemoryStore: Block broadcast_56_piece0 stored as bytes in memory (estimated size 87.6 KiB, free 219.5 GiB)
26/05/28 14:32:25 INFO SparkContext: Created broadcast 56 from broadcast at TaskSetManager.scala:852
26/05/28 14:32:25 INFO TaskSetManager: Successfully broadcasted stage description for stage 19.0
26/05/28 14:32:26 INFO ProgressReporter$: Reporting progress for running commands: 1779959225425_5539853085279891559_job-210784666042595-run-1057359355092439-action-1132069684017892
26/05/28 14:32:27 INFO TaskSetManager: Finished task 122.0 in stage 19.0 (TID 8480) in 2014 ms on 10.255.87.71 (executor 10) (1/1024)
26/05/28 14:32:27 INFO TaskSetManager: Finished task 227.0 in stage 19.0 (TID 8585) in 2010 ms on 10.255.87.71 (executor 10) (2/1024)
26/05/28 14:32:27 INFO TaskSetManager: Finished task 402.0 in stage 19.0 (TID 8760) in 2003 ms on 10.255.87.71 (executor 10) (3/1024)
26/05/28 14:32:27 INFO TaskSetManager: Finished task 612.0 in stage 19.0 (TID 8970) in 1996 ms on 10.255.87.71 (executor 10) (4/1024)
26/05/28 14:32:27 INFO TaskSetManager: Finished task 717.0 in stage 19.0 (TID 9075) in 1992 ms on 10.255.87.71 (executor 10) (5/1024)
26/05/28 14:32:27 INFO TaskSetManager: Finished task 892.0 in stage 19.0 (TID 9250) in 1986 ms on 10.255.87.71 (executor 10) (6/1024)
26/05/28 14:32:27 INFO TaskSetManager: Finished task 822.0 in stage 19.0 (TID 9180) in 1988 ms on 10.255.87.71 (executor 10) (7/1024)
26/05/28 14:32:27 INFO TaskSetManager: Finished task 542.0 in stage 19.0 (TID 8900) in 1999 ms on 10.255.87.71 (executor 10) (8/1024)
26/05/28 14:32:27 INFO TaskSetManager: Finished task 647.0 in stage 19.0 (TID 9005) in 1995 ms on 10.255.87.71 (executor 10) (9/1024)
26/05/28 14:32:27 INFO TaskSetManager: Finished task 927.0 in stage 19.0 (TID 9285) in 1984 ms on 10.255.87.71 (executor 10) (10/1024)
26/05/28 14:32:27 INFO TaskSetManager: Finished task 87.0 in stage 19.0 (TID 8445) in 2016 ms on 10.255.87.71 (executor 10) (11/1024)
26/05/28 14:32:27 INFO TaskSetManager: Finished task 332.0 in stage 19.0 (TID 8690) in 2007 ms on 10.255.87.71 (executor 10) (12/1024)
26/05/28 14:32:27 INFO TaskSetManager: Finished task 262.0 in stage 19.0 (TID 8620) in 2011 ms on 10.255.87.71 (executor 10) (13/1024)
26/05/28 14:32:27 INFO TaskSetManager: Finished task 157.0 in stage 19.0 (TID 8515) in 2014 ms on 10.255.87.71 (executor 10) (14/1024)
26/05/28 14:32:27 INFO TaskSetManager: Finished task 472.0 in stage 19.0 (TID 8830) in 2002 ms on 10.255.87.71 (executor 10) (15/1024)
26/05/28 14:32:27 INFO TaskSetManager: Finished task 962.0 in stage 19.0 (TID 9320) in 1984 ms on 10.255.87.71 (executor 10) (16/1024)
26/05/28 14:32:27 INFO TaskSetManager: Finished task 997.0 in stage 19.0 (TID 9355) in 1983 ms on 10.255.87.71 (executor 10) (17/1024)
26/05/28 14:32:27 INFO TaskSetManager: Finished task 192.0 in stage 19.0 (TID 8550) in 2013 ms on 10.255.87.71 (executor 10) (18/1024)
26/05/28 14:32:27 INFO TaskSetManager: Finished task 857.0 in stage 19.0 (TID 9215) in 1988 ms on 10.255.87.71 (executor 10) (19/1024)
26/05/28 14:32:27 INFO TaskSetManager: Finished task 297.0 in stage 19.0 (TID 8655) in 2009 ms on 10.255.87.71 (executor 10) (20/1024)
26/05/28 14:32:27 INFO TaskSetManager: Finished task 787.0 in stage 19.0 (TID 9145) in 1991 ms on 10.255.87.71 (executor 10) (21/1024)
26/05/28 14:32:27 INFO TaskSetManager: Finished task 682.0 in stage 19.0 (TID 9040) in 1996 ms on 10.255.87.71 (executor 10) (22/1024)
26/05/28 14:32:27 INFO TaskSetManager: Finished task 752.0 in stage 19.0 (TID 9110) in 1993 ms on 10.255.87.71 (executor 10) (23/1024)
26/05/28 14:32:27 INFO TaskSetManager: Finished task 17.0 in stage 19.0 (TID 8375) in 2021 ms on 10.255.87.71 (executor 10) (24/1024)
26/05/28 14:32:27 INFO TaskSetManager: Finished task 367.0 in stage 19.0 (TID 8725) in 2007 ms on 10.255.87.71 (executor 10) (25/1024)
26/05/28 14:32:27 INFO TaskSetManager: Finished task 507.0 in stage 19.0 (TID 8865) in 2002 ms on 10.255.87.71 (executor 10) (26/1024)
26/05/28 14:32:27 INFO TaskSetManager: Finished task 52.0 in stage 19.0 (TID 8410) in 2019 ms on 10.255.87.71 (executor 10) (27/1024)
26/05/28 14:32:27 INFO TaskSetManager: Finished task 437.0 in stage 19.0 (TID 8795) in 2005 ms on 10.255.87.71 (executor 10) (28/1024)
26/05/28 14:32:27 INFO TaskSetManager: Finished task 577.0 in stage 19.0 (TID 8935) in 2000 ms on 10.255.87.71 (executor 10) (29/1024)
26/05/28 14:32:27 INFO TaskSetManager: Finished task 595.0 in stage 19.0 (TID 8953) in 2084 ms on 10.255.70.115 (executor 28) (30/1024)
26/05/28 14:32:27 INFO TaskSetManager: Finished task 210.0 in stage 19.0 (TID 8568) in 2098 ms on 10.255.70.115 (executor 28) (31/1024)
26/05/28 14:32:27 INFO TaskSetManager: Finished task 525.0 in stage 19.0 (TID 8883) in 2086 ms on 10.255.70.115 (executor 28) (32/1024)
26/05/28 14:32:27 INFO TaskSetManager: Finished task 350.0 in stage 19.0 (TID 8708) in 2093 ms on 10.255.70.115 (executor 28) (33/1024)
26/05/28 14:32:27 INFO TaskSetManager: Finished task 560.0 in stage 19.0 (TID 8918) in 2085 ms on 10.255.70.115 (executor 28) (34/1024)
26/05/28 14:32:27 INFO TaskSetManager: Finished task 175.0 in stage 19.0 (TID 8533) in 2100 ms on 10.255.70.115 (executor 28) (35/1024)
26/05/28 14:32:27 INFO TaskSetManager: Finished task 140.0 in stage 19.0 (TID 8498) in 2101 ms on 10.255.70.115 (executor 28) (36/1024)
26/05/28 14:32:27 INFO TaskSetManager: Finished task 245.0 in stage 19.0 (TID 8603) in 2098 ms on 10.255.70.115 (executor 28) (37/1024)
26/05/28 14:32:27 INFO TaskSetManager: Finished task 315.0 in stage 19.0 (TID 8673) in 2096 ms on 10.255.70.115 (executor 28) (38/1024)
26/05/28 14:32:27 INFO TaskSetManager: Finished task 1015.0 in stage 19.0 (TID 9373) in 2069 ms on 10.255.70.115 (executor 28) (39/1024)
26/05/28 14:32:27 INFO TaskSetManager: Finished task 0.0 in stage 19.0 (TID 8358) in 2107 ms on 10.255.70.115 (executor 28) (40/1024)
26/05/28 14:32:27 INFO TaskSetManager: Finished task 910.0 in stage 19.0 (TID 9268) in 2073 ms on 10.255.70.115 (executor 28) (41/1024)
26/05/28 14:32:27 INFO TaskSetManager: Finished task 490.0 in stage 19.0 (TID 8848) in 2089 ms on 10.255.70.115 (executor 28) (42/1024)
26/05/28 14:32:27 INFO TaskSetManager: Finished task 630.0 in stage 19.0 (TID 8988) in 2084 ms on 10.255.70.115 (executor 28) (43/1024)
26/05/28 14:32:27 INFO TaskSetManager: Finished task 35.0 in stage 19.0 (TID 8393) in 2106 ms on 10.255.70.115 (executor 28) (44/1024)
26/05/28 14:32:27 INFO TaskSetManager: Finished task 735.0 in stage 19.0 (TID 9093) in 2080 ms on 10.255.70.115 (executor 28) (45/1024)
26/05/28 14:32:27 INFO TaskSetManager: Finished task 980.0 in stage 19.0 (TID 9338) in 2071 ms on 10.255.70.115 (executor 28) (46/1024)
26/05/28 14:32:27 INFO TaskSetManager: Finished task 875.0 in stage 19.0 (TID 9233) in 2075 ms on 10.255.70.115 (executor 28) (47/1024)
26/05/28 14:32:27 INFO TaskSetManager: Finished task 385.0 in stage 19.0 (TID 8743) in 2094 ms on 10.255.70.115 (executor 28) (48/1024)
26/05/28 14:32:27 INFO TaskSetManager: Finished task 805.0 in stage 19.0 (TID 9163) in 2078 ms on 10.255.70.115 (executor 28) (49/1024)
26/05/28 14:32:27 INFO TaskSetManager: Finished task 455.0 in stage 19.0 (TID 8813) in 2091 ms on 10.255.70.115 (executor 28) (50/1024)
26/05/28 14:32:27 INFO TaskSetManager: Finished task 770.0 in stage 19.0 (TID 9128) in 2079 ms on 10.255.70.115 (executor 28) (51/1024)
26/05/28 14:32:27 INFO TaskSetManager: Finished task 700.0 in stage 19.0 (TID 9058) in 2082 ms on 10.255.70.115 (executor 28) (52/1024)
26/05/28 14:32:27 INFO TaskSetManager: Finished task 280.0 in stage 19.0 (TID 8638) in 2098 ms on 10.255.70.115 (executor 28) (53/1024)
26/05/28 14:32:27 INFO TaskSetManager: Finished task 945.0 in stage 19.0 (TID 9303) in 2073 ms on 10.255.70.115 (executor 28) (54/1024)
26/05/28 14:32:27 INFO TaskSetManager: Finished task 105.0 in stage 19.0 (TID 8463) in 2105 ms on 10.255.70.115 (executor 28) (55/1024)
26/05/28 14:32:27 INFO TaskSetManager: Finished task 70.0 in stage 19.0 (TID 8428) in 2107 ms on 10.255.70.115 (executor 28) (56/1024)
26/05/28 14:32:27 INFO TaskSetManager: Finished task 665.0 in stage 19.0 (TID 9023) in 2084 ms on 10.255.70.115 (executor 28) (57/1024)
26/05/28 14:32:27 INFO TaskSetManager: Finished task 840.0 in stage 19.0 (TID 9198) in 2077 ms on 10.255.70.115 (executor 28) (58/1024)
26/05/28 14:32:27 INFO TaskSetManager: Finished task 420.0 in stage 19.0 (TID 8778) in 2093 ms on 10.255.70.115 (executor 28) (59/1024)
26/05/28 14:32:27 INFO TaskSetManager: Finished task 926.0 in stage 19.0 (TID 9284) in 2090 ms on 10.255.79.209 (executor 30) (60/1024)
26/05/28 14:32:27 INFO TaskSetManager: Finished task 716.0 in stage 19.0 (TID 9074) in 2098 ms on 10.255.79.209 (executor 30) (61/1024)
26/05/28 14:32:27 INFO TaskSetManager: Finished task 576.0 in stage 19.0 (TID 8934) in 2105 ms on 10.255.79.209 (executor 30) (62/1024)
26/05/28 14:32:27 INFO TaskSetManager: Finished task 891.0 in stage 19.0 (TID 9249) in 2093 ms on 10.255.79.209 (executor 30) (63/1024)
26/05/28 14:32:27 INFO TaskSetManager: Finished task 226.0 in stage 19.0 (TID 8584) in 2118 ms on 10.255.79.209 (executor 30) (64/1024)
26/05/28 14:32:27 INFO TaskSetManager: Finished task 460.0 in stage 19.0 (TID 8818) in 2109 ms on 10.255.74.59 (executor 4) (65/1024)
26/05/28 14:32:27 INFO TaskSetManager: Finished task 541.0 in stage 19.0 (TID 8899) in 2106 ms on 10.255.79.209 (executor 30) (66/1024)
26/05/28 14:32:27 INFO TaskSetManager: Finished task 775.0 in stage 19.0 (TID 9133) in 2097 ms on 10.255.74.59 (executor 4) (67/1024)
26/05/28 14:32:27 INFO TaskSetManager: Finished task 985.0 in stage 19.0 (TID 9343) in 2089 ms on 10.255.74.59 (executor 4) (68/1024)
26/05/28 14:32:27 INFO TaskSetManager: Finished task 121.0 in stage 19.0 (TID 8479) in 2122 ms on 10.255.79.209 (executor 30) (69/1024)
26/05/28 14:32:27 INFO TaskSetManager: Finished task 86.0 in stage 19.0 (TID 8444) in 2123 ms on 10.255.79.209 (executor 30) (70/1024)
26/05/28 14:32:27 INFO TaskSetManager: Finished task 261.0 in stage 19.0 (TID 8619) in 2117 ms on 10.255.79.209 (executor 30) (71/1024)
26/05/28 14:32:27 INFO TaskSetManager: Finished task 331.0 in stage 19.0 (TID 8689) in 2115 ms on 10.255.79.209 (executor 30) (72/1024)
26/05/28 14:32:27 INFO TaskSetManager: Finished task 215.0 in stage 19.0 (TID 8573) in 2119 ms on 10.255.74.59 (executor 4) (73/1024)
26/05/28 14:32:27 INFO TaskSetManager: Finished task 5.0 in stage 19.0 (TID 8363) in 2127 ms on 10.255.74.59 (executor 4) (74/1024)
26/05/28 14:32:27 INFO TaskSetManager: Finished task 390.0 in stage 19.0 (TID 8748) in 2113 ms on 10.255.74.59 (executor 4) (75/1024)
26/05/28 14:32:27 INFO TaskSetManager: Finished task 565.0 in stage 19.0 (TID 8923) in 2106 ms on 10.255.74.59 (executor 4) (76/1024)
26/05/28 14:32:27 INFO TaskSetManager: Finished task 51.0 in stage 19.0 (TID 8409) in 2125 ms on 10.255.79.209 (executor 30) (77/1024)
26/05/28 14:32:27 INFO TaskSetManager: Finished task 16.0 in stage 19.0 (TID 8374) in 2127 ms on 10.255.79.209 (executor 30) (78/1024)
26/05/28 14:32:27 INFO TaskSetManager: Finished task 75.0 in stage 19.0 (TID 8433) in 2125 ms on 10.255.74.59 (executor 4) (79/1024)
26/05/28 14:32:27 INFO TaskSetManager: Finished task 705.0 in stage 19.0 (TID 9063) in 2101 ms on 10.255.74.59 (executor 4) (80/1024)
26/05/28 14:32:27 INFO TaskSetManager: Finished task 366.0 in stage 19.0 (TID 8724) in 2113 ms on 10.255.79.209 (executor 30) (81/1024)
26/05/28 14:32:27 INFO TaskSetManager: Finished task 611.0 in stage 19.0 (TID 8969) in 2104 ms on 10.255.79.209 (executor 30) (82/1024)
26/05/28 14:32:27 INFO TaskSetManager: Finished task 646.0 in stage 19.0 (TID 9004) in 2103 ms on 10.255.79.209 (executor 30) (83/1024)
26/05/28 14:32:27 INFO TaskSetManager: Finished task 40.0 in stage 19.0 (TID 8398) in 2127 ms on 10.255.74.59 (executor 4) (84/1024)
26/05/28 14:32:27 INFO TaskSetManager: Finished task 845.0 in stage 19.0 (TID 9203) in 2096 ms on 10.255.74.59 (executor 4) (85/1024)
26/05/28 14:32:27 INFO TaskSetManager: Finished task 191.0 in stage 19.0 (TID 8549) in 2121 ms on 10.255.79.209 (executor 30) (86/1024)
26/05/28 14:32:27 INFO TaskSetManager: Finished task 436.0 in stage 19.0 (TID 8794) in 2112 ms on 10.255.79.209 (executor 30) (87/1024)
26/05/28 14:32:27 INFO TaskSetManager: Finished task 110.0 in stage 19.0 (TID 8468) in 2124 ms on 10.255.74.59 (executor 4) (88/1024)
26/05/28 14:32:27 INFO TaskSetManager: Finished task 530.0 in stage 19.0 (TID 8888) in 2108 ms on 10.255.74.59 (executor 4) (89/1024)
26/05/28 14:32:27 INFO TaskSetManager: Finished task 821.0 in stage 19.0 (TID 9179) in 2097 ms on 10.255.79.209 (executor 30) (90/1024)
26/05/28 14:32:27 INFO TaskSetManager: Finished task 296.0 in stage 19.0 (TID 8654) in 2117 ms on 10.255.79.209 (executor 30) (91/1024)
26/05/28 14:32:27 INFO TaskSetManager: Finished task 915.0 in stage 19.0 (TID 9273) in 2094 ms on 10.255.74.59 (executor 4) (92/1024)
26/05/28 14:32:27 INFO TaskSetManager: Finished task 506.0 in stage 19.0 (TID 8864) in 2109 ms on 10.255.79.209 (executor 30) (93/1024)
26/05/28 14:32:27 INFO TaskSetManager: Finished task 495.0 in stage 19.0 (TID 8853) in 2110 ms on 10.255.74.59 (executor 4) (94/1024)
26/05/28 14:32:27 INFO TaskSetManager: Finished task 751.0 in stage 19.0 (TID 9109) in 2100 ms on 10.255.79.209 (executor 30) (95/1024)
26/05/28 14:32:27 INFO TaskSetManager: Finished task 145.0 in stage 19.0 (TID 8503) in 2124 ms on 10.255.74.59 (executor 4) (96/1024)
26/05/28 14:32:27 INFO TaskSetManager: Finished task 471.0 in stage 19.0 (TID 8829) in 2111 ms on 10.255.79.209 (executor 30) (97/1024)
26/05/28 14:32:27 INFO TaskSetManager: Finished task 600.0 in stage 19.0 (TID 8958) in 2107 ms on 10.255.74.59 (executor 4) (98/1024)
26/05/28 14:32:27 INFO TaskSetManager: Finished task 810.0 in stage 19.0 (TID 9168) in 2099 ms on 10.255.74.59 (executor 4) (99/1024)
26/05/28 14:32:27 INFO TaskSetManager: Finished task 786.0 in stage 19.0 (TID 9144) in 2099 ms on 10.255.79.209 (executor 30) (100/1024)
26/05/28 14:32:27 INFO TaskSetManager: Finished task 961.0 in stage 19.0 (TID 9319) in 2093 ms on 10.255.79.209 (executor 30) (101/1024)
26/05/28 14:32:27 INFO TaskSetManager: Finished task 320.0 in stage 19.0 (TID 8678) in 2117 ms on 10.255.74.59 (executor 4) (102/1024)
26/05/28 14:32:27 INFO TaskSetManager: Finished task 670.0 in stage 19.0 (TID 9028) in 2104 ms on 10.255.74.59 (executor 4) (103/1024)
26/05/28 14:32:27 INFO TaskSetManager: Finished task 996.0 in stage 19.0 (TID 9354) in 2092 ms on 10.255.79.209 (executor 30) (104/1024)
26/05/28 14:32:27 INFO TaskSetManager: Finished task 156.0 in stage 19.0 (TID 8514) in 2123 ms on 10.255.79.209 (executor 30) (105/1024)
26/05/28 14:32:27 INFO TaskSetManager: Finished task 856.0 in stage 19.0 (TID 9214) in 2097 ms on 10.255.79.209 (executor 30) (106/1024)
26/05/28 14:32:27 INFO TaskSetManager: Finished task 635.0 in stage 19.0 (TID 8993) in 2106 ms on 10.255.74.59 (executor 4) (107/1024)
26/05/28 14:32:27 INFO TaskSetManager: Finished task 681.0 in stage 19.0 (TID 9039) in 2105 ms on 10.255.79.209 (executor 30) (108/1024)
26/05/28 14:32:27 INFO TaskSetManager: Finished task 1020.0 in stage 19.0 (TID 9378) in 2092 ms on 10.255.74.59 (executor 4) (109/1024)
26/05/28 14:32:27 INFO TaskSetManager: Finished task 355.0 in stage 19.0 (TID 8713) in 2117 ms on 10.255.74.59 (executor 4) (110/1024)
26/05/28 14:32:27 INFO TaskSetManager: Finished task 401.0 in stage 19.0 (TID 8759) in 2115 ms on 10.255.79.209 (executor 30) (111/1024)
26/05/28 14:32:27 INFO TaskSetManager: Finished task 880.0 in stage 19.0 (TID 9238) in 2097 ms on 10.255.74.59 (executor 4) (112/1024)
26/05/28 14:32:27 INFO TaskSetManager: Finished task 250.0 in stage 19.0 (TID 8608) in 2121 ms on 10.255.74.59 (executor 4) (113/1024)
26/05/28 14:32:27 INFO TaskSetManager: Finished task 425.0 in stage 19.0 (TID 8783) in 2114 ms on 10.255.74.59 (executor 4) (114/1024)
26/05/28 14:32:27 INFO TaskSetManager: Finished task 285.0 in stage 19.0 (TID 8643) in 2120 ms on 10.255.74.59 (executor 4) (115/1024)
26/05/28 14:32:27 INFO TaskSetManager: Finished task 950.0 in stage 19.0 (TID 9308) in 2094 ms on 10.255.74.59 (executor 4) (116/1024)
26/05/28 14:32:27 INFO TaskSetManager: Finished task 740.0 in stage 19.0 (TID 9098) in 2102 ms on 10.255.74.59 (executor 4) (117/1024)
26/05/28 14:32:27 INFO TaskSetManager: Finished task 454.0 in stage 19.0 (TID 8812) in 2113 ms on 10.255.84.128 (executor 22) (118/1024)
26/05/28 14:32:27 INFO TaskSetManager: Finished task 180.0 in stage 19.0 (TID 8538) in 2124 ms on 10.255.74.59 (executor 4) (119/1024)
26/05/28 14:32:27 INFO TaskSetManager: Finished task 699.0 in stage 19.0 (TID 9057) in 2105 ms on 10.255.84.128 (executor 22) (120/1024)
26/05/28 14:32:27 INFO TaskSetManager: Finished task 174.0 in stage 19.0 (TID 8532) in 2125 ms on 10.255.84.128 (executor 22) (121/1024)
26/05/28 14:32:27 INFO TaskSetManager: Finished task 594.0 in stage 19.0 (TID 8952) in 2109 ms on 10.255.84.128 (executor 22) (122/1024)
26/05/28 14:32:27 INFO TaskSetManager: Finished task 384.0 in stage 19.0 (TID 8742) in 2117 ms on 10.255.84.128 (executor 22) (123/1024)
26/05/28 14:32:27 INFO TaskSetManager: Finished task 979.0 in stage 19.0 (TID 9337) in 2094 ms on 10.255.84.128 (executor 22) (124/1024)
26/05/28 14:32:27 INFO TaskSetManager: Finished task 524.0 in stage 19.0 (TID 8882) in 2111 ms on 10.255.84.128 (executor 22) (125/1024)
26/05/28 14:32:27 INFO TaskSetManager: Finished task 769.0 in stage 19.0 (TID 9127) in 2102 ms on 10.255.84.128 (executor 22) (126/1024)
26/05/28 14:32:27 INFO TaskSetManager: Finished task 559.0 in stage 19.0 (TID 8917) in 2110 ms on 10.255.84.128 (executor 22) (127/1024)
26/05/28 14:32:27 INFO TaskSetManager: Finished task 489.0 in stage 19.0 (TID 8847) in 2113 ms on 10.255.84.128 (executor 22) (128/1024)
26/05/28 14:32:27 INFO TaskSetManager: Finished task 909.0 in stage 19.0 (TID 9267) in 2097 ms on 10.255.84.128 (executor 22) (129/1024)
26/05/28 14:32:27 INFO TaskSetManager: Finished task 209.0 in stage 19.0 (TID 8567) in 2123 ms on 10.255.84.128 (executor 22) (130/1024)
26/05/28 14:32:27 INFO TaskSetManager: Finished task 839.0 in stage 19.0 (TID 9197) in 2100 ms on 10.255.84.128 (executor 22) (131/1024)
26/05/28 14:32:27 INFO TaskSetManager: Finished task 314.0 in stage 19.0 (TID 8672) in 2121 ms on 10.255.84.128 (executor 22) (132/1024)
26/05/28 14:32:27 INFO TaskSetManager: Finished task 944.0 in stage 19.0 (TID 9302) in 2096 ms on 10.255.84.128 (executor 22) (133/1024)
26/05/28 14:32:27 INFO TaskSetManager: Finished task 104.0 in stage 19.0 (TID 8462) in 2128 ms on 10.255.84.128 (executor 22) (134/1024)
26/05/28 14:32:27 INFO TaskSetManager: Finished task 804.0 in stage 19.0 (TID 9162) in 2102 ms on 10.255.84.128 (executor 22) (135/1024)
26/05/28 14:32:27 INFO TaskSetManager: Finished task 419.0 in stage 19.0 (TID 8777) in 2116 ms on 10.255.84.128 (executor 22) (136/1024)
26/05/28 14:32:27 INFO TaskSetManager: Finished task 34.0 in stage 19.0 (TID 8392) in 2131 ms on 10.255.84.128 (executor 22) (137/1024)
26/05/28 14:32:27 INFO TaskSetManager: Finished task 139.0 in stage 19.0 (TID 8497) in 2127 ms on 10.255.84.128 (executor 22) (138/1024)
26/05/28 14:32:27 INFO TaskSetManager: Finished task 69.0 in stage 19.0 (TID 8427) in 2130 ms on 10.255.84.128 (executor 22) (139/1024)
26/05/28 14:32:27 INFO TaskSetManager: Finished task 279.0 in stage 19.0 (TID 8637) in 2122 ms on 10.255.84.128 (executor 22) (140/1024)
26/05/28 14:32:27 INFO TaskSetManager: Finished task 734.0 in stage 19.0 (TID 9092) in 2105 ms on 10.255.84.128 (executor 22) (141/1024)
26/05/28 14:32:27 INFO TaskSetManager: Finished task 664.0 in stage 19.0 (TID 9022) in 2107 ms on 10.255.84.128 (executor 22) (142/1024)
26/05/28 14:32:27 INFO TaskSetManager: Finished task 349.0 in stage 19.0 (TID 8707) in 2120 ms on 10.255.84.128 (executor 22) (143/1024)
26/05/28 14:32:27 INFO TaskSetManager: Finished task 1014.0 in stage 19.0 (TID 9372) in 2095 ms on 10.255.84.128 (executor 22) (144/1024)
26/05/28 14:32:27 INFO TaskSetManager: Finished task 629.0 in stage 19.0 (TID 8987) in 2110 ms on 10.255.84.128 (executor 22) (145/1024)
26/05/28 14:32:27 INFO TaskSetManager: Finished task 874.0 in stage 19.0 (TID 9232) in 2100 ms on 10.255.84.128 (executor 22) (146/1024)
26/05/28 14:32:27 INFO TaskSetManager: Finished task 244.0 in stage 19.0 (TID 8602) in 2124 ms on 10.255.84.128 (executor 22) (147/1024)
26/05/28 14:32:27 INFO TaskSetManager: Finished task 535.0 in stage 19.0 (TID 8893) in 2139 ms on 10.255.92.36 (executor 1) (148/1024)
26/05/28 14:32:27 INFO TaskSetManager: Finished task 745.0 in stage 19.0 (TID 9103) in 2131 ms on 10.255.92.36 (executor 1) (149/1024)
26/05/28 14:32:27 INFO TaskSetManager: Finished task 990.0 in stage 19.0 (TID 9348) in 2122 ms on 10.255.92.36 (executor 1) (150/1024)
26/05/28 14:32:27 INFO TaskSetManager: Finished task 430.0 in stage 19.0 (TID 8788) in 2143 ms on 10.255.92.36 (executor 1) (151/1024)
26/05/28 14:32:27 INFO TaskSetManager: Finished task 185.0 in stage 19.0 (TID 8543) in 2152 ms on 10.255.92.36 (executor 1) (152/1024)
26/05/28 14:32:27 INFO TaskSetManager: Finished task 10.0 in stage 19.0 (TID 8368) in 2160 ms on 10.255.92.36 (executor 1) (153/1024)
26/05/28 14:32:27 INFO TaskSetManager: Finished task 255.0 in stage 19.0 (TID 8613) in 2151 ms on 10.255.92.36 (executor 1) (154/1024)
26/05/28 14:32:27 INFO TaskSetManager: Finished task 570.0 in stage 19.0 (TID 8928) in 2139 ms on 10.255.92.36 (executor 1) (155/1024)
26/05/28 14:32:27 INFO TaskSetManager: Finished task 710.0 in stage 19.0 (TID 9068) in 2134 ms on 10.255.92.36 (executor 1) (156/1024)
26/05/28 14:32:27 INFO TaskSetManager: Finished task 920.0 in stage 19.0 (TID 9278) in 2125 ms on 10.255.92.36 (executor 1) (157/1024)
26/05/28 14:32:27 INFO TaskSetManager: Finished task 45.0 in stage 19.0 (TID 8403) in 2159 ms on 10.255.92.36 (executor 1) (158/1024)
26/05/28 14:32:27 INFO TaskSetManager: Finished task 325.0 in stage 19.0 (TID 8683) in 2148 ms on 10.255.92.36 (executor 1) (159/1024)
26/05/28 14:32:27 INFO TaskSetManager: Finished task 885.0 in stage 19.0 (TID 9243) in 2128 ms on 10.255.92.36 (executor 1) (160/1024)
26/05/28 14:32:27 INFO TaskSetManager: Finished task 290.0 in stage 19.0 (TID 8648) in 2150 ms on 10.255.92.36 (executor 1) (161/1024)
26/05/28 14:32:27 INFO TaskSetManager: Finished task 220.0 in stage 19.0 (TID 8578) in 2153 ms on 10.255.92.36 (executor 1) (162/1024)
26/05/28 14:32:27 INFO TaskSetManager: Finished task 80.0 in stage 19.0 (TID 8438) in 2158 ms on 10.255.92.36 (executor 1) (163/1024)
26/05/28 14:32:27 INFO TaskSetManager: Finished task 780.0 in stage 19.0 (TID 9138) in 2132 ms on 10.255.92.36 (executor 1) (164/1024)
26/05/28 14:32:27 INFO TaskSetManager: Finished task 115.0 in stage 19.0 (TID 8473) in 2157 ms on 10.255.92.36 (executor 1) (165/1024)
26/05/28 14:32:27 INFO TaskSetManager: Finished task 500.0 in stage 19.0 (TID 8858) in 2142 ms on 10.255.92.36 (executor 1) (166/1024)
26/05/28 14:32:27 INFO TaskSetManager: Finished task 360.0 in stage 19.0 (TID 8718) in 2148 ms on 10.255.92.36 (executor 1) (167/1024)
26/05/28 14:32:27 INFO TaskSetManager: Finished task 640.0 in stage 19.0 (TID 8998) in 2137 ms on 10.255.92.36 (executor 1) (168/1024)
26/05/28 14:32:27 INFO TaskSetManager: Finished task 850.0 in stage 19.0 (TID 9208) in 2129 ms on 10.255.92.36 (executor 1) (169/1024)
26/05/28 14:32:27 INFO TaskSetManager: Finished task 675.0 in stage 19.0 (TID 9033) in 2137 ms on 10.255.92.36 (executor 1) (170/1024)
26/05/28 14:32:27 INFO TaskSetManager: Finished task 150.0 in stage 19.0 (TID 8508) in 2157 ms on 10.255.92.36 (executor 1) (171/1024)
26/05/28 14:32:27 INFO TaskSetManager: Finished task 395.0 in stage 19.0 (TID 8753) in 2147 ms on 10.255.92.36 (executor 1) (172/1024)
26/05/28 14:32:27 INFO TaskSetManager: Finished task 465.0 in stage 19.0 (TID 8823) in 2145 ms on 10.255.92.36 (executor 1) (173/1024)
26/05/28 14:32:27 INFO TaskSetManager: Finished task 605.0 in stage 19.0 (TID 8963) in 2140 ms on 10.255.92.36 (executor 1) (174/1024)
26/05/28 14:32:27 INFO TaskSetManager: Finished task 815.0 in stage 19.0 (TID 9173) in 2131 ms on 10.255.92.36 (executor 1) (175/1024)
26/05/28 14:32:27 INFO TaskSetManager: Finished task 955.0 in stage 19.0 (TID 9313) in 2126 ms on 10.255.92.36 (executor 1) (176/1024)
26/05/28 14:32:27 INFO TaskSetManager: Finished task 552.0 in stage 19.0 (TID 8910) in 2163 ms on 10.255.88.132 (executor 34) (177/1024)
26/05/28 14:32:27 INFO TaskSetManager: Finished task 972.0 in stage 19.0 (TID 9330) in 2147 ms on 10.255.88.132 (executor 34) (178/1024)
26/05/28 14:32:27 INFO TaskSetManager: Finished task 622.0 in stage 19.0 (TID 8980) in 2161 ms on 10.255.88.132 (executor 34) (179/1024)
26/05/28 14:32:27 INFO TaskSetManager: Finished task 832.0 in stage 19.0 (TID 9190) in 2154 ms on 10.255.88.132 (executor 34) (180/1024)
26/05/28 14:32:27 INFO TaskSetManager: Finished task 237.0 in stage 19.0 (TID 8595) in 2176 ms on 10.255.88.132 (executor 34) (181/1024)
26/05/28 14:32:27 INFO TaskSetManager: Finished task 1007.0 in stage 19.0 (TID 9365) in 2147 ms on 10.255.88.132 (executor 34) (182/1024)
26/05/28 14:32:27 INFO TaskSetManager: Finished task 937.0 in stage 19.0 (TID 9295) in 2150 ms on 10.255.88.132 (executor 34) (183/1024)
26/05/28 14:32:27 INFO TaskSetManager: Finished task 62.0 in stage 19.0 (TID 8420) in 2183 ms on 10.255.88.132 (executor 34) (184/1024)
26/05/28 14:32:27 INFO TaskSetManager: Finished task 167.0 in stage 19.0 (TID 8525) in 2179 ms on 10.255.88.132 (executor 34) (185/1024)
26/05/28 14:32:27 INFO TaskSetManager: Finished task 517.0 in stage 19.0 (TID 8875) in 2166 ms on 10.255.88.132 (executor 34) (186/1024)
26/05/28 14:32:27 INFO TaskSetManager: Finished task 27.0 in stage 19.0 (TID 8385) in 2184 ms on 10.255.88.132 (executor 34) (187/1024)
26/05/28 14:32:27 INFO TaskSetManager: Finished task 762.0 in stage 19.0 (TID 9120) in 2157 ms on 10.255.88.132 (executor 34) (188/1024)
26/05/28 14:32:27 INFO TaskSetManager: Finished task 447.0 in stage 19.0 (TID 8805) in 2169 ms on 10.255.88.132 (executor 34) (189/1024)
26/05/28 14:32:27 INFO TaskSetManager: Finished task 132.0 in stage 19.0 (TID 8490) in 2181 ms on 10.255.88.132 (executor 34) (190/1024)
26/05/28 14:32:27 INFO TaskSetManager: Finished task 657.0 in stage 19.0 (TID 9015) in 2162 ms on 10.255.88.132 (executor 34) (191/1024)
26/05/28 14:32:27 INFO TaskSetManager: Finished task 202.0 in stage 19.0 (TID 8560) in 2179 ms on 10.255.88.132 (executor 34) (192/1024)
26/05/28 14:32:27 INFO TaskSetManager: Finished task 482.0 in stage 19.0 (TID 8840) in 2168 ms on 10.255.88.132 (executor 34) (193/1024)
26/05/28 14:32:27 INFO TaskSetManager: Finished task 412.0 in stage 19.0 (TID 8770) in 2171 ms on 10.255.88.132 (executor 34) (194/1024)
26/05/28 14:32:27 INFO TaskSetManager: Finished task 97.0 in stage 19.0 (TID 8455) in 2183 ms on 10.255.88.132 (executor 34) (195/1024)
26/05/28 14:32:27 INFO TaskSetManager: Finished task 377.0 in stage 19.0 (TID 8735) in 2172 ms on 10.255.88.132 (executor 34) (196/1024)
26/05/28 14:32:27 INFO TaskSetManager: Finished task 692.0 in stage 19.0 (TID 9050) in 2161 ms on 10.255.88.132 (executor 34) (197/1024)
26/05/28 14:32:27 INFO TaskSetManager: Finished task 587.0 in stage 19.0 (TID 8945) in 2165 ms on 10.255.88.132 (executor 34) (198/1024)
26/05/28 14:32:27 INFO TaskSetManager: Finished task 727.0 in stage 19.0 (TID 9085) in 2160 ms on 10.255.88.132 (executor 34) (199/1024)
26/05/28 14:32:27 INFO TaskSetManager: Finished task 867.0 in stage 19.0 (TID 9225) in 2154 ms on 10.255.88.132 (executor 34) (200/1024)
26/05/28 14:32:27 INFO TaskSetManager: Finished task 272.0 in stage 19.0 (TID 8630) in 2177 ms on 10.255.88.132 (executor 34) (201/1024)
26/05/28 14:32:27 INFO TaskSetManager: Finished task 307.0 in stage 19.0 (TID 8665) in 2176 ms on 10.255.88.132 (executor 34) (202/1024)
26/05/28 14:32:27 INFO TaskSetManager: Finished task 902.0 in stage 19.0 (TID 9260) in 2153 ms on 10.255.88.132 (executor 34) (203/1024)
26/05/28 14:32:27 INFO TaskSetManager: Finished task 342.0 in stage 19.0 (TID 8700) in 2175 ms on 10.255.88.132 (executor 34) (204/1024)
26/05/28 14:32:27 INFO TaskSetManager: Finished task 797.0 in stage 19.0 (TID 9155) in 2157 ms on 10.255.88.132 (executor 34) (205/1024)
26/05/28 14:32:27 INFO TaskSetManager: Finished task 641.0 in stage 19.0 (TID 8999) in 2226 ms on 10.255.79.106 (executor 14) (206/1024)
26/05/28 14:32:27 INFO TaskSetManager: Finished task 851.0 in stage 19.0 (TID 9209) in 2219 ms on 10.255.79.106 (executor 14) (207/1024)
26/05/28 14:32:27 INFO TaskSetManager: Finished task 816.0 in stage 19.0 (TID 9174) in 2220 ms on 10.255.79.106 (executor 14) (208/1024)
26/05/28 14:32:27 INFO TaskSetManager: Finished task 676.0 in stage 19.0 (TID 9034) in 2226 ms on 10.255.79.106 (executor 14) (209/1024)
26/05/28 14:32:27 INFO TaskSetManager: Finished task 466.0 in stage 19.0 (TID 8824) in 2234 ms on 10.255.79.106 (executor 14) (210/1024)
26/05/28 14:32:27 INFO TaskSetManager: Finished task 11.0 in stage 19.0 (TID 8369) in 2251 ms on 10.255.79.106 (executor 14) (211/1024)
26/05/28 14:32:27 INFO TaskSetManager: Finished task 746.0 in stage 19.0 (TID 9104) in 2223 ms on 10.255.79.106 (executor 14) (212/1024)
26/05/28 14:32:27 INFO TaskSetManager: Finished task 291.0 in stage 19.0 (TID 8649) in 2240 ms on 10.255.79.106 (executor 14) (213/1024)
26/05/28 14:32:27 INFO TaskSetManager: Finished task 116.0 in stage 19.0 (TID 8474) in 2247 ms on 10.255.79.106 (executor 14) (214/1024)
26/05/28 14:32:27 INFO TaskSetManager: Finished task 361.0 in stage 19.0 (TID 8719) in 2239 ms on 10.255.79.106 (executor 14) (215/1024)
26/05/28 14:32:27 INFO TaskSetManager: Finished task 396.0 in stage 19.0 (TID 8754) in 2237 ms on 10.255.79.106 (executor 14) (216/1024)
26/05/28 14:32:27 INFO TaskSetManager: Finished task 606.0 in stage 19.0 (TID 8964) in 2229 ms on 10.255.79.106 (executor 14) (217/1024)
26/05/28 14:32:27 INFO TaskSetManager: Finished task 921.0 in stage 19.0 (TID 9279) in 2217 ms on 10.255.79.106 (executor 14) (218/1024)
26/05/28 14:32:27 INFO TaskSetManager: Finished task 46.0 in stage 19.0 (TID 8404) in 2251 ms on 10.255.79.106 (executor 14) (219/1024)
26/05/28 14:32:27 INFO TaskSetManager: Finished task 991.0 in stage 19.0 (TID 9349) in 2215 ms on 10.255.79.106 (executor 14) (220/1024)
26/05/28 14:32:27 INFO TaskSetManager: Finished task 81.0 in stage 19.0 (TID 8439) in 2249 ms on 10.255.79.106 (executor 14) (221/1024)
26/05/28 14:32:27 INFO TaskSetManager: Finished task 711.0 in stage 19.0 (TID 9069) in 2226 ms on 10.255.79.106 (executor 14) (222/1024)
26/05/28 14:32:27 INFO TaskSetManager: Finished task 431.0 in stage 19.0 (TID 8789) in 2237 ms on 10.255.79.106 (executor 14) (223/1024)
26/05/28 14:32:27 INFO TaskSetManager: Finished task 571.0 in stage 19.0 (TID 8929) in 2232 ms on 10.255.79.106 (executor 14) (224/1024)
26/05/28 14:32:27 INFO TaskSetManager: Finished task 501.0 in stage 19.0 (TID 8859) in 2234 ms on 10.255.79.106 (executor 14) (225/1024)
26/05/28 14:32:27 INFO TaskSetManager: Finished task 221.0 in stage 19.0 (TID 8579) in 2245 ms on 10.255.79.106 (executor 14) (226/1024)
26/05/28 14:32:27 INFO TaskSetManager: Finished task 326.0 in stage 19.0 (TID 8684) in 2241 ms on 10.255.79.106 (executor 14) (227/1024)
26/05/28 14:32:27 INFO TaskSetManager: Finished task 256.0 in stage 19.0 (TID 8614) in 2244 ms on 10.255.79.106 (executor 14) (228/1024)
26/05/28 14:32:27 INFO TaskSetManager: Finished task 536.0 in stage 19.0 (TID 8894) in 2233 ms on 10.255.79.106 (executor 14) (229/1024)
26/05/28 14:32:27 INFO TaskSetManager: Finished task 886.0 in stage 19.0 (TID 9244) in 2220 ms on 10.255.79.106 (executor 14) (230/1024)
26/05/28 14:32:27 INFO TaskSetManager: Finished task 956.0 in stage 19.0 (TID 9314) in 2218 ms on 10.255.79.106 (executor 14) (231/1024)
26/05/28 14:32:27 INFO TaskSetManager: Finished task 781.0 in stage 19.0 (TID 9139) in 2225 ms on 10.255.79.106 (executor 14) (232/1024)
26/05/28 14:32:27 INFO TaskSetManager: Finished task 186.0 in stage 19.0 (TID 8544) in 2247 ms on 10.255.79.106 (executor 14) (233/1024)
26/05/28 14:32:27 INFO TaskSetManager: Finished task 151.0 in stage 19.0 (TID 8509) in 2249 ms on 10.255.79.106 (executor 14) (234/1024)
26/05/28 14:32:28 INFO TaskSetManager: Finished task 659.0 in stage 19.0 (TID 9017) in 2564 ms on 10.255.85.41 (executor 12) (235/1024)
26/05/28 14:32:28 INFO TaskSetManager: Finished task 904.0 in stage 19.0 (TID 9262) in 2555 ms on 10.255.85.41 (executor 12) (236/1024)
26/05/28 14:32:28 INFO TaskSetManager: Finished task 869.0 in stage 19.0 (TID 9227) in 2556 ms on 10.255.85.41 (executor 12) (237/1024)
26/05/28 14:32:28 INFO TaskSetManager: Finished task 589.0 in stage 19.0 (TID 8947) in 2567 ms on 10.255.85.41 (executor 12) (238/1024)
26/05/28 14:32:28 INFO TaskSetManager: Finished task 29.0 in stage 19.0 (TID 8387) in 2589 ms on 10.255.85.41 (executor 12) (239/1024)
26/05/28 14:32:28 INFO TaskSetManager: Finished task 344.0 in stage 19.0 (TID 8702) in 2577 ms on 10.255.85.41 (executor 12) (240/1024)
26/05/28 14:32:28 INFO TaskSetManager: Finished task 309.0 in stage 19.0 (TID 8667) in 2579 ms on 10.255.85.41 (executor 12) (241/1024)
26/05/28 14:32:28 INFO TaskSetManager: Finished task 134.0 in stage 19.0 (TID 8492) in 2585 ms on 10.255.85.41 (executor 12) (242/1024)
26/05/28 14:32:28 INFO TaskSetManager: Finished task 484.0 in stage 19.0 (TID 8842) in 2572 ms on 10.255.85.41 (executor 12) (243/1024)
26/05/28 14:32:28 INFO TaskSetManager: Finished task 729.0 in stage 19.0 (TID 9087) in 2563 ms on 10.255.85.41 (executor 12) (244/1024)
26/05/28 14:32:28 INFO TaskSetManager: Finished task 414.0 in stage 19.0 (TID 8772) in 2575 ms on 10.255.85.41 (executor 12) (245/1024)
26/05/28 14:32:28 INFO TaskSetManager: Finished task 834.0 in stage 19.0 (TID 9192) in 2559 ms on 10.255.85.41 (executor 12) (246/1024)
26/05/28 14:32:28 INFO TaskSetManager: Finished task 519.0 in stage 19.0 (TID 8877) in 2571 ms on 10.255.85.41 (executor 12) (247/1024)
26/05/28 14:32:28 INFO TaskSetManager: Finished task 764.0 in stage 19.0 (TID 9122) in 2562 ms on 10.255.85.41 (executor 12) (248/1024)
26/05/28 14:32:28 INFO TaskSetManager: Finished task 169.0 in stage 19.0 (TID 8527) in 2585 ms on 10.255.85.41 (executor 12) (249/1024)
26/05/28 14:32:28 INFO TaskSetManager: Finished task 274.0 in stage 19.0 (TID 8632) in 2581 ms on 10.255.85.41 (executor 12) (250/1024)
26/05/28 14:32:28 INFO TaskSetManager: Finished task 449.0 in stage 19.0 (TID 8807) in 2574 ms on 10.255.85.41 (executor 12) (251/1024)
26/05/28 14:32:28 INFO TaskSetManager: Finished task 694.0 in stage 19.0 (TID 9052) in 2565 ms on 10.255.85.41 (executor 12) (252/1024)
26/05/28 14:32:28 INFO TaskSetManager: Finished task 799.0 in stage 19.0 (TID 9157) in 2561 ms on 10.255.85.41 (executor 12) (253/1024)
26/05/28 14:32:28 INFO TaskSetManager: Finished task 974.0 in stage 19.0 (TID 9332) in 2554 ms on 10.255.85.41 (executor 12) (254/1024)
26/05/28 14:32:28 INFO TaskSetManager: Finished task 554.0 in stage 19.0 (TID 8912) in 2570 ms on 10.255.85.41 (executor 12) (255/1024)
26/05/28 14:32:28 INFO TaskSetManager: Finished task 239.0 in stage 19.0 (TID 8597) in 2582 ms on 10.255.85.41 (executor 12) (256/1024)
26/05/28 14:32:28 INFO TaskSetManager: Finished task 624.0 in stage 19.0 (TID 8982) in 2568 ms on 10.255.85.41 (executor 12) (257/1024)
26/05/28 14:32:28 INFO TaskSetManager: Finished task 939.0 in stage 19.0 (TID 9297) in 2557 ms on 10.255.85.41 (executor 12) (258/1024)
26/05/28 14:32:28 INFO TaskSetManager: Finished task 204.0 in stage 19.0 (TID 8562) in 2585 ms on 10.255.85.41 (executor 12) (259/1024)
26/05/28 14:32:28 INFO TaskSetManager: Finished task 99.0 in stage 19.0 (TID 8457) in 2589 ms on 10.255.85.41 (executor 12) (260/1024)
26/05/28 14:32:28 INFO TaskSetManager: Finished task 379.0 in stage 19.0 (TID 8737) in 2578 ms on 10.255.85.41 (executor 12) (261/1024)
26/05/28 14:32:28 INFO TaskSetManager: Finished task 1009.0 in stage 19.0 (TID 9367) in 2554 ms on 10.255.85.41 (executor 12) (262/1024)
26/05/28 14:32:28 INFO TaskSetManager: Finished task 64.0 in stage 19.0 (TID 8422) in 2590 ms on 10.255.85.41 (executor 12) (263/1024)
26/05/28 14:32:28 INFO TaskSetManager: Finished task 1018.0 in stage 19.0 (TID 9376) in 2607 ms on 10.255.64.190 (executor 16) (264/1024)
26/05/28 14:32:28 INFO TaskSetManager: Finished task 703.0 in stage 19.0 (TID 9061) in 2619 ms on 10.255.64.190 (executor 16) (265/1024)
26/05/28 14:32:28 INFO TaskSetManager: Finished task 983.0 in stage 19.0 (TID 9341) in 2608 ms on 10.255.64.190 (executor 16) (266/1024)
26/05/28 14:32:28 INFO TaskSetManager: Finished task 598.0 in stage 19.0 (TID 8956) in 2623 ms on 10.255.64.190 (executor 16) (267/1024)
26/05/28 14:32:28 INFO TaskSetManager: Finished task 878.0 in stage 19.0 (TID 9236) in 2612 ms on 10.255.64.190 (executor 16) (268/1024)
26/05/28 14:32:28 INFO TaskSetManager: Finished task 738.0 in stage 19.0 (TID 9096) in 2618 ms on 10.255.64.190 (executor 16) (269/1024)
26/05/28 14:32:28 INFO TaskSetManager: Finished task 668.0 in stage 19.0 (TID 9026) in 2621 ms on 10.255.64.190 (executor 16) (270/1024)
26/05/28 14:32:28 INFO TaskSetManager: Finished task 808.0 in stage 19.0 (TID 9166) in 2616 ms on 10.255.64.190 (executor 16) (271/1024)
26/05/28 14:32:28 INFO TaskSetManager: Finished task 773.0 in stage 19.0 (TID 9131) in 2617 ms on 10.255.64.190 (executor 16) (272/1024)
26/05/28 14:32:28 INFO TaskSetManager: Finished task 633.0 in stage 19.0 (TID 8991) in 2622 ms on 10.255.64.190 (executor 16) (273/1024)
26/05/28 14:32:28 INFO TaskSetManager: Finished task 108.0 in stage 19.0 (TID 8466) in 2642 ms on 10.255.64.190 (executor 16) (274/1024)
26/05/28 14:32:28 INFO TaskSetManager: Finished task 528.0 in stage 19.0 (TID 8886) in 2626 ms on 10.255.64.190 (executor 16) (275/1024)
26/05/28 14:32:28 INFO TaskSetManager: Finished task 458.0 in stage 19.0 (TID 8816) in 2629 ms on 10.255.64.190 (executor 16) (276/1024)
26/05/28 14:32:28 INFO TaskSetManager: Finished task 283.0 in stage 19.0 (TID 8641) in 2636 ms on 10.255.64.190 (executor 16) (277/1024)
26/05/28 14:32:28 INFO TaskSetManager: Finished task 248.0 in stage 19.0 (TID 8606) in 2638 ms on 10.255.64.190 (executor 16) (278/1024)
26/05/28 14:32:28 INFO TaskSetManager: Finished task 493.0 in stage 19.0 (TID 8851) in 2629 ms on 10.255.64.190 (executor 16) (279/1024)
26/05/28 14:32:28 INFO TaskSetManager: Finished task 213.0 in stage 19.0 (TID 8571) in 2639 ms on 10.255.64.190 (executor 16) (280/1024)
26/05/28 14:32:28 INFO TaskSetManager: Finished task 3.0 in stage 19.0 (TID 8361) in 2647 ms on 10.255.64.190 (executor 16) (281/1024)
26/05/28 14:32:28 INFO TaskSetManager: Finished task 948.0 in stage 19.0 (TID 9306) in 2611 ms on 10.255.64.190 (executor 16) (282/1024)
26/05/28 14:32:28 INFO TaskSetManager: Finished task 843.0 in stage 19.0 (TID 9201) in 2615 ms on 10.255.64.190 (executor 16) (283/1024)
26/05/28 14:32:28 INFO TaskSetManager: Finished task 913.0 in stage 19.0 (TID 9271) in 2613 ms on 10.255.64.190 (executor 16) (284/1024)
26/05/28 14:32:28 INFO TaskSetManager: Finished task 318.0 in stage 19.0 (TID 8676) in 2635 ms on 10.255.64.190 (executor 16) (285/1024)
26/05/28 14:32:28 INFO TaskSetManager: Finished task 73.0 in stage 19.0 (TID 8431) in 2645 ms on 10.255.64.190 (executor 16) (286/1024)
26/05/28 14:32:28 INFO TaskSetManager: Finished task 143.0 in stage 19.0 (TID 8501) in 2643 ms on 10.255.64.190 (executor 16) (287/1024)
26/05/28 14:32:28 INFO TaskSetManager: Finished task 388.0 in stage 19.0 (TID 8746) in 2634 ms on 10.255.64.190 (executor 16) (288/1024)
26/05/28 14:32:28 INFO TaskSetManager: Finished task 353.0 in stage 19.0 (TID 8711) in 2635 ms on 10.255.64.190 (executor 16) (289/1024)
26/05/28 14:32:28 INFO TaskSetManager: Finished task 423.0 in stage 19.0 (TID 8781) in 2632 ms on 10.255.64.190 (executor 16) (290/1024)
26/05/28 14:32:28 INFO TaskSetManager: Finished task 563.0 in stage 19.0 (TID 8921) in 2627 ms on 10.255.64.190 (executor 16) (291/1024)
26/05/28 14:32:28 INFO TaskSetManager: Finished task 38.0 in stage 19.0 (TID 8396) in 2647 ms on 10.255.64.190 (executor 16) (292/1024)
26/05/28 14:32:28 INFO TaskSetManager: Finished task 178.0 in stage 19.0 (TID 8536) in 2642 ms on 10.255.64.190 (executor 16) (293/1024)
26/05/28 14:32:28 INFO TaskSetManager: Finished task 614.0 in stage 19.0 (TID 8972) in 2692 ms on 10.255.82.150 (executor 13) (294/1024)
26/05/28 14:32:28 INFO TaskSetManager: Finished task 54.0 in stage 19.0 (TID 8412) in 2713 ms on 10.255.82.150 (executor 13) (295/1024)
26/05/28 14:32:28 INFO TaskSetManager: Finished task 194.0 in stage 19.0 (TID 8552) in 2708 ms on 10.255.82.150 (executor 13) (296/1024)
26/05/28 14:32:28 INFO TaskSetManager: Finished task 894.0 in stage 19.0 (TID 9252) in 2681 ms on 10.255.82.150 (executor 13) (297/1024)
26/05/28 14:32:28 INFO TaskSetManager: Finished task 369.0 in stage 19.0 (TID 8727) in 2701 ms on 10.255.82.150 (executor 13) (298/1024)
26/05/28 14:32:28 INFO TaskSetManager: Finished task 649.0 in stage 19.0 (TID 9007) in 2691 ms on 10.255.82.150 (executor 13) (299/1024)
26/05/28 14:32:28 INFO TaskSetManager: Finished task 439.0 in stage 19.0 (TID 8797) in 2700 ms on 10.255.82.150 (executor 13) (300/1024)
26/05/28 14:32:28 INFO TaskSetManager: Finished task 509.0 in stage 19.0 (TID 8867) in 2697 ms on 10.255.82.150 (executor 13) (301/1024)
26/05/28 14:32:28 INFO TaskSetManager: Finished task 299.0 in stage 19.0 (TID 8657) in 2705 ms on 10.255.82.150 (executor 13) (302/1024)
26/05/28 14:32:28 INFO TaskSetManager: Finished task 334.0 in stage 19.0 (TID 8692) in 2704 ms on 10.255.82.150 (executor 13) (303/1024)
26/05/28 14:32:28 INFO TaskSetManager: Finished task 964.0 in stage 19.0 (TID 9322) in 2680 ms on 10.255.82.150 (executor 13) (304/1024)
26/05/28 14:32:28 INFO TaskSetManager: Finished task 159.0 in stage 19.0 (TID 8517) in 2710 ms on 10.255.82.150 (executor 13) (305/1024)
26/05/28 14:32:28 INFO TaskSetManager: Finished task 999.0 in stage 19.0 (TID 9357) in 2679 ms on 10.255.82.150 (executor 13) (306/1024)
26/05/28 14:32:28 INFO TaskSetManager: Finished task 929.0 in stage 19.0 (TID 9287) in 2681 ms on 10.255.82.150 (executor 13) (307/1024)
26/05/28 14:32:28 INFO TaskSetManager: Finished task 229.0 in stage 19.0 (TID 8587) in 2709 ms on 10.255.82.150 (executor 13) (308/1024)
26/05/28 14:32:28 INFO TaskSetManager: Finished task 801.0 in stage 19.0 (TID 9159) in 2687 ms on 10.255.89.71 (executor 7) (309/1024)
26/05/28 14:32:28 INFO TaskSetManager: Finished task 789.0 in stage 19.0 (TID 9147) in 2687 ms on 10.255.82.150 (executor 13) (310/1024)
26/05/28 14:32:28 INFO TaskSetManager: Finished task 66.0 in stage 19.0 (TID 8424) in 2715 ms on 10.255.89.71 (executor 7) (311/1024)
26/05/28 14:32:28 INFO TaskSetManager: Finished task 136.0 in stage 19.0 (TID 8494) in 2712 ms on 10.255.89.71 (executor 7) (312/1024)
26/05/28 14:32:28 INFO TaskSetManager: Finished task 766.0 in stage 19.0 (TID 9124) in 2688 ms on 10.255.89.71 (executor 7) (313/1024)
26/05/28 14:32:28 INFO TaskSetManager: Finished task 591.0 in stage 19.0 (TID 8949) in 2695 ms on 10.255.89.71 (executor 7) (314/1024)
26/05/28 14:32:28 INFO TaskSetManager: Finished task 544.0 in stage 19.0 (TID 8902) in 2697 ms on 10.255.82.150 (executor 13) (315/1024)
26/05/28 14:32:28 INFO TaskSetManager: Finished task 684.0 in stage 19.0 (TID 9042) in 2692 ms on 10.255.82.150 (executor 13) (316/1024)
26/05/28 14:32:28 INFO TaskSetManager: Finished task 474.0 in stage 19.0 (TID 8832) in 2699 ms on 10.255.82.150 (executor 13) (317/1024)
26/05/28 14:32:28 INFO TaskSetManager: Finished task 89.0 in stage 19.0 (TID 8447) in 2714 ms on 10.255.82.150 (executor 13) (318/1024)
26/05/28 14:32:28 INFO TaskSetManager: Finished task 171.0 in stage 19.0 (TID 8529) in 2712 ms on 10.255.89.71 (executor 7) (319/1024)
26/05/28 14:32:28 INFO TaskSetManager: Finished task 626.0 in stage 19.0 (TID 8984) in 2695 ms on 10.255.89.71 (executor 7) (320/1024)
26/05/28 14:32:28 INFO TaskSetManager: Finished task 264.0 in stage 19.0 (TID 8622) in 2708 ms on 10.255.82.150 (executor 13) (321/1024)
26/05/28 14:32:28 INFO TaskSetManager: Finished task 661.0 in stage 19.0 (TID 9019) in 2693 ms on 10.255.89.71 (executor 7) (322/1024)
26/05/28 14:32:28 INFO TaskSetManager: Finished task 579.0 in stage 19.0 (TID 8937) in 2696 ms on 10.255.82.150 (executor 13) (323/1024)
26/05/28 14:32:28 INFO TaskSetManager: Finished task 31.0 in stage 19.0 (TID 8389) in 2717 ms on 10.255.89.71 (executor 7) (324/1024)
26/05/28 14:32:28 INFO TaskSetManager: Finished task 719.0 in stage 19.0 (TID 9077) in 2691 ms on 10.255.82.150 (executor 13) (325/1024)
26/05/28 14:32:28 INFO TaskSetManager: Finished task 19.0 in stage 19.0 (TID 8377) in 2718 ms on 10.255.82.150 (executor 13) (326/1024)
26/05/28 14:32:28 INFO TaskSetManager: Finished task 556.0 in stage 19.0 (TID 8914) in 2698 ms on 10.255.89.71 (executor 7) (327/1024)
26/05/28 14:32:28 INFO TaskSetManager: Finished task 871.0 in stage 19.0 (TID 9229) in 2686 ms on 10.255.89.71 (executor 7) (328/1024)
26/05/28 14:32:28 INFO TaskSetManager: Finished task 416.0 in stage 19.0 (TID 8774) in 2704 ms on 10.255.89.71 (executor 7) (329/1024)
26/05/28 14:32:28 INFO TaskSetManager: Finished task 754.0 in stage 19.0 (TID 9112) in 2691 ms on 10.255.82.150 (executor 13) (330/1024)
26/05/28 14:32:28 INFO TaskSetManager: Finished task 1011.0 in stage 19.0 (TID 9369) in 2681 ms on 10.255.89.71 (executor 7) (331/1024)
26/05/28 14:32:28 INFO TaskSetManager: Finished task 859.0 in stage 19.0 (TID 9217) in 2687 ms on 10.255.82.150 (executor 13) (332/1024)
26/05/28 14:32:28 INFO TaskSetManager: Finished task 124.0 in stage 19.0 (TID 8482) in 2715 ms on 10.255.82.150 (executor 13) (333/1024)
26/05/28 14:32:28 INFO TaskSetManager: Finished task 276.0 in stage 19.0 (TID 8634) in 2709 ms on 10.255.89.71 (executor 7) (334/1024)
26/05/28 14:32:28 INFO TaskSetManager: Finished task 824.0 in stage 19.0 (TID 9182) in 2688 ms on 10.255.82.150 (executor 13) (335/1024)
26/05/28 14:32:28 INFO TaskSetManager: Finished task 976.0 in stage 19.0 (TID 9334) in 2682 ms on 10.255.89.71 (executor 7) (336/1024)
26/05/28 14:32:28 INFO TaskSetManager: Finished task 486.0 in stage 19.0 (TID 8844) in 2701 ms on 10.255.89.71 (executor 7) (337/1024)
26/05/28 14:32:28 INFO TaskSetManager: Finished task 101.0 in stage 19.0 (TID 8459) in 2716 ms on 10.255.89.71 (executor 7) (338/1024)
26/05/28 14:32:28 INFO TaskSetManager: Finished task 381.0 in stage 19.0 (TID 8739) in 2705 ms on 10.255.89.71 (executor 7) (339/1024)
26/05/28 14:32:28 INFO TaskSetManager: Finished task 404.0 in stage 19.0 (TID 8762) in 2705 ms on 10.255.82.150 (executor 13) (340/1024)
26/05/28 14:32:28 INFO TaskSetManager: Finished task 696.0 in stage 19.0 (TID 9054) in 2694 ms on 10.255.89.71 (executor 7) (341/1024)
26/05/28 14:32:28 INFO TaskSetManager: Finished task 330.0 in stage 19.0 (TID 8688) in 2708 ms on 10.255.77.249 (executor 18) (342/1024)
26/05/28 14:32:28 INFO TaskSetManager: Finished task 346.0 in stage 19.0 (TID 8704) in 2707 ms on 10.255.89.71 (executor 7) (343/1024)
26/05/28 14:32:28 INFO TaskSetManager: Finished task 470.0 in stage 19.0 (TID 8828) in 2702 ms on 10.255.77.249 (executor 18) (344/1024)
26/05/28 14:32:28 INFO TaskSetManager: Finished task 906.0 in stage 19.0 (TID 9264) in 2686 ms on 10.255.89.71 (executor 7) (345/1024)
26/05/28 14:32:28 INFO TaskSetManager: Finished task 206.0 in stage 19.0 (TID 8564) in 2713 ms on 10.255.89.71 (executor 7) (346/1024)
26/05/28 14:32:28 INFO TaskSetManager: Finished task 836.0 in stage 19.0 (TID 9194) in 2689 ms on 10.255.89.71 (executor 7) (347/1024)
26/05/28 14:32:28 INFO TaskSetManager: Finished task 750.0 in stage 19.0 (TID 9108) in 2692 ms on 10.255.77.249 (executor 18) (348/1024)
26/05/28 14:32:28 INFO TaskSetManager: Finished task 451.0 in stage 19.0 (TID 8809) in 2703 ms on 10.255.89.71 (executor 7) (349/1024)
26/05/28 14:32:28 INFO TaskSetManager: Finished task 120.0 in stage 19.0 (TID 8478) in 2716 ms on 10.255.77.249 (executor 18) (350/1024)
26/05/28 14:32:28 INFO TaskSetManager: Finished task 731.0 in stage 19.0 (TID 9089) in 2694 ms on 10.255.89.71 (executor 7) (351/1024)
26/05/28 14:32:28 INFO TaskSetManager: Finished task 785.0 in stage 19.0 (TID 9143) in 2691 ms on 10.255.77.249 (executor 18) (352/1024)
26/05/28 14:32:28 INFO TaskSetManager: Finished task 941.0 in stage 19.0 (TID 9299) in 2686 ms on 10.255.89.71 (executor 7) (353/1024)
26/05/28 14:32:28 INFO TaskSetManager: Finished task 521.0 in stage 19.0 (TID 8879) in 2702 ms on 10.255.89.71 (executor 7) (354/1024)
26/05/28 14:32:28 INFO TaskSetManager: Finished task 680.0 in stage 19.0 (TID 9038) in 2696 ms on 10.255.77.249 (executor 18) (355/1024)
26/05/28 14:32:28 INFO TaskSetManager: Finished task 311.0 in stage 19.0 (TID 8669) in 2710 ms on 10.255.89.71 (executor 7) (356/1024)
26/05/28 14:32:28 INFO TaskSetManager: Finished task 645.0 in stage 19.0 (TID 9003) in 2697 ms on 10.255.77.249 (executor 18) (357/1024)
26/05/28 14:32:28 INFO TaskSetManager: Finished task 155.0 in stage 19.0 (TID 8513) in 2716 ms on 10.255.77.249 (executor 18) (358/1024)
26/05/28 14:32:28 INFO TaskSetManager: Finished task 50.0 in stage 19.0 (TID 8408) in 2719 ms on 10.255.77.249 (executor 18) (359/1024)
26/05/28 14:32:28 INFO TaskSetManager: Finished task 295.0 in stage 19.0 (TID 8653) in 2711 ms on 10.255.77.249 (executor 18) (360/1024)
26/05/28 14:32:28 INFO TaskSetManager: Finished task 925.0 in stage 19.0 (TID 9283) in 2687 ms on 10.255.77.249 (executor 18) (361/1024)
26/05/28 14:32:28 INFO TaskSetManager: Finished task 575.0 in stage 19.0 (TID 8933) in 2701 ms on 10.255.77.249 (executor 18) (362/1024)
26/05/28 14:32:28 INFO TaskSetManager: Finished task 715.0 in stage 19.0 (TID 9073) in 2695 ms on 10.255.77.249 (executor 18) (363/1024)
26/05/28 14:32:28 INFO TaskSetManager: Finished task 820.0 in stage 19.0 (TID 9178) in 2691 ms on 10.255.77.249 (executor 18) (364/1024)
26/05/28 14:32:28 INFO TaskSetManager: Finished task 365.0 in stage 19.0 (TID 8723) in 2709 ms on 10.255.77.249 (executor 18) (365/1024)
26/05/28 14:32:28 INFO TaskSetManager: Finished task 241.0 in stage 19.0 (TID 8599) in 2713 ms on 10.255.89.71 (executor 7) (366/1024)
26/05/28 14:32:28 INFO TaskSetManager: Finished task 610.0 in stage 19.0 (TID 8968) in 2699 ms on 10.255.77.249 (executor 18) (367/1024)
26/05/28 14:32:28 INFO TaskSetManager: Finished task 400.0 in stage 19.0 (TID 8758) in 2707 ms on 10.255.77.249 (executor 18) (368/1024)
26/05/28 14:32:28 INFO TaskSetManager: Finished task 190.0 in stage 19.0 (TID 8548) in 2715 ms on 10.255.77.249 (executor 18) (369/1024)
26/05/28 14:32:28 INFO TaskSetManager: Finished task 260.0 in stage 19.0 (TID 8618) in 2713 ms on 10.255.77.249 (executor 18) (370/1024)
26/05/28 14:32:28 INFO TaskSetManager: Finished task 960.0 in stage 19.0 (TID 9318) in 2686 ms on 10.255.77.249 (executor 18) (371/1024)
26/05/28 14:32:28 INFO TaskSetManager: Finished task 540.0 in stage 19.0 (TID 8898) in 2702 ms on 10.255.77.249 (executor 18) (372/1024)
26/05/28 14:32:28 INFO TaskSetManager: Finished task 225.0 in stage 19.0 (TID 8583) in 2714 ms on 10.255.77.249 (executor 18) (373/1024)
26/05/28 14:32:28 INFO TaskSetManager: Finished task 15.0 in stage 19.0 (TID 8373) in 2723 ms on 10.255.77.249 (executor 18) (374/1024)
26/05/28 14:32:28 INFO TaskSetManager: Finished task 85.0 in stage 19.0 (TID 8443) in 2720 ms on 10.255.77.249 (executor 18) (375/1024)
26/05/28 14:32:28 INFO TaskSetManager: Finished task 505.0 in stage 19.0 (TID 8863) in 2704 ms on 10.255.77.249 (executor 18) (376/1024)
26/05/28 14:32:28 INFO TaskSetManager: Finished task 435.0 in stage 19.0 (TID 8793) in 2707 ms on 10.255.77.249 (executor 18) (377/1024)
26/05/28 14:32:28 INFO TaskSetManager: Finished task 890.0 in stage 19.0 (TID 9248) in 2690 ms on 10.255.77.249 (executor 18) (378/1024)
26/05/28 14:32:28 INFO TaskSetManager: Finished task 995.0 in stage 19.0 (TID 9353) in 2686 ms on 10.255.77.249 (executor 18) (379/1024)
26/05/28 14:32:28 INFO TaskSetManager: Finished task 855.0 in stage 19.0 (TID 9213) in 2691 ms on 10.255.77.249 (executor 18) (380/1024)
26/05/28 14:32:28 INFO ClusterLoadAvgHelper: Current cluster load: 1, Old Ema: 1.0, New Ema: 1.0 
26/05/28 14:32:28 INFO TaskSetManager: Finished task 712.0 in stage 19.0 (TID 9070) in 2734 ms on 10.255.94.172 (executor 17) (381/1024)
26/05/28 14:32:28 INFO TaskSetManager: Finished task 642.0 in stage 19.0 (TID 9000) in 2737 ms on 10.255.94.172 (executor 17) (382/1024)
26/05/28 14:32:28 INFO TaskSetManager: Finished task 677.0 in stage 19.0 (TID 9035) in 2736 ms on 10.255.94.172 (executor 17) (383/1024)
26/05/28 14:32:28 INFO TaskSetManager: Finished task 747.0 in stage 19.0 (TID 9105) in 2733 ms on 10.255.94.172 (executor 17) (384/1024)
26/05/28 14:32:28 INFO TaskSetManager: Finished task 222.0 in stage 19.0 (TID 8580) in 2753 ms on 10.255.94.172 (executor 17) (385/1024)
26/05/28 14:32:28 INFO TaskSetManager: Finished task 607.0 in stage 19.0 (TID 8965) in 2739 ms on 10.255.94.172 (executor 17) (386/1024)
26/05/28 14:32:28 INFO TaskSetManager: Finished task 572.0 in stage 19.0 (TID 8930) in 2741 ms on 10.255.94.172 (executor 17) (387/1024)
26/05/28 14:32:28 INFO TaskSetManager: Finished task 327.0 in stage 19.0 (TID 8685) in 2750 ms on 10.255.94.172 (executor 17) (388/1024)
26/05/28 14:32:28 INFO TaskSetManager: Finished task 82.0 in stage 19.0 (TID 8440) in 2759 ms on 10.255.94.172 (executor 17) (389/1024)
26/05/28 14:32:28 INFO TaskSetManager: Finished task 117.0 in stage 19.0 (TID 8475) in 2758 ms on 10.255.94.172 (executor 17) (390/1024)
26/05/28 14:32:28 INFO TaskSetManager: Finished task 467.0 in stage 19.0 (TID 8825) in 2745 ms on 10.255.94.172 (executor 17) (391/1024)
26/05/28 14:32:28 INFO TaskSetManager: Finished task 152.0 in stage 19.0 (TID 8510) in 2757 ms on 10.255.94.172 (executor 17) (392/1024)
26/05/28 14:32:28 INFO TaskSetManager: Finished task 922.0 in stage 19.0 (TID 9280) in 2727 ms on 10.255.94.172 (executor 17) (393/1024)
26/05/28 14:32:28 INFO TaskSetManager: Finished task 537.0 in stage 19.0 (TID 8895) in 2742 ms on 10.255.94.172 (executor 17) (394/1024)
26/05/28 14:32:28 INFO TaskSetManager: Finished task 502.0 in stage 19.0 (TID 8860) in 2744 ms on 10.255.94.172 (executor 17) (395/1024)
26/05/28 14:32:28 INFO TaskSetManager: Finished task 432.0 in stage 19.0 (TID 8790) in 2747 ms on 10.255.94.172 (executor 17) (396/1024)
26/05/28 14:32:28 INFO TaskSetManager: Finished task 47.0 in stage 19.0 (TID 8405) in 2762 ms on 10.255.94.172 (executor 17) (397/1024)
26/05/28 14:32:28 INFO TaskSetManager: Finished task 852.0 in stage 19.0 (TID 9210) in 2731 ms on 10.255.94.172 (executor 17) (398/1024)
26/05/28 14:32:28 INFO TaskSetManager: Finished task 957.0 in stage 19.0 (TID 9315) in 2727 ms on 10.255.94.172 (executor 17) (399/1024)
26/05/28 14:32:28 INFO TaskSetManager: Finished task 12.0 in stage 19.0 (TID 8370) in 2763 ms on 10.255.94.172 (executor 17) (400/1024)
26/05/28 14:32:28 INFO TaskSetManager: Finished task 187.0 in stage 19.0 (TID 8545) in 2756 ms on 10.255.94.172 (executor 17) (401/1024)
26/05/28 14:32:28 INFO TaskSetManager: Finished task 887.0 in stage 19.0 (TID 9245) in 2730 ms on 10.255.94.172 (executor 17) (402/1024)
26/05/28 14:32:28 INFO TaskSetManager: Finished task 992.0 in stage 19.0 (TID 9350) in 2727 ms on 10.255.94.172 (executor 17) (403/1024)
26/05/28 14:32:28 INFO TaskSetManager: Finished task 362.0 in stage 19.0 (TID 8720) in 2751 ms on 10.255.94.172 (executor 17) (404/1024)
26/05/28 14:32:28 INFO TaskSetManager: Finished task 257.0 in stage 19.0 (TID 8615) in 2755 ms on 10.255.94.172 (executor 17) (405/1024)
26/05/28 14:32:28 INFO TaskSetManager: Finished task 817.0 in stage 19.0 (TID 9175) in 2733 ms on 10.255.94.172 (executor 17) (406/1024)
26/05/28 14:32:28 INFO TaskSetManager: Finished task 397.0 in stage 19.0 (TID 8755) in 2749 ms on 10.255.94.172 (executor 17) (407/1024)
26/05/28 14:32:28 INFO TaskSetManager: Finished task 292.0 in stage 19.0 (TID 8650) in 2753 ms on 10.255.94.172 (executor 17) (408/1024)
26/05/28 14:32:28 INFO TaskSetManager: Finished task 782.0 in stage 19.0 (TID 9140) in 2735 ms on 10.255.94.172 (executor 17) (409/1024)
26/05/28 14:32:28 INFO TaskSetManager: Finished task 373.0 in stage 19.0 (TID 8731) in 2763 ms on 10.255.90.38 (executor 31) (410/1024)
26/05/28 14:32:28 INFO TaskSetManager: Finished task 128.0 in stage 19.0 (TID 8486) in 2773 ms on 10.255.90.38 (executor 31) (411/1024)
26/05/28 14:32:28 INFO TaskSetManager: Finished task 618.0 in stage 19.0 (TID 8976) in 2754 ms on 10.255.90.38 (executor 31) (412/1024)
26/05/28 14:32:28 INFO TaskSetManager: Finished task 933.0 in stage 19.0 (TID 9291) in 2743 ms on 10.255.90.38 (executor 31) (413/1024)
26/05/28 14:32:28 INFO TaskSetManager: Finished task 303.0 in stage 19.0 (TID 8661) in 2767 ms on 10.255.90.38 (executor 31) (414/1024)
26/05/28 14:32:28 INFO TaskSetManager: Finished task 58.0 in stage 19.0 (TID 8416) in 2776 ms on 10.255.90.38 (executor 31) (415/1024)
26/05/28 14:32:28 INFO TaskSetManager: Finished task 1003.0 in stage 19.0 (TID 9361) in 2740 ms on 10.255.90.38 (executor 31) (416/1024)
26/05/28 14:32:28 INFO TaskSetManager: Finished task 408.0 in stage 19.0 (TID 8766) in 2763 ms on 10.255.90.38 (executor 31) (417/1024)
26/05/28 14:32:28 INFO TaskSetManager: Finished task 863.0 in stage 19.0 (TID 9221) in 2746 ms on 10.255.90.38 (executor 31) (418/1024)
26/05/28 14:32:28 INFO TaskSetManager: Finished task 443.0 in stage 19.0 (TID 8801) in 2762 ms on 10.255.90.38 (executor 31) (419/1024)
26/05/28 14:32:28 INFO TaskSetManager: Finished task 338.0 in stage 19.0 (TID 8696) in 2766 ms on 10.255.90.38 (executor 31) (420/1024)
26/05/28 14:32:28 INFO TaskSetManager: Finished task 268.0 in stage 19.0 (TID 8626) in 2768 ms on 10.255.90.38 (executor 31) (421/1024)
26/05/28 14:32:28 INFO TaskSetManager: Finished task 898.0 in stage 19.0 (TID 9256) in 2745 ms on 10.255.90.38 (executor 31) (422/1024)
26/05/28 14:32:28 INFO TaskSetManager: Finished task 93.0 in stage 19.0 (TID 8451) in 2776 ms on 10.255.90.38 (executor 31) (423/1024)
26/05/28 14:32:28 INFO TaskSetManager: Finished task 723.0 in stage 19.0 (TID 9081) in 2752 ms on 10.255.90.38 (executor 31) (424/1024)
26/05/28 14:32:28 INFO TaskSetManager: Finished task 653.0 in stage 19.0 (TID 9011) in 2755 ms on 10.255.90.38 (executor 31) (425/1024)
26/05/28 14:32:28 INFO TaskSetManager: Finished task 233.0 in stage 19.0 (TID 8591) in 2771 ms on 10.255.90.38 (executor 31) (426/1024)
26/05/28 14:32:28 INFO TaskSetManager: Finished task 198.0 in stage 19.0 (TID 8556) in 2772 ms on 10.255.90.38 (executor 31) (427/1024)
26/05/28 14:32:28 INFO TaskSetManager: Finished task 548.0 in stage 19.0 (TID 8906) in 2759 ms on 10.255.90.38 (executor 31) (428/1024)
26/05/28 14:32:28 INFO TaskSetManager: Finished task 513.0 in stage 19.0 (TID 8871) in 2760 ms on 10.255.90.38 (executor 31) (429/1024)
26/05/28 14:32:28 INFO TaskSetManager: Finished task 968.0 in stage 19.0 (TID 9326) in 2744 ms on 10.255.90.38 (executor 31) (430/1024)
26/05/28 14:32:28 INFO TaskSetManager: Finished task 163.0 in stage 19.0 (TID 8521) in 2774 ms on 10.255.90.38 (executor 31) (431/1024)
26/05/28 14:32:28 INFO TaskSetManager: Finished task 758.0 in stage 19.0 (TID 9116) in 2752 ms on 10.255.90.38 (executor 31) (432/1024)
26/05/28 14:32:28 INFO TaskSetManager: Finished task 688.0 in stage 19.0 (TID 9046) in 2754 ms on 10.255.90.38 (executor 31) (433/1024)
26/05/28 14:32:28 INFO TaskSetManager: Finished task 23.0 in stage 19.0 (TID 8381) in 2779 ms on 10.255.90.38 (executor 31) (434/1024)
26/05/28 14:32:28 INFO TaskSetManager: Finished task 478.0 in stage 19.0 (TID 8836) in 2762 ms on 10.255.90.38 (executor 31) (435/1024)
26/05/28 14:32:28 INFO TaskSetManager: Finished task 828.0 in stage 19.0 (TID 9186) in 2749 ms on 10.255.90.38 (executor 31) (436/1024)
26/05/28 14:32:28 INFO TaskSetManager: Finished task 583.0 in stage 19.0 (TID 8941) in 2758 ms on 10.255.90.38 (executor 31) (437/1024)
26/05/28 14:32:28 INFO TaskSetManager: Finished task 793.0 in stage 19.0 (TID 9151) in 2750 ms on 10.255.90.38 (executor 31) (438/1024)
26/05/28 14:32:28 INFO TaskSetManager: Finished task 219.0 in stage 19.0 (TID 8577) in 2772 ms on 10.255.82.104 (executor 26) (439/1024)
26/05/28 14:32:28 INFO TaskSetManager: Finished task 9.0 in stage 19.0 (TID 8367) in 2781 ms on 10.255.82.104 (executor 26) (440/1024)
26/05/28 14:32:28 INFO TaskSetManager: Finished task 534.0 in stage 19.0 (TID 8892) in 2761 ms on 10.255.82.104 (executor 26) (441/1024)
26/05/28 14:32:28 INFO TaskSetManager: Finished task 184.0 in stage 19.0 (TID 8542) in 2774 ms on 10.255.82.104 (executor 26) (442/1024)
26/05/28 14:32:28 INFO TaskSetManager: Finished task 429.0 in stage 19.0 (TID 8787) in 2765 ms on 10.255.82.104 (executor 26) (443/1024)
26/05/28 14:32:28 INFO TaskSetManager: Finished task 254.0 in stage 19.0 (TID 8612) in 2772 ms on 10.255.82.104 (executor 26) (444/1024)
26/05/28 14:32:28 INFO TaskSetManager: Finished task 954.0 in stage 19.0 (TID 9312) in 2745 ms on 10.255.82.104 (executor 26) (445/1024)
26/05/28 14:32:28 INFO TaskSetManager: Finished task 849.0 in stage 19.0 (TID 9207) in 2749 ms on 10.255.82.104 (executor 26) (446/1024)
26/05/28 14:32:28 INFO TaskSetManager: Finished task 394.0 in stage 19.0 (TID 8752) in 2767 ms on 10.255.82.104 (executor 26) (447/1024)
26/05/28 14:32:28 INFO TaskSetManager: Finished task 359.0 in stage 19.0 (TID 8717) in 2769 ms on 10.255.82.104 (executor 26) (448/1024)
26/05/28 14:32:28 INFO TaskSetManager: Finished task 44.0 in stage 19.0 (TID 8402) in 2781 ms on 10.255.82.104 (executor 26) (449/1024)
26/05/28 14:32:28 INFO TaskSetManager: Finished task 989.0 in stage 19.0 (TID 9347) in 2745 ms on 10.255.82.104 (executor 26) (450/1024)
26/05/28 14:32:28 INFO TaskSetManager: Finished task 114.0 in stage 19.0 (TID 8472) in 2778 ms on 10.255.82.104 (executor 26) (451/1024)
26/05/28 14:32:28 INFO TaskSetManager: Finished task 464.0 in stage 19.0 (TID 8822) in 2765 ms on 10.255.82.104 (executor 26) (452/1024)
26/05/28 14:32:28 INFO TaskSetManager: Finished task 919.0 in stage 19.0 (TID 9277) in 2747 ms on 10.255.82.104 (executor 26) (453/1024)
26/05/28 14:32:28 INFO TaskSetManager: Finished task 744.0 in stage 19.0 (TID 9102) in 2754 ms on 10.255.82.104 (executor 26) (454/1024)
26/05/28 14:32:28 INFO TaskSetManager: Finished task 569.0 in stage 19.0 (TID 8927) in 2761 ms on 10.255.82.104 (executor 26) (455/1024)
26/05/28 14:32:28 INFO TaskSetManager: Finished task 639.0 in stage 19.0 (TID 8997) in 2759 ms on 10.255.82.104 (executor 26) (456/1024)
26/05/28 14:32:28 INFO TaskSetManager: Finished task 674.0 in stage 19.0 (TID 9032) in 2758 ms on 10.255.82.104 (executor 26) (457/1024)
26/05/28 14:32:28 INFO TaskSetManager: Finished task 79.0 in stage 19.0 (TID 8437) in 2780 ms on 10.255.82.104 (executor 26) (458/1024)
26/05/28 14:32:28 INFO TaskSetManager: Finished task 149.0 in stage 19.0 (TID 8507) in 2778 ms on 10.255.82.104 (executor 26) (459/1024)
26/05/28 14:32:28 INFO TaskSetManager: Finished task 324.0 in stage 19.0 (TID 8682) in 2771 ms on 10.255.82.104 (executor 26) (460/1024)
26/05/28 14:32:28 INFO TaskSetManager: Finished task 884.0 in stage 19.0 (TID 9242) in 2750 ms on 10.255.82.104 (executor 26) (461/1024)
26/05/28 14:32:28 INFO TaskSetManager: Finished task 604.0 in stage 19.0 (TID 8962) in 2761 ms on 10.255.82.104 (executor 26) (462/1024)
26/05/28 14:32:28 INFO TaskSetManager: Finished task 709.0 in stage 19.0 (TID 9067) in 2757 ms on 10.255.82.104 (executor 26) (463/1024)
26/05/28 14:32:28 INFO TaskSetManager: Finished task 814.0 in stage 19.0 (TID 9172) in 2753 ms on 10.255.82.104 (executor 26) (464/1024)
26/05/28 14:32:28 INFO TaskSetManager: Finished task 289.0 in stage 19.0 (TID 8647) in 2774 ms on 10.255.82.104 (executor 26) (465/1024)
26/05/28 14:32:28 INFO TaskSetManager: Finished task 779.0 in stage 19.0 (TID 9137) in 2755 ms on 10.255.82.104 (executor 26) (466/1024)
26/05/28 14:32:28 INFO TaskSetManager: Finished task 499.0 in stage 19.0 (TID 8857) in 2765 ms on 10.255.82.104 (executor 26) (467/1024)
26/05/28 14:32:28 INFO TaskSetManager: Finished task 216.0 in stage 19.0 (TID 8574) in 2815 ms on 10.255.70.40 (executor 20) (468/1024)
26/05/28 14:32:28 INFO TaskSetManager: Finished task 41.0 in stage 19.0 (TID 8399) in 2822 ms on 10.255.70.40 (executor 20) (469/1024)
26/05/28 14:32:28 INFO TaskSetManager: Finished task 356.0 in stage 19.0 (TID 8714) in 2810 ms on 10.255.70.40 (executor 20) (470/1024)
26/05/28 14:32:28 INFO TaskSetManager: Finished task 6.0 in stage 19.0 (TID 8364) in 2823 ms on 10.255.70.40 (executor 20) (471/1024)
26/05/28 14:32:28 INFO TaskSetManager: Finished task 811.0 in stage 19.0 (TID 9169) in 2793 ms on 10.255.70.40 (executor 20) (472/1024)
26/05/28 14:32:28 INFO TaskSetManager: Finished task 496.0 in stage 19.0 (TID 8854) in 2805 ms on 10.255.70.40 (executor 20) (473/1024)
26/05/28 14:32:28 INFO TaskSetManager: Finished task 321.0 in stage 19.0 (TID 8679) in 2811 ms on 10.255.70.40 (executor 20) (474/1024)
26/05/28 14:32:28 INFO TaskSetManager: Finished task 566.0 in stage 19.0 (TID 8924) in 2803 ms on 10.255.70.40 (executor 20) (475/1024)
26/05/28 14:32:28 INFO TaskSetManager: Finished task 251.0 in stage 19.0 (TID 8609) in 2815 ms on 10.255.70.40 (executor 20) (476/1024)
26/05/28 14:32:28 INFO TaskSetManager: Finished task 531.0 in stage 19.0 (TID 8889) in 2804 ms on 10.255.70.40 (executor 20) (477/1024)
26/05/28 14:32:28 INFO TaskSetManager: Finished task 286.0 in stage 19.0 (TID 8644) in 2814 ms on 10.255.70.40 (executor 20) (478/1024)
26/05/28 14:32:28 INFO TaskSetManager: Finished task 846.0 in stage 19.0 (TID 9204) in 2792 ms on 10.255.70.40 (executor 20) (479/1024)
26/05/28 14:32:28 INFO TaskSetManager: Finished task 636.0 in stage 19.0 (TID 8994) in 2800 ms on 10.255.70.40 (executor 20) (480/1024)
26/05/28 14:32:28 INFO TaskSetManager: Finished task 426.0 in stage 19.0 (TID 8784) in 2808 ms on 10.255.70.40 (executor 20) (481/1024)
26/05/28 14:32:28 INFO TaskSetManager: Finished task 671.0 in stage 19.0 (TID 9029) in 2799 ms on 10.255.70.40 (executor 20) (482/1024)
26/05/28 14:32:28 INFO TaskSetManager: Finished task 881.0 in stage 19.0 (TID 9239) in 2791 ms on 10.255.70.40 (executor 20) (483/1024)
26/05/28 14:32:28 INFO TaskSetManager: Finished task 986.0 in stage 19.0 (TID 9344) in 2788 ms on 10.255.70.40 (executor 20) (484/1024)
26/05/28 14:32:28 INFO TaskSetManager: Finished task 111.0 in stage 19.0 (TID 8469) in 2821 ms on 10.255.70.40 (executor 20) (485/1024)
26/05/28 14:32:28 INFO TaskSetManager: Finished task 181.0 in stage 19.0 (TID 8539) in 2819 ms on 10.255.70.40 (executor 20) (486/1024)
26/05/28 14:32:28 INFO TaskSetManager: Finished task 461.0 in stage 19.0 (TID 8819) in 2808 ms on 10.255.70.40 (executor 20) (487/1024)
26/05/28 14:32:28 INFO TaskSetManager: Finished task 146.0 in stage 19.0 (TID 8504) in 2820 ms on 10.255.70.40 (executor 20) (488/1024)
26/05/28 14:32:28 INFO TaskSetManager: Finished task 76.0 in stage 19.0 (TID 8434) in 2822 ms on 10.255.70.40 (executor 20) (489/1024)
26/05/28 14:32:28 INFO TaskSetManager: Finished task 391.0 in stage 19.0 (TID 8749) in 2810 ms on 10.255.70.40 (executor 20) (490/1024)
26/05/28 14:32:28 INFO TaskSetManager: Finished task 916.0 in stage 19.0 (TID 9274) in 2791 ms on 10.255.70.40 (executor 20) (491/1024)
26/05/28 14:32:28 INFO TaskSetManager: Finished task 741.0 in stage 19.0 (TID 9099) in 2797 ms on 10.255.70.40 (executor 20) (492/1024)
26/05/28 14:32:28 INFO TaskSetManager: Finished task 776.0 in stage 19.0 (TID 9134) in 2797 ms on 10.255.70.40 (executor 20) (493/1024)
26/05/28 14:32:28 INFO TaskSetManager: Finished task 601.0 in stage 19.0 (TID 8959) in 2804 ms on 10.255.70.40 (executor 20) (494/1024)
26/05/28 14:32:28 INFO TaskSetManager: Finished task 951.0 in stage 19.0 (TID 9309) in 2790 ms on 10.255.70.40 (executor 20) (495/1024)
26/05/28 14:32:28 INFO TaskSetManager: Finished task 1021.0 in stage 19.0 (TID 9379) in 2788 ms on 10.255.70.40 (executor 20) (496/1024)
26/05/28 14:32:28 INFO TaskSetManager: Finished task 706.0 in stage 19.0 (TID 9064) in 2800 ms on 10.255.70.40 (executor 20) (497/1024)
26/05/28 14:32:28 INFO TaskSetManager: Finished task 784.0 in stage 19.0 (TID 9142) in 2803 ms on 10.255.90.96 (executor 2) (498/1024)
26/05/28 14:32:28 INFO TaskSetManager: Finished task 434.0 in stage 19.0 (TID 8792) in 2816 ms on 10.255.90.96 (executor 2) (499/1024)
26/05/28 14:32:28 INFO TaskSetManager: Finished task 714.0 in stage 19.0 (TID 9072) in 2805 ms on 10.255.90.96 (executor 2) (500/1024)
26/05/28 14:32:28 INFO TaskSetManager: Finished task 679.0 in stage 19.0 (TID 9037) in 2807 ms on 10.255.90.96 (executor 2) (501/1024)
26/05/28 14:32:28 INFO TaskSetManager: Finished task 189.0 in stage 19.0 (TID 8547) in 2826 ms on 10.255.90.96 (executor 2) (502/1024)
26/05/28 14:32:28 INFO TaskSetManager: Finished task 259.0 in stage 19.0 (TID 8617) in 2824 ms on 10.255.90.96 (executor 2) (503/1024)
26/05/28 14:32:28 INFO TaskSetManager: Finished task 539.0 in stage 19.0 (TID 8897) in 2813 ms on 10.255.90.96 (executor 2) (504/1024)
26/05/28 14:32:28 INFO TaskSetManager: Finished task 609.0 in stage 19.0 (TID 8967) in 2810 ms on 10.255.90.96 (executor 2) (505/1024)
26/05/28 14:32:28 INFO TaskSetManager: Finished task 294.0 in stage 19.0 (TID 8652) in 2822 ms on 10.255.90.96 (executor 2) (506/1024)
26/05/28 14:32:28 INFO TaskSetManager: Finished task 854.0 in stage 19.0 (TID 9212) in 2801 ms on 10.255.90.96 (executor 2) (507/1024)
26/05/28 14:32:28 INFO TaskSetManager: Finished task 329.0 in stage 19.0 (TID 8687) in 2821 ms on 10.255.90.96 (executor 2) (508/1024)
26/05/28 14:32:28 INFO TaskSetManager: Finished task 469.0 in stage 19.0 (TID 8827) in 2816 ms on 10.255.90.96 (executor 2) (509/1024)
26/05/28 14:32:28 INFO TaskSetManager: Finished task 994.0 in stage 19.0 (TID 9352) in 2796 ms on 10.255.90.96 (executor 2) (510/1024)
26/05/28 14:32:28 INFO TaskSetManager: Finished task 154.0 in stage 19.0 (TID 8512) in 2828 ms on 10.255.90.96 (executor 2) (511/1024)
26/05/28 14:32:28 INFO TaskSetManager: Finished task 14.0 in stage 19.0 (TID 8372) in 2834 ms on 10.255.90.96 (executor 2) (512/1024)
26/05/28 14:32:28 INFO TaskSetManager: Finished task 119.0 in stage 19.0 (TID 8477) in 2830 ms on 10.255.90.96 (executor 2) (513/1024)
26/05/28 14:32:28 INFO TaskSetManager: Finished task 399.0 in stage 19.0 (TID 8757) in 2819 ms on 10.255.90.96 (executor 2) (514/1024)
26/05/28 14:32:28 INFO TaskSetManager: Finished task 924.0 in stage 19.0 (TID 9282) in 2799 ms on 10.255.90.96 (executor 2) (515/1024)
26/05/28 14:32:28 INFO TaskSetManager: Finished task 959.0 in stage 19.0 (TID 9317) in 2798 ms on 10.255.90.96 (executor 2) (516/1024)
26/05/28 14:32:28 INFO TaskSetManager: Finished task 644.0 in stage 19.0 (TID 9002) in 2810 ms on 10.255.90.96 (executor 2) (517/1024)
26/05/28 14:32:28 INFO TaskSetManager: Finished task 504.0 in stage 19.0 (TID 8862) in 2815 ms on 10.255.90.96 (executor 2) (518/1024)
26/05/28 14:32:28 INFO TaskSetManager: Finished task 224.0 in stage 19.0 (TID 8582) in 2826 ms on 10.255.90.96 (executor 2) (519/1024)
26/05/28 14:32:28 INFO TaskSetManager: Finished task 819.0 in stage 19.0 (TID 9177) in 2803 ms on 10.255.90.96 (executor 2) (520/1024)
26/05/28 14:32:28 INFO TaskSetManager: Finished task 364.0 in stage 19.0 (TID 8722) in 2821 ms on 10.255.90.96 (executor 2) (521/1024)
26/05/28 14:32:28 INFO TaskSetManager: Finished task 889.0 in stage 19.0 (TID 9247) in 2802 ms on 10.255.90.96 (executor 2) (522/1024)
26/05/28 14:32:28 INFO TaskSetManager: Finished task 749.0 in stage 19.0 (TID 9107) in 2807 ms on 10.255.90.96 (executor 2) (523/1024)
26/05/28 14:32:28 INFO TaskSetManager: Finished task 49.0 in stage 19.0 (TID 8407) in 2833 ms on 10.255.90.96 (executor 2) (524/1024)
26/05/28 14:32:28 INFO TaskSetManager: Finished task 84.0 in stage 19.0 (TID 8442) in 2832 ms on 10.255.90.96 (executor 2) (525/1024)
26/05/28 14:32:28 INFO TaskSetManager: Finished task 574.0 in stage 19.0 (TID 8932) in 2814 ms on 10.255.90.96 (executor 2) (526/1024)
26/05/28 14:32:28 INFO TaskSetManager: Finished task 196.0 in stage 19.0 (TID 8554) in 2829 ms on 10.255.71.90 (executor 6) (527/1024)
26/05/28 14:32:28 INFO TaskSetManager: Finished task 301.0 in stage 19.0 (TID 8659) in 2825 ms on 10.255.71.90 (executor 6) (528/1024)
26/05/28 14:32:28 INFO TaskSetManager: Finished task 406.0 in stage 19.0 (TID 8764) in 2821 ms on 10.255.71.90 (executor 6) (529/1024)
26/05/28 14:32:28 INFO TaskSetManager: Finished task 266.0 in stage 19.0 (TID 8624) in 2826 ms on 10.255.71.90 (executor 6) (530/1024)
26/05/28 14:32:28 INFO TaskSetManager: Finished task 161.0 in stage 19.0 (TID 8519) in 2830 ms on 10.255.71.90 (executor 6) (531/1024)
26/05/28 14:32:28 INFO TaskSetManager: Finished task 616.0 in stage 19.0 (TID 8974) in 2813 ms on 10.255.71.90 (executor 6) (532/1024)
26/05/28 14:32:28 INFO TaskSetManager: Finished task 336.0 in stage 19.0 (TID 8694) in 2824 ms on 10.255.71.90 (executor 6) (533/1024)
26/05/28 14:32:28 INFO TaskSetManager: Finished task 966.0 in stage 19.0 (TID 9324) in 2801 ms on 10.255.71.90 (executor 6) (534/1024)
26/05/28 14:32:28 INFO TaskSetManager: Finished task 126.0 in stage 19.0 (TID 8484) in 2833 ms on 10.255.71.90 (executor 6) (535/1024)
26/05/28 14:32:28 INFO TaskSetManager: Finished task 721.0 in stage 19.0 (TID 9079) in 2810 ms on 10.255.71.90 (executor 6) (536/1024)
26/05/28 14:32:28 INFO TaskSetManager: Finished task 91.0 in stage 19.0 (TID 8449) in 2834 ms on 10.255.71.90 (executor 6) (537/1024)
26/05/28 14:32:28 INFO TaskSetManager: Finished task 931.0 in stage 19.0 (TID 9289) in 2802 ms on 10.255.71.90 (executor 6) (538/1024)
26/05/28 14:32:28 INFO TaskSetManager: Finished task 651.0 in stage 19.0 (TID 9009) in 2813 ms on 10.255.71.90 (executor 6) (539/1024)
26/05/28 14:32:28 INFO TaskSetManager: Finished task 21.0 in stage 19.0 (TID 8379) in 2837 ms on 10.255.71.90 (executor 6) (540/1024)
26/05/28 14:32:28 INFO TaskSetManager: Finished task 791.0 in stage 19.0 (TID 9149) in 2807 ms on 10.255.71.90 (executor 6) (541/1024)
26/05/28 14:32:28 INFO TaskSetManager: Finished task 441.0 in stage 19.0 (TID 8799) in 2822 ms on 10.255.71.90 (executor 6) (542/1024)
26/05/28 14:32:28 INFO TaskSetManager: Finished task 896.0 in stage 19.0 (TID 9254) in 2804 ms on 10.255.71.90 (executor 6) (543/1024)
26/05/28 14:32:28 INFO TaskSetManager: Finished task 56.0 in stage 19.0 (TID 8414) in 2836 ms on 10.255.71.90 (executor 6) (544/1024)
26/05/28 14:32:28 INFO TaskSetManager: Finished task 581.0 in stage 19.0 (TID 8939) in 2816 ms on 10.255.71.90 (executor 6) (545/1024)
26/05/28 14:32:28 INFO TaskSetManager: Finished task 511.0 in stage 19.0 (TID 8869) in 2819 ms on 10.255.71.90 (executor 6) (546/1024)
26/05/28 14:32:28 INFO TaskSetManager: Finished task 686.0 in stage 19.0 (TID 9044) in 2812 ms on 10.255.71.90 (executor 6) (547/1024)
26/05/28 14:32:28 INFO TaskSetManager: Finished task 476.0 in stage 19.0 (TID 8834) in 2820 ms on 10.255.71.90 (executor 6) (548/1024)
26/05/28 14:32:28 INFO TaskSetManager: Finished task 231.0 in stage 19.0 (TID 8589) in 2830 ms on 10.255.71.90 (executor 6) (549/1024)
26/05/28 14:32:28 INFO TaskSetManager: Finished task 861.0 in stage 19.0 (TID 9219) in 2806 ms on 10.255.71.90 (executor 6) (550/1024)
26/05/28 14:32:28 INFO TaskSetManager: Finished task 756.0 in stage 19.0 (TID 9114) in 2811 ms on 10.255.71.90 (executor 6) (551/1024)
26/05/28 14:32:28 INFO TaskSetManager: Finished task 1001.0 in stage 19.0 (TID 9359) in 2801 ms on 10.255.71.90 (executor 6) (552/1024)
26/05/28 14:32:28 INFO TaskSetManager: Finished task 826.0 in stage 19.0 (TID 9184) in 2808 ms on 10.255.71.90 (executor 6) (553/1024)
26/05/28 14:32:28 INFO TaskSetManager: Finished task 371.0 in stage 19.0 (TID 8729) in 2825 ms on 10.255.71.90 (executor 6) (554/1024)
26/05/28 14:32:28 INFO TaskSetManager: Finished task 546.0 in stage 19.0 (TID 8904) in 2819 ms on 10.255.71.90 (executor 6) (555/1024)
26/05/28 14:32:28 INFO TaskSetManager: Finished task 553.0 in stage 19.0 (TID 8911) in 2820 ms on 10.255.85.154 (executor 23) (556/1024)
26/05/28 14:32:28 INFO TaskSetManager: Finished task 518.0 in stage 19.0 (TID 8876) in 2822 ms on 10.255.85.154 (executor 23) (557/1024)
26/05/28 14:32:28 INFO TaskSetManager: Finished task 938.0 in stage 19.0 (TID 9296) in 2806 ms on 10.255.85.154 (executor 23) (558/1024)
26/05/28 14:32:28 INFO TaskSetManager: Finished task 273.0 in stage 19.0 (TID 8631) in 2831 ms on 10.255.85.154 (executor 23) (559/1024)
26/05/28 14:32:28 INFO TaskSetManager: Finished task 798.0 in stage 19.0 (TID 9156) in 2811 ms on 10.255.85.154 (executor 23) (560/1024)
26/05/28 14:32:28 INFO TaskSetManager: Finished task 63.0 in stage 19.0 (TID 8421) in 2840 ms on 10.255.85.154 (executor 23) (561/1024)
26/05/28 14:32:28 INFO TaskSetManager: Finished task 28.0 in stage 19.0 (TID 8386) in 2841 ms on 10.255.85.154 (executor 23) (562/1024)
26/05/28 14:32:28 INFO TaskSetManager: Finished task 483.0 in stage 19.0 (TID 8841) in 2824 ms on 10.255.85.154 (executor 23) (563/1024)
26/05/28 14:32:28 INFO TaskSetManager: Finished task 238.0 in stage 19.0 (TID 8596) in 2833 ms on 10.255.85.154 (executor 23) (564/1024)
26/05/28 14:32:28 INFO TaskSetManager: Finished task 903.0 in stage 19.0 (TID 9261) in 2808 ms on 10.255.85.154 (executor 23) (565/1024)
26/05/28 14:32:28 INFO TaskSetManager: Finished task 98.0 in stage 19.0 (TID 8456) in 2839 ms on 10.255.85.154 (executor 23) (566/1024)
26/05/28 14:32:28 INFO TaskSetManager: Finished task 693.0 in stage 19.0 (TID 9051) in 2816 ms on 10.255.85.154 (executor 23) (567/1024)
26/05/28 14:32:28 INFO TaskSetManager: Finished task 308.0 in stage 19.0 (TID 8666) in 2831 ms on 10.255.85.154 (executor 23) (568/1024)
26/05/28 14:32:28 INFO TaskSetManager: Finished task 378.0 in stage 19.0 (TID 8736) in 2828 ms on 10.255.85.154 (executor 23) (569/1024)
26/05/28 14:32:28 INFO TaskSetManager: Finished task 588.0 in stage 19.0 (TID 8946) in 2821 ms on 10.255.85.154 (executor 23) (570/1024)
26/05/28 14:32:28 INFO TaskSetManager: Finished task 133.0 in stage 19.0 (TID 8491) in 2838 ms on 10.255.85.154 (executor 23) (571/1024)
26/05/28 14:32:28 INFO TaskSetManager: Finished task 343.0 in stage 19.0 (TID 8701) in 2831 ms on 10.255.85.154 (executor 23) (572/1024)
26/05/28 14:32:28 INFO TaskSetManager: Finished task 1008.0 in stage 19.0 (TID 9366) in 2805 ms on 10.255.85.154 (executor 23) (573/1024)
26/05/28 14:32:28 INFO TaskSetManager: Finished task 448.0 in stage 19.0 (TID 8806) in 2826 ms on 10.255.85.154 (executor 23) (574/1024)
26/05/28 14:32:28 INFO TaskSetManager: Finished task 168.0 in stage 19.0 (TID 8526) in 2837 ms on 10.255.85.154 (executor 23) (575/1024)
26/05/28 14:32:28 INFO TaskSetManager: Finished task 413.0 in stage 19.0 (TID 8771) in 2828 ms on 10.255.85.154 (executor 23) (576/1024)
26/05/28 14:32:28 INFO TaskSetManager: Finished task 868.0 in stage 19.0 (TID 9226) in 2810 ms on 10.255.85.154 (executor 23) (577/1024)
26/05/28 14:32:28 INFO TaskSetManager: Finished task 763.0 in stage 19.0 (TID 9121) in 2816 ms on 10.255.85.154 (executor 23) (578/1024)
26/05/28 14:32:28 INFO TaskSetManager: Finished task 538.0 in stage 19.0 (TID 8896) in 2824 ms on 10.255.82.96 (executor 32) (579/1024)
26/05/28 14:32:28 INFO TaskSetManager: Finished task 833.0 in stage 19.0 (TID 9191) in 2813 ms on 10.255.85.154 (executor 23) (580/1024)
26/05/28 14:32:28 INFO TaskSetManager: Finished task 853.0 in stage 19.0 (TID 9211) in 2812 ms on 10.255.82.96 (executor 32) (581/1024)
26/05/28 14:32:28 INFO TaskSetManager: Finished task 973.0 in stage 19.0 (TID 9331) in 2807 ms on 10.255.85.154 (executor 23) (582/1024)
26/05/28 14:32:28 INFO TaskSetManager: Finished task 203.0 in stage 19.0 (TID 8561) in 2837 ms on 10.255.85.154 (executor 23) (583/1024)
26/05/28 14:32:28 INFO TaskSetManager: Finished task 48.0 in stage 19.0 (TID 8406) in 2842 ms on 10.255.82.96 (executor 32) (584/1024)
26/05/28 14:32:28 INFO TaskSetManager: Finished task 818.0 in stage 19.0 (TID 9176) in 2813 ms on 10.255.82.96 (executor 32) (585/1024)
26/05/28 14:32:28 INFO TaskSetManager: Finished task 658.0 in stage 19.0 (TID 9016) in 2820 ms on 10.255.85.154 (executor 23) (586/1024)
26/05/28 14:32:28 INFO TaskSetManager: Finished task 623.0 in stage 19.0 (TID 8981) in 2821 ms on 10.255.85.154 (executor 23) (587/1024)
26/05/28 14:32:28 INFO TaskSetManager: Finished task 923.0 in stage 19.0 (TID 9281) in 2810 ms on 10.255.82.96 (executor 32) (588/1024)
26/05/28 14:32:28 INFO TaskSetManager: Finished task 728.0 in stage 19.0 (TID 9086) in 2818 ms on 10.255.85.154 (executor 23) (589/1024)
26/05/28 14:32:28 INFO TaskSetManager: Finished task 573.0 in stage 19.0 (TID 8931) in 2824 ms on 10.255.82.96 (executor 32) (590/1024)
26/05/28 14:32:28 INFO TaskSetManager: Finished task 258.0 in stage 19.0 (TID 8616) in 2836 ms on 10.255.82.96 (executor 32) (591/1024)
26/05/28 14:32:28 INFO TaskSetManager: Finished task 468.0 in stage 19.0 (TID 8826) in 2828 ms on 10.255.82.96 (executor 32) (592/1024)
26/05/28 14:32:28 INFO TaskSetManager: Finished task 223.0 in stage 19.0 (TID 8581) in 2837 ms on 10.255.82.96 (executor 32) (593/1024)
26/05/28 14:32:28 INFO TaskSetManager: Finished task 13.0 in stage 19.0 (TID 8371) in 2845 ms on 10.255.82.96 (executor 32) (594/1024)
26/05/28 14:32:28 INFO TaskSetManager: Finished task 398.0 in stage 19.0 (TID 8756) in 2830 ms on 10.255.82.96 (executor 32) (595/1024)
26/05/28 14:32:28 INFO TaskSetManager: Finished task 643.0 in stage 19.0 (TID 9001) in 2821 ms on 10.255.82.96 (executor 32) (596/1024)
26/05/28 14:32:28 INFO TaskSetManager: Finished task 363.0 in stage 19.0 (TID 8721) in 2832 ms on 10.255.82.96 (executor 32) (597/1024)
26/05/28 14:32:28 INFO TaskSetManager: Finished task 118.0 in stage 19.0 (TID 8476) in 2842 ms on 10.255.82.96 (executor 32) (598/1024)
26/05/28 14:32:28 INFO TaskSetManager: Finished task 678.0 in stage 19.0 (TID 9036) in 2821 ms on 10.255.82.96 (executor 32) (599/1024)
26/05/28 14:32:28 INFO TaskSetManager: Finished task 748.0 in stage 19.0 (TID 9106) in 2818 ms on 10.255.82.96 (executor 32) (600/1024)
26/05/28 14:32:28 INFO TaskSetManager: Finished task 83.0 in stage 19.0 (TID 8441) in 2843 ms on 10.255.82.96 (executor 32) (601/1024)
26/05/28 14:32:28 INFO TaskSetManager: Finished task 503.0 in stage 19.0 (TID 8861) in 2827 ms on 10.255.82.96 (executor 32) (602/1024)
26/05/28 14:32:28 INFO TaskSetManager: Finished task 783.0 in stage 19.0 (TID 9141) in 2817 ms on 10.255.82.96 (executor 32) (603/1024)
26/05/28 14:32:28 INFO TaskSetManager: Finished task 328.0 in stage 19.0 (TID 8686) in 2834 ms on 10.255.82.96 (executor 32) (604/1024)
26/05/28 14:32:28 INFO TaskSetManager: Finished task 888.0 in stage 19.0 (TID 9246) in 2813 ms on 10.255.82.96 (executor 32) (605/1024)
26/05/28 14:32:28 INFO TaskSetManager: Finished task 631.0 in stage 19.0 (TID 8989) in 2823 ms on 10.255.66.241 (executor 15) (606/1024)
26/05/28 14:32:28 INFO TaskSetManager: Finished task 946.0 in stage 19.0 (TID 9304) in 2810 ms on 10.255.66.241 (executor 15) (607/1024)
26/05/28 14:32:28 INFO TaskSetManager: Finished task 153.0 in stage 19.0 (TID 8511) in 2841 ms on 10.255.82.96 (executor 32) (608/1024)
26/05/28 14:32:28 INFO TaskSetManager: Finished task 713.0 in stage 19.0 (TID 9071) in 2819 ms on 10.255.82.96 (executor 32) (609/1024)
26/05/28 14:32:28 INFO TaskSetManager: Finished task 71.0 in stage 19.0 (TID 8429) in 2845 ms on 10.255.66.241 (executor 15) (610/1024)
26/05/28 14:32:28 INFO TaskSetManager: Finished task 1.0 in stage 19.0 (TID 8359) in 2847 ms on 10.255.66.241 (executor 15) (611/1024)
26/05/28 14:32:28 INFO TaskSetManager: Finished task 188.0 in stage 19.0 (TID 8546) in 2840 ms on 10.255.82.96 (executor 32) (612/1024)
26/05/28 14:32:28 INFO TaskSetManager: Finished task 561.0 in stage 19.0 (TID 8919) in 2826 ms on 10.255.66.241 (executor 15) (613/1024)
26/05/28 14:32:28 INFO TaskSetManager: Finished task 433.0 in stage 19.0 (TID 8791) in 2831 ms on 10.255.82.96 (executor 32) (614/1024)
26/05/28 14:32:28 INFO TaskSetManager: Finished task 293.0 in stage 19.0 (TID 8651) in 2836 ms on 10.255.82.96 (executor 32) (615/1024)
26/05/28 14:32:28 INFO TaskSetManager: Finished task 211.0 in stage 19.0 (TID 8569) in 2839 ms on 10.255.66.241 (executor 15) (616/1024)
26/05/28 14:32:28 INFO TaskSetManager: Finished task 958.0 in stage 19.0 (TID 9316) in 2811 ms on 10.255.82.96 (executor 32) (617/1024)
26/05/28 14:32:28 INFO TaskSetManager: Finished task 993.0 in stage 19.0 (TID 9351) in 2810 ms on 10.255.82.96 (executor 32) (618/1024)
26/05/28 14:32:28 INFO TaskSetManager: Finished task 608.0 in stage 19.0 (TID 8966) in 2824 ms on 10.255.82.96 (executor 32) (619/1024)
26/05/28 14:32:28 INFO TaskSetManager: Finished task 806.0 in stage 19.0 (TID 9164) in 2818 ms on 10.255.66.241 (executor 15) (620/1024)
26/05/28 14:32:28 INFO TaskSetManager: Finished task 1016.0 in stage 19.0 (TID 9374) in 2810 ms on 10.255.66.241 (executor 15) (621/1024)
26/05/28 14:32:28 INFO TaskSetManager: Finished task 456.0 in stage 19.0 (TID 8814) in 2831 ms on 10.255.66.241 (executor 15) (622/1024)
26/05/28 14:32:28 INFO TaskSetManager: Finished task 351.0 in stage 19.0 (TID 8709) in 2835 ms on 10.255.66.241 (executor 15) (623/1024)
26/05/28 14:32:28 INFO TaskSetManager: Finished task 701.0 in stage 19.0 (TID 9059) in 2822 ms on 10.255.66.241 (executor 15) (624/1024)
26/05/28 14:32:28 INFO TaskSetManager: Finished task 526.0 in stage 19.0 (TID 8884) in 2828 ms on 10.255.66.241 (executor 15) (625/1024)
26/05/28 14:32:28 INFO TaskSetManager: Finished task 36.0 in stage 19.0 (TID 8394) in 2847 ms on 10.255.66.241 (executor 15) (626/1024)
26/05/28 14:32:28 INFO TaskSetManager: Finished task 911.0 in stage 19.0 (TID 9269) in 2814 ms on 10.255.66.241 (executor 15) (627/1024)
26/05/28 14:32:28 INFO TaskSetManager: Finished task 141.0 in stage 19.0 (TID 8499) in 2843 ms on 10.255.66.241 (executor 15) (628/1024)
26/05/28 14:32:28 INFO TaskSetManager: Finished task 771.0 in stage 19.0 (TID 9129) in 2819 ms on 10.255.66.241 (executor 15) (629/1024)
26/05/28 14:32:28 INFO TaskSetManager: Finished task 316.0 in stage 19.0 (TID 8674) in 2838 ms on 10.255.66.241 (executor 15) (630/1024)
26/05/28 14:32:28 INFO TaskSetManager: Finished task 246.0 in stage 19.0 (TID 8604) in 2840 ms on 10.255.66.241 (executor 15) (631/1024)
26/05/28 14:32:28 INFO TaskSetManager: Finished task 876.0 in stage 19.0 (TID 9234) in 2816 ms on 10.255.66.241 (executor 15) (632/1024)
26/05/28 14:32:28 INFO TaskSetManager: Finished task 841.0 in stage 19.0 (TID 9199) in 2817 ms on 10.255.66.241 (executor 15) (633/1024)
26/05/28 14:32:28 INFO TaskSetManager: Finished task 106.0 in stage 19.0 (TID 8464) in 2845 ms on 10.255.66.241 (executor 15) (634/1024)
26/05/28 14:32:28 INFO TaskSetManager: Finished task 421.0 in stage 19.0 (TID 8779) in 2833 ms on 10.255.66.241 (executor 15) (635/1024)
26/05/28 14:32:28 INFO TaskSetManager: Finished task 281.0 in stage 19.0 (TID 8639) in 2839 ms on 10.255.66.241 (executor 15) (636/1024)
26/05/28 14:32:28 INFO TaskSetManager: Finished task 666.0 in stage 19.0 (TID 9024) in 2824 ms on 10.255.66.241 (executor 15) (637/1024)
26/05/28 14:32:28 INFO TaskSetManager: Finished task 491.0 in stage 19.0 (TID 8849) in 2831 ms on 10.255.66.241 (executor 15) (638/1024)
26/05/28 14:32:28 INFO TaskSetManager: Finished task 386.0 in stage 19.0 (TID 8744) in 2835 ms on 10.255.66.241 (executor 15) (639/1024)
26/05/28 14:32:28 INFO TaskSetManager: Finished task 596.0 in stage 19.0 (TID 8954) in 2827 ms on 10.255.66.241 (executor 15) (640/1024)
26/05/28 14:32:28 INFO TaskSetManager: Finished task 736.0 in stage 19.0 (TID 9094) in 2823 ms on 10.255.66.241 (executor 15) (641/1024)
26/05/28 14:32:28 INFO TaskSetManager: Finished task 176.0 in stage 19.0 (TID 8534) in 2844 ms on 10.255.66.241 (executor 15) (642/1024)
26/05/28 14:32:28 INFO TaskSetManager: Finished task 981.0 in stage 19.0 (TID 9339) in 2813 ms on 10.255.66.241 (executor 15) (643/1024)
26/05/28 14:32:28 INFO TaskSetManager: Finished task 737.0 in stage 19.0 (TID 9095) in 2834 ms on 10.255.85.108 (executor 24) (644/1024)
26/05/28 14:32:28 INFO TaskSetManager: Finished task 667.0 in stage 19.0 (TID 9025) in 2837 ms on 10.255.85.108 (executor 24) (645/1024)
26/05/28 14:32:28 INFO TaskSetManager: Finished task 492.0 in stage 19.0 (TID 8850) in 2844 ms on 10.255.85.108 (executor 24) (646/1024)
26/05/28 14:32:28 INFO TaskSetManager: Finished task 2.0 in stage 19.0 (TID 8360) in 2862 ms on 10.255.85.108 (executor 24) (647/1024)
26/05/28 14:32:28 INFO TaskSetManager: Finished task 37.0 in stage 19.0 (TID 8395) in 2861 ms on 10.255.85.108 (executor 24) (648/1024)
26/05/28 14:32:28 INFO TaskSetManager: Finished task 142.0 in stage 19.0 (TID 8500) in 2857 ms on 10.255.85.108 (executor 24) (649/1024)
26/05/28 14:32:28 INFO TaskSetManager: Finished task 912.0 in stage 19.0 (TID 9270) in 2828 ms on 10.255.85.108 (executor 24) (650/1024)
26/05/28 14:32:28 INFO TaskSetManager: Finished task 387.0 in stage 19.0 (TID 8745) in 2848 ms on 10.255.85.108 (executor 24) (651/1024)
26/05/28 14:32:28 INFO TaskSetManager: Finished task 527.0 in stage 19.0 (TID 8885) in 2843 ms on 10.255.85.108 (executor 24) (652/1024)
26/05/28 14:32:28 INFO TaskSetManager: Finished task 842.0 in stage 19.0 (TID 9200) in 2831 ms on 10.255.85.108 (executor 24) (653/1024)
26/05/28 14:32:28 INFO TaskSetManager: Finished task 177.0 in stage 19.0 (TID 8535) in 2857 ms on 10.255.85.108 (executor 24) (654/1024)
26/05/28 14:32:28 INFO TaskSetManager: Finished task 632.0 in stage 19.0 (TID 8990) in 2839 ms on 10.255.85.108 (executor 24) (655/1024)
26/05/28 14:32:28 INFO TaskSetManager: Finished task 352.0 in stage 19.0 (TID 8710) in 2850 ms on 10.255.85.108 (executor 24) (656/1024)
26/05/28 14:32:28 INFO TaskSetManager: Finished task 1017.0 in stage 19.0 (TID 9375) in 2825 ms on 10.255.85.108 (executor 24) (657/1024)
26/05/28 14:32:28 INFO TaskSetManager: Finished task 597.0 in stage 19.0 (TID 8955) in 2841 ms on 10.255.85.108 (executor 24) (658/1024)
26/05/28 14:32:28 INFO TaskSetManager: Finished task 107.0 in stage 19.0 (TID 8465) in 2859 ms on 10.255.85.108 (executor 24) (659/1024)
26/05/28 14:32:28 INFO TaskSetManager: Finished task 807.0 in stage 19.0 (TID 9165) in 2834 ms on 10.255.85.108 (executor 24) (660/1024)
26/05/28 14:32:28 INFO TaskSetManager: Finished task 562.0 in stage 19.0 (TID 8920) in 2843 ms on 10.255.85.108 (executor 24) (661/1024)
26/05/28 14:32:28 INFO TaskSetManager: Finished task 947.0 in stage 19.0 (TID 9305) in 2828 ms on 10.255.85.108 (executor 24) (662/1024)
26/05/28 14:32:28 INFO TaskSetManager: Finished task 317.0 in stage 19.0 (TID 8675) in 2852 ms on 10.255.85.108 (executor 24) (663/1024)
26/05/28 14:32:28 INFO TaskSetManager: Finished task 422.0 in stage 19.0 (TID 8780) in 2848 ms on 10.255.85.108 (executor 24) (664/1024)
26/05/28 14:32:28 INFO TaskSetManager: Finished task 702.0 in stage 19.0 (TID 9060) in 2838 ms on 10.255.85.108 (executor 24) (665/1024)
26/05/28 14:32:28 INFO TaskSetManager: Finished task 282.0 in stage 19.0 (TID 8640) in 2854 ms on 10.255.85.108 (executor 24) (666/1024)
26/05/28 14:32:28 INFO TaskSetManager: Finished task 877.0 in stage 19.0 (TID 9235) in 2831 ms on 10.255.85.108 (executor 24) (667/1024)
26/05/28 14:32:28 INFO TaskSetManager: Finished task 772.0 in stage 19.0 (TID 9130) in 2836 ms on 10.255.85.108 (executor 24) (668/1024)
26/05/28 14:32:28 INFO TaskSetManager: Finished task 457.0 in stage 19.0 (TID 8815) in 2848 ms on 10.255.85.108 (executor 24) (669/1024)
26/05/28 14:32:28 INFO TaskSetManager: Finished task 72.0 in stage 19.0 (TID 8430) in 2863 ms on 10.255.85.108 (executor 24) (670/1024)
26/05/28 14:32:28 INFO TaskSetManager: Finished task 247.0 in stage 19.0 (TID 8605) in 2856 ms on 10.255.85.108 (executor 24) (671/1024)
26/05/28 14:32:28 INFO TaskSetManager: Finished task 212.0 in stage 19.0 (TID 8570) in 2857 ms on 10.255.85.108 (executor 24) (672/1024)
26/05/28 14:32:28 INFO TaskSetManager: Finished task 982.0 in stage 19.0 (TID 9340) in 2828 ms on 10.255.85.108 (executor 24) (673/1024)
26/05/28 14:32:28 INFO TaskSetManager: Finished task 148.0 in stage 19.0 (TID 8506) in 2882 ms on 10.255.86.213 (executor 11) (674/1024)
26/05/28 14:32:28 INFO TaskSetManager: Finished task 358.0 in stage 19.0 (TID 8716) in 2874 ms on 10.255.86.213 (executor 11) (675/1024)
26/05/28 14:32:28 INFO TaskSetManager: Finished task 372.0 in stage 19.0 (TID 8730) in 2873 ms on 10.255.69.10 (executor 27) (676/1024)
26/05/28 14:32:28 INFO TaskSetManager: Finished task 218.0 in stage 19.0 (TID 8576) in 2880 ms on 10.255.86.213 (executor 11) (677/1024)
26/05/28 14:32:28 INFO TaskSetManager: Finished task 512.0 in stage 19.0 (TID 8870) in 2869 ms on 10.255.69.10 (executor 27) (678/1024)
26/05/28 14:32:28 INFO TaskSetManager: Finished task 673.0 in stage 19.0 (TID 9031) in 2863 ms on 10.255.86.213 (executor 11) (679/1024)
26/05/28 14:32:28 INFO TaskSetManager: Finished task 1023.0 in stage 19.0 (TID 9381) in 2850 ms on 10.255.86.213 (executor 11) (680/1024)
26/05/28 14:32:28 INFO TaskSetManager: Finished task 197.0 in stage 19.0 (TID 8555) in 2881 ms on 10.255.69.10 (executor 27) (681/1024)
26/05/28 14:32:28 INFO TaskSetManager: Finished task 393.0 in stage 19.0 (TID 8751) in 2873 ms on 10.255.86.213 (executor 11) (682/1024)
26/05/28 14:32:28 INFO TaskSetManager: Finished task 547.0 in stage 19.0 (TID 8905) in 2868 ms on 10.255.69.10 (executor 27) (683/1024)
26/05/28 14:32:28 INFO TaskSetManager: Finished task 967.0 in stage 19.0 (TID 9325) in 2852 ms on 10.255.69.10 (executor 27) (684/1024)
26/05/28 14:32:28 INFO TaskSetManager: Finished task 918.0 in stage 19.0 (TID 9276) in 2853 ms on 10.255.86.213 (executor 11) (685/1024)
26/05/28 14:32:28 INFO TaskSetManager: Finished task 652.0 in stage 19.0 (TID 9010) in 2864 ms on 10.255.69.10 (executor 27) (686/1024)
26/05/28 14:32:28 INFO TaskSetManager: Finished task 638.0 in stage 19.0 (TID 8996) in 2865 ms on 10.255.86.213 (executor 11) (687/1024)
26/05/28 14:32:28 INFO TaskSetManager: Finished task 778.0 in stage 19.0 (TID 9136) in 2860 ms on 10.255.86.213 (executor 11) (688/1024)
26/05/28 14:32:28 INFO TaskSetManager: Finished task 827.0 in stage 19.0 (TID 9185) in 2858 ms on 10.255.69.10 (executor 27) (689/1024)
26/05/28 14:32:28 INFO TaskSetManager: Finished task 337.0 in stage 19.0 (TID 8695) in 2877 ms on 10.255.69.10 (executor 27) (690/1024)
26/05/28 14:32:28 INFO TaskSetManager: Finished task 78.0 in stage 19.0 (TID 8436) in 2886 ms on 10.255.86.213 (executor 11) (691/1024)
26/05/28 14:32:28 INFO TaskSetManager: Finished task 862.0 in stage 19.0 (TID 9220) in 2857 ms on 10.255.69.10 (executor 27) (692/1024)
26/05/28 14:32:28 INFO TaskSetManager: Finished task 883.0 in stage 19.0 (TID 9241) in 2856 ms on 10.255.86.213 (executor 11) (693/1024)
26/05/28 14:32:28 INFO TaskSetManager: Finished task 463.0 in stage 19.0 (TID 8821) in 2872 ms on 10.255.86.213 (executor 11) (694/1024)
26/05/28 14:32:28 INFO TaskSetManager: Finished task 603.0 in stage 19.0 (TID 8961) in 2867 ms on 10.255.86.213 (executor 11) (695/1024)
26/05/28 14:32:28 INFO TaskSetManager: Finished task 792.0 in stage 19.0 (TID 9150) in 2859 ms on 10.255.69.10 (executor 27) (696/1024)
26/05/28 14:32:28 INFO TaskSetManager: Finished task 57.0 in stage 19.0 (TID 8415) in 2887 ms on 10.255.69.10 (executor 27) (697/1024)
26/05/28 14:32:28 INFO TaskSetManager: Finished task 442.0 in stage 19.0 (TID 8800) in 2874 ms on 10.255.69.10 (executor 27) (698/1024)
26/05/28 14:32:28 INFO TaskSetManager: Finished task 897.0 in stage 19.0 (TID 9255) in 2856 ms on 10.255.69.10 (executor 27) (699/1024)
26/05/28 14:32:28 INFO TaskSetManager: Finished task 953.0 in stage 19.0 (TID 9311) in 2854 ms on 10.255.86.213 (executor 11) (700/1024)
26/05/28 14:32:28 INFO TaskSetManager: Finished task 757.0 in stage 19.0 (TID 9115) in 2862 ms on 10.255.69.10 (executor 27) (701/1024)
26/05/28 14:32:28 INFO TaskSetManager: Finished task 477.0 in stage 19.0 (TID 8835) in 2872 ms on 10.255.69.10 (executor 27) (702/1024)
26/05/28 14:32:28 INFO TaskSetManager: Finished task 183.0 in stage 19.0 (TID 8541) in 2883 ms on 10.255.86.213 (executor 11) (703/1024)
26/05/28 14:32:28 INFO TaskSetManager: Finished task 813.0 in stage 19.0 (TID 9171) in 2860 ms on 10.255.86.213 (executor 11) (704/1024)
26/05/28 14:32:28 INFO TaskSetManager: Finished task 687.0 in stage 19.0 (TID 9045) in 2865 ms on 10.255.69.10 (executor 27) (705/1024)
26/05/28 14:32:28 INFO TaskSetManager: Finished task 323.0 in stage 19.0 (TID 8681) in 2879 ms on 10.255.86.213 (executor 11) (706/1024)
26/05/28 14:32:28 INFO TaskSetManager: Finished task 988.0 in stage 19.0 (TID 9346) in 2854 ms on 10.255.86.213 (executor 11) (707/1024)
26/05/28 14:32:28 INFO TaskSetManager: Finished task 253.0 in stage 19.0 (TID 8611) in 2882 ms on 10.255.86.213 (executor 11) (708/1024)
26/05/28 14:32:28 INFO TaskSetManager: Finished task 533.0 in stage 19.0 (TID 8891) in 2871 ms on 10.255.86.213 (executor 11) (709/1024)
26/05/28 14:32:28 INFO TaskSetManager: Finished task 267.0 in stage 19.0 (TID 8625) in 2881 ms on 10.255.69.10 (executor 27) (710/1024)
26/05/28 14:32:28 INFO TaskSetManager: Finished task 848.0 in stage 19.0 (TID 9206) in 2859 ms on 10.255.86.213 (executor 11) (711/1024)
26/05/28 14:32:28 INFO TaskSetManager: Finished task 1002.0 in stage 19.0 (TID 9360) in 2853 ms on 10.255.69.10 (executor 27) (712/1024)
26/05/28 14:32:28 INFO TaskSetManager: Finished task 582.0 in stage 19.0 (TID 8940) in 2869 ms on 10.255.69.10 (executor 27) (713/1024)
26/05/28 14:32:28 INFO TaskSetManager: Finished task 127.0 in stage 19.0 (TID 8485) in 2887 ms on 10.255.69.10 (executor 27) (714/1024)
26/05/28 14:32:28 INFO TaskSetManager: Finished task 8.0 in stage 19.0 (TID 8366) in 2892 ms on 10.255.86.213 (executor 11) (715/1024)
26/05/28 14:32:28 INFO TaskSetManager: Finished task 162.0 in stage 19.0 (TID 8520) in 2886 ms on 10.255.69.10 (executor 27) (716/1024)
26/05/28 14:32:28 INFO TaskSetManager: Finished task 428.0 in stage 19.0 (TID 8786) in 2876 ms on 10.255.86.213 (executor 11) (717/1024)
26/05/28 14:32:28 INFO TaskSetManager: Finished task 722.0 in stage 19.0 (TID 9080) in 2865 ms on 10.255.69.10 (executor 27) (718/1024)
26/05/28 14:32:28 INFO TaskSetManager: Finished task 932.0 in stage 19.0 (TID 9290) in 2857 ms on 10.255.69.10 (executor 27) (719/1024)
26/05/28 14:32:28 INFO TaskSetManager: Finished task 288.0 in stage 19.0 (TID 8646) in 2882 ms on 10.255.86.213 (executor 11) (720/1024)
26/05/28 14:32:28 INFO TaskSetManager: Finished task 708.0 in stage 19.0 (TID 9066) in 2866 ms on 10.255.86.213 (executor 11) (721/1024)
26/05/28 14:32:28 INFO TaskSetManager: Finished task 113.0 in stage 19.0 (TID 8471) in 2888 ms on 10.255.86.213 (executor 11) (722/1024)
26/05/28 14:32:28 INFO TaskSetManager: Finished task 407.0 in stage 19.0 (TID 8765) in 2877 ms on 10.255.69.10 (executor 27) (723/1024)
26/05/28 14:32:28 INFO TaskSetManager: Finished task 498.0 in stage 19.0 (TID 8856) in 2873 ms on 10.255.86.213 (executor 11) (724/1024)
26/05/28 14:32:28 INFO TaskSetManager: Finished task 92.0 in stage 19.0 (TID 8450) in 2889 ms on 10.255.69.10 (executor 27) (725/1024)
26/05/28 14:32:28 INFO TaskSetManager: Finished task 43.0 in stage 19.0 (TID 8401) in 2891 ms on 10.255.86.213 (executor 11) (726/1024)
26/05/28 14:32:28 INFO TaskSetManager: Finished task 617.0 in stage 19.0 (TID 8975) in 2869 ms on 10.255.69.10 (executor 27) (727/1024)
26/05/28 14:32:28 INFO TaskSetManager: Finished task 743.0 in stage 19.0 (TID 9101) in 2864 ms on 10.255.86.213 (executor 11) (728/1024)
26/05/28 14:32:28 INFO TaskSetManager: Finished task 302.0 in stage 19.0 (TID 8660) in 2881 ms on 10.255.69.10 (executor 27) (729/1024)
26/05/28 14:32:28 INFO TaskSetManager: Finished task 232.0 in stage 19.0 (TID 8590) in 2884 ms on 10.255.69.10 (executor 27) (730/1024)
26/05/28 14:32:28 INFO TaskSetManager: Finished task 568.0 in stage 19.0 (TID 8926) in 2871 ms on 10.255.86.213 (executor 11) (731/1024)
26/05/28 14:32:28 INFO TaskSetManager: Finished task 22.0 in stage 19.0 (TID 8380) in 2891 ms on 10.255.69.10 (executor 27) (732/1024)
26/05/28 14:32:28 INFO TaskSetManager: Finished task 917.0 in stage 19.0 (TID 9275) in 2863 ms on 10.255.74.50 (executor 33) (733/1024)
26/05/28 14:32:28 INFO TaskSetManager: Finished task 847.0 in stage 19.0 (TID 9205) in 2867 ms on 10.255.74.50 (executor 33) (734/1024)
26/05/28 14:32:28 INFO TaskSetManager: Finished task 497.0 in stage 19.0 (TID 8855) in 2880 ms on 10.255.74.50 (executor 33) (735/1024)
26/05/28 14:32:28 INFO TaskSetManager: Finished task 462.0 in stage 19.0 (TID 8820) in 2882 ms on 10.255.74.50 (executor 33) (736/1024)
26/05/28 14:32:28 INFO TaskSetManager: Finished task 812.0 in stage 19.0 (TID 9170) in 2868 ms on 10.255.74.50 (executor 33) (737/1024)
26/05/28 14:32:28 INFO TaskSetManager: Finished task 322.0 in stage 19.0 (TID 8680) in 2887 ms on 10.255.74.50 (executor 33) (738/1024)
26/05/28 14:32:28 INFO TaskSetManager: Finished task 77.0 in stage 19.0 (TID 8435) in 2896 ms on 10.255.74.50 (executor 33) (739/1024)
26/05/28 14:32:28 INFO TaskSetManager: Finished task 147.0 in stage 19.0 (TID 8505) in 2894 ms on 10.255.74.50 (executor 33) (740/1024)
26/05/28 14:32:28 INFO TaskSetManager: Finished task 357.0 in stage 19.0 (TID 8715) in 2887 ms on 10.255.74.50 (executor 33) (741/1024)
26/05/28 14:32:28 INFO TaskSetManager: Finished task 672.0 in stage 19.0 (TID 9030) in 2875 ms on 10.255.74.50 (executor 33) (742/1024)
26/05/28 14:32:28 INFO TaskSetManager: Finished task 252.0 in stage 19.0 (TID 8610) in 2891 ms on 10.255.74.50 (executor 33) (743/1024)
26/05/28 14:32:28 INFO TaskSetManager: Finished task 952.0 in stage 19.0 (TID 9310) in 2864 ms on 10.255.74.50 (executor 33) (744/1024)
26/05/28 14:32:28 INFO TaskSetManager: Finished task 777.0 in stage 19.0 (TID 9135) in 2871 ms on 10.255.74.50 (executor 33) (745/1024)
26/05/28 14:32:28 INFO TaskSetManager: Finished task 742.0 in stage 19.0 (TID 9100) in 2872 ms on 10.255.74.50 (executor 33) (746/1024)
26/05/28 14:32:28 INFO TaskSetManager: Finished task 427.0 in stage 19.0 (TID 8785) in 2884 ms on 10.255.74.50 (executor 33) (747/1024)
26/05/28 14:32:28 INFO TaskSetManager: Finished task 987.0 in stage 19.0 (TID 9345) in 2863 ms on 10.255.74.50 (executor 33) (748/1024)
26/05/28 14:32:28 INFO TaskSetManager: Finished task 287.0 in stage 19.0 (TID 8645) in 2890 ms on 10.255.74.50 (executor 33) (749/1024)
26/05/28 14:32:28 INFO TaskSetManager: Finished task 567.0 in stage 19.0 (TID 8925) in 2880 ms on 10.255.74.50 (executor 33) (750/1024)
26/05/28 14:32:28 INFO TaskSetManager: Finished task 707.0 in stage 19.0 (TID 9065) in 2875 ms on 10.255.74.50 (executor 33) (751/1024)
26/05/28 14:32:28 INFO TaskSetManager: Finished task 182.0 in stage 19.0 (TID 8540) in 2895 ms on 10.255.74.50 (executor 33) (752/1024)
26/05/28 14:32:28 INFO TaskSetManager: Finished task 637.0 in stage 19.0 (TID 8995) in 2877 ms on 10.255.74.50 (executor 33) (753/1024)
26/05/28 14:32:28 INFO TaskSetManager: Finished task 602.0 in stage 19.0 (TID 8960) in 2879 ms on 10.255.74.50 (executor 33) (754/1024)
26/05/28 14:32:28 INFO TaskSetManager: Finished task 112.0 in stage 19.0 (TID 8470) in 2897 ms on 10.255.74.50 (executor 33) (755/1024)
26/05/28 14:32:28 INFO TaskSetManager: Finished task 217.0 in stage 19.0 (TID 8575) in 2893 ms on 10.255.74.50 (executor 33) (756/1024)
26/05/28 14:32:28 INFO TaskSetManager: Finished task 882.0 in stage 19.0 (TID 9240) in 2868 ms on 10.255.74.50 (executor 33) (757/1024)
26/05/28 14:32:28 INFO TaskSetManager: Finished task 392.0 in stage 19.0 (TID 8750) in 2886 ms on 10.255.74.50 (executor 33) (758/1024)
26/05/28 14:32:28 INFO TaskSetManager: Finished task 7.0 in stage 19.0 (TID 8365) in 2902 ms on 10.255.74.50 (executor 33) (759/1024)
26/05/28 14:32:28 INFO TaskSetManager: Finished task 42.0 in stage 19.0 (TID 8400) in 2901 ms on 10.255.74.50 (executor 33) (760/1024)
26/05/28 14:32:28 INFO TaskSetManager: Finished task 532.0 in stage 19.0 (TID 8890) in 2882 ms on 10.255.74.50 (executor 33) (761/1024)
26/05/28 14:32:28 INFO TaskSetManager: Finished task 1022.0 in stage 19.0 (TID 9380) in 2864 ms on 10.255.74.50 (executor 33) (762/1024)
26/05/28 14:32:28 INFO TaskSetManager: Finished task 901.0 in stage 19.0 (TID 9259) in 2874 ms on 10.255.90.214 (executor 0) (763/1024)
26/05/28 14:32:28 INFO TaskSetManager: Finished task 551.0 in stage 19.0 (TID 8909) in 2888 ms on 10.255.90.214 (executor 0) (764/1024)
26/05/28 14:32:28 INFO TaskSetManager: Finished task 61.0 in stage 19.0 (TID 8419) in 2907 ms on 10.255.90.214 (executor 0) (765/1024)
26/05/28 14:32:28 INFO TaskSetManager: Finished task 831.0 in stage 19.0 (TID 9189) in 2878 ms on 10.255.90.214 (executor 0) (766/1024)
26/05/28 14:32:28 INFO TaskSetManager: Finished task 166.0 in stage 19.0 (TID 8524) in 2903 ms on 10.255.90.214 (executor 0) (767/1024)
26/05/28 14:32:28 INFO TaskSetManager: Finished task 376.0 in stage 19.0 (TID 8734) in 2895 ms on 10.255.90.214 (executor 0) (768/1024)
26/05/28 14:32:28 INFO TaskSetManager: Finished task 26.0 in stage 19.0 (TID 8384) in 2908 ms on 10.255.90.214 (executor 0) (769/1024)
26/05/28 14:32:28 INFO TaskSetManager: Finished task 936.0 in stage 19.0 (TID 9294) in 2874 ms on 10.255.90.214 (executor 0) (770/1024)
26/05/28 14:32:28 INFO TaskSetManager: Finished task 726.0 in stage 19.0 (TID 9084) in 2882 ms on 10.255.90.214 (executor 0) (771/1024)
26/05/28 14:32:28 INFO TaskSetManager: Finished task 306.0 in stage 19.0 (TID 8664) in 2898 ms on 10.255.90.214 (executor 0) (772/1024)
26/05/28 14:32:28 INFO TaskSetManager: Finished task 691.0 in stage 19.0 (TID 9049) in 2884 ms on 10.255.90.214 (executor 0) (773/1024)
26/05/28 14:32:28 INFO TaskSetManager: Finished task 1006.0 in stage 19.0 (TID 9364) in 2872 ms on 10.255.90.214 (executor 0) (774/1024)
26/05/28 14:32:28 INFO TaskSetManager: Finished task 971.0 in stage 19.0 (TID 9329) in 2874 ms on 10.255.90.214 (executor 0) (775/1024)
26/05/28 14:32:28 INFO TaskSetManager: Finished task 201.0 in stage 19.0 (TID 8559) in 2903 ms on 10.255.90.214 (executor 0) (776/1024)
26/05/28 14:32:28 INFO TaskSetManager: Finished task 866.0 in stage 19.0 (TID 9224) in 2878 ms on 10.255.90.214 (executor 0) (777/1024)
26/05/28 14:32:28 INFO TaskSetManager: Finished task 656.0 in stage 19.0 (TID 9014) in 2886 ms on 10.255.90.214 (executor 0) (778/1024)
26/05/28 14:32:28 INFO TaskSetManager: Finished task 96.0 in stage 19.0 (TID 8454) in 2907 ms on 10.255.90.214 (executor 0) (779/1024)
26/05/28 14:32:28 INFO TaskSetManager: Finished task 131.0 in stage 19.0 (TID 8489) in 2905 ms on 10.255.90.214 (executor 0) (780/1024)
26/05/28 14:32:28 INFO TaskSetManager: Finished task 236.0 in stage 19.0 (TID 8594) in 2901 ms on 10.255.90.214 (executor 0) (781/1024)
26/05/28 14:32:28 INFO TaskSetManager: Finished task 586.0 in stage 19.0 (TID 8944) in 2889 ms on 10.255.90.214 (executor 0) (782/1024)
26/05/28 14:32:28 INFO TaskSetManager: Finished task 271.0 in stage 19.0 (TID 8629) in 2901 ms on 10.255.90.214 (executor 0) (783/1024)
26/05/28 14:32:28 INFO TaskSetManager: Finished task 621.0 in stage 19.0 (TID 8979) in 2888 ms on 10.255.90.214 (executor 0) (784/1024)
26/05/28 14:32:28 INFO TaskSetManager: Finished task 341.0 in stage 19.0 (TID 8699) in 2899 ms on 10.255.90.214 (executor 0) (785/1024)
26/05/28 14:32:28 INFO TaskSetManager: Finished task 481.0 in stage 19.0 (TID 8839) in 2893 ms on 10.255.90.214 (executor 0) (786/1024)
26/05/28 14:32:28 INFO TaskSetManager: Finished task 761.0 in stage 19.0 (TID 9119) in 2883 ms on 10.255.90.214 (executor 0) (787/1024)
26/05/28 14:32:28 INFO TaskSetManager: Finished task 411.0 in stage 19.0 (TID 8769) in 2896 ms on 10.255.90.214 (executor 0) (788/1024)
26/05/28 14:32:28 INFO TaskSetManager: Finished task 796.0 in stage 19.0 (TID 9154) in 2881 ms on 10.255.90.214 (executor 0) (789/1024)
26/05/28 14:32:28 INFO TaskSetManager: Finished task 516.0 in stage 19.0 (TID 8874) in 2892 ms on 10.255.90.214 (executor 0) (790/1024)
26/05/28 14:32:28 INFO TaskSetManager: Finished task 446.0 in stage 19.0 (TID 8804) in 2895 ms on 10.255.90.214 (executor 0) (791/1024)
26/05/28 14:32:28 INFO TaskSetManager: Finished task 543.0 in stage 19.0 (TID 8901) in 2893 ms on 10.255.76.16 (executor 19) (792/1024)
26/05/28 14:32:28 INFO TaskSetManager: Finished task 333.0 in stage 19.0 (TID 8691) in 2901 ms on 10.255.76.16 (executor 19) (793/1024)
26/05/28 14:32:28 INFO TaskSetManager: Finished task 263.0 in stage 19.0 (TID 8621) in 2903 ms on 10.255.76.16 (executor 19) (794/1024)
26/05/28 14:32:28 INFO TaskSetManager: Finished task 683.0 in stage 19.0 (TID 9041) in 2889 ms on 10.255.76.16 (executor 19) (795/1024)
26/05/28 14:32:28 INFO TaskSetManager: Finished task 123.0 in stage 19.0 (TID 8481) in 2910 ms on 10.255.76.16 (executor 19) (796/1024)
26/05/28 14:32:28 INFO TaskSetManager: Finished task 893.0 in stage 19.0 (TID 9251) in 2880 ms on 10.255.76.16 (executor 19) (797/1024)
26/05/28 14:32:28 INFO TaskSetManager: Finished task 158.0 in stage 19.0 (TID 8516) in 2908 ms on 10.255.76.16 (executor 19) (798/1024)
26/05/28 14:32:28 INFO TaskSetManager: Finished task 858.0 in stage 19.0 (TID 9216) in 2882 ms on 10.255.76.16 (executor 19) (799/1024)
26/05/28 14:32:28 INFO TaskSetManager: Finished task 928.0 in stage 19.0 (TID 9286) in 2879 ms on 10.255.76.16 (executor 19) (800/1024)
26/05/28 14:32:28 INFO TaskSetManager: Finished task 788.0 in stage 19.0 (TID 9146) in 2884 ms on 10.255.76.16 (executor 19) (801/1024)
26/05/28 14:32:28 INFO TaskSetManager: Finished task 403.0 in stage 19.0 (TID 8761) in 2899 ms on 10.255.76.16 (executor 19) (802/1024)
26/05/28 14:32:28 INFO TaskSetManager: Finished task 298.0 in stage 19.0 (TID 8656) in 2904 ms on 10.255.76.16 (executor 19) (803/1024)
26/05/28 14:32:28 INFO TaskSetManager: Finished task 718.0 in stage 19.0 (TID 9076) in 2888 ms on 10.255.76.16 (executor 19) (804/1024)
26/05/28 14:32:28 INFO TaskSetManager: Finished task 438.0 in stage 19.0 (TID 8796) in 2899 ms on 10.255.76.16 (executor 19) (805/1024)
26/05/28 14:32:28 INFO TaskSetManager: Finished task 368.0 in stage 19.0 (TID 8726) in 2901 ms on 10.255.76.16 (executor 19) (806/1024)
26/05/28 14:32:28 INFO TaskSetManager: Finished task 998.0 in stage 19.0 (TID 9356) in 2878 ms on 10.255.76.16 (executor 19) (807/1024)
26/05/28 14:32:28 INFO TaskSetManager: Finished task 508.0 in stage 19.0 (TID 8866) in 2896 ms on 10.255.76.16 (executor 19) (808/1024)
26/05/28 14:32:28 INFO TaskSetManager: Finished task 823.0 in stage 19.0 (TID 9181) in 2884 ms on 10.255.76.16 (executor 19) (809/1024)
26/05/28 14:32:28 INFO TaskSetManager: Finished task 88.0 in stage 19.0 (TID 8446) in 2912 ms on 10.255.76.16 (executor 19) (810/1024)
26/05/28 14:32:28 INFO TaskSetManager: Finished task 753.0 in stage 19.0 (TID 9111) in 2887 ms on 10.255.76.16 (executor 19) (811/1024)
26/05/28 14:32:28 INFO TaskSetManager: Finished task 53.0 in stage 19.0 (TID 8411) in 2913 ms on 10.255.76.16 (executor 19) (812/1024)
26/05/28 14:32:28 INFO TaskSetManager: Finished task 578.0 in stage 19.0 (TID 8936) in 2895 ms on 10.255.76.16 (executor 19) (813/1024)
26/05/28 14:32:28 INFO TaskSetManager: Finished task 228.0 in stage 19.0 (TID 8586) in 2908 ms on 10.255.76.16 (executor 19) (814/1024)
26/05/28 14:32:28 INFO TaskSetManager: Finished task 18.0 in stage 19.0 (TID 8376) in 2916 ms on 10.255.76.16 (executor 19) (815/1024)
26/05/28 14:32:28 INFO TaskSetManager: Finished task 648.0 in stage 19.0 (TID 9006) in 2892 ms on 10.255.76.16 (executor 19) (816/1024)
26/05/28 14:32:28 INFO TaskSetManager: Finished task 473.0 in stage 19.0 (TID 8831) in 2898 ms on 10.255.76.16 (executor 19) (817/1024)
26/05/28 14:32:28 INFO TaskSetManager: Finished task 193.0 in stage 19.0 (TID 8551) in 2909 ms on 10.255.76.16 (executor 19) (818/1024)
26/05/28 14:32:28 INFO TaskSetManager: Finished task 613.0 in stage 19.0 (TID 8971) in 2893 ms on 10.255.76.16 (executor 19) (819/1024)
26/05/28 14:32:28 INFO TaskSetManager: Finished task 963.0 in stage 19.0 (TID 9321) in 2880 ms on 10.255.76.16 (executor 19) (820/1024)
26/05/28 14:32:28 INFO TaskSetManager: Finished task 838.0 in stage 19.0 (TID 9196) in 2913 ms on 10.255.77.87 (executor 25) (821/1024)
26/05/28 14:32:28 INFO TaskSetManager: Finished task 558.0 in stage 19.0 (TID 8916) in 2923 ms on 10.255.77.87 (executor 25) (822/1024)
26/05/28 14:32:28 INFO TaskSetManager: Finished task 1013.0 in stage 19.0 (TID 9371) in 2906 ms on 10.255.77.87 (executor 25) (823/1024)
26/05/28 14:32:28 INFO TaskSetManager: Finished task 138.0 in stage 19.0 (TID 8496) in 2939 ms on 10.255.77.87 (executor 25) (824/1024)
26/05/28 14:32:28 INFO TaskSetManager: Finished task 68.0 in stage 19.0 (TID 8426) in 2943 ms on 10.255.77.87 (executor 25) (825/1024)
26/05/28 14:32:28 INFO TaskSetManager: Finished task 523.0 in stage 19.0 (TID 8881) in 2926 ms on 10.255.77.87 (executor 25) (826/1024)
26/05/28 14:32:28 INFO TaskSetManager: Finished task 313.0 in stage 19.0 (TID 8671) in 2934 ms on 10.255.77.87 (executor 25) (827/1024)
26/05/28 14:32:28 INFO TaskSetManager: Finished task 803.0 in stage 19.0 (TID 9161) in 2915 ms on 10.255.77.87 (executor 25) (828/1024)
26/05/28 14:32:28 INFO TaskSetManager: Finished task 348.0 in stage 19.0 (TID 8706) in 2932 ms on 10.255.77.87 (executor 25) (829/1024)
26/05/28 14:32:28 INFO TaskSetManager: Finished task 103.0 in stage 19.0 (TID 8461) in 2941 ms on 10.255.77.87 (executor 25) (830/1024)
26/05/28 14:32:28 INFO TaskSetManager: Finished task 943.0 in stage 19.0 (TID 9301) in 2909 ms on 10.255.77.87 (executor 25) (831/1024)
26/05/28 14:32:28 INFO TaskSetManager: Finished task 593.0 in stage 19.0 (TID 8951) in 2923 ms on 10.255.77.87 (executor 25) (832/1024)
26/05/28 14:32:28 INFO TaskSetManager: Finished task 663.0 in stage 19.0 (TID 9021) in 2920 ms on 10.255.77.87 (executor 25) (833/1024)
26/05/28 14:32:28 INFO TaskSetManager: Finished task 418.0 in stage 19.0 (TID 8776) in 2930 ms on 10.255.77.87 (executor 25) (834/1024)
26/05/28 14:32:28 INFO TaskSetManager: Finished task 698.0 in stage 19.0 (TID 9056) in 2920 ms on 10.255.77.87 (executor 25) (835/1024)
26/05/28 14:32:28 INFO TaskSetManager: Finished task 33.0 in stage 19.0 (TID 8391) in 2945 ms on 10.255.77.87 (executor 25) (836/1024)
26/05/28 14:32:28 INFO TaskSetManager: Finished task 628.0 in stage 19.0 (TID 8986) in 2923 ms on 10.255.77.87 (executor 25) (837/1024)
26/05/28 14:32:28 INFO TaskSetManager: Finished task 383.0 in stage 19.0 (TID 8741) in 2932 ms on 10.255.77.87 (executor 25) (838/1024)
26/05/28 14:32:28 INFO TaskSetManager: Finished task 908.0 in stage 19.0 (TID 9266) in 2912 ms on 10.255.77.87 (executor 25) (839/1024)
26/05/28 14:32:28 INFO TaskSetManager: Finished task 768.0 in stage 19.0 (TID 9126) in 2917 ms on 10.255.77.87 (executor 25) (840/1024)
26/05/28 14:32:28 INFO TaskSetManager: Finished task 488.0 in stage 19.0 (TID 8846) in 2928 ms on 10.255.77.87 (executor 25) (841/1024)
26/05/28 14:32:28 INFO TaskSetManager: Finished task 453.0 in stage 19.0 (TID 8811) in 2930 ms on 10.255.77.87 (executor 25) (842/1024)
26/05/28 14:32:28 INFO TaskSetManager: Finished task 243.0 in stage 19.0 (TID 8601) in 2938 ms on 10.255.77.87 (executor 25) (843/1024)
26/05/28 14:32:28 INFO TaskSetManager: Finished task 173.0 in stage 19.0 (TID 8531) in 2941 ms on 10.255.77.87 (executor 25) (844/1024)
26/05/28 14:32:28 INFO TaskSetManager: Finished task 978.0 in stage 19.0 (TID 9336) in 2910 ms on 10.255.77.87 (executor 25) (845/1024)
26/05/28 14:32:28 INFO TaskSetManager: Finished task 733.0 in stage 19.0 (TID 9091) in 2920 ms on 10.255.77.87 (executor 25) (846/1024)
26/05/28 14:32:28 INFO TaskSetManager: Finished task 278.0 in stage 19.0 (TID 8636) in 2937 ms on 10.255.77.87 (executor 25) (847/1024)
26/05/28 14:32:28 INFO TaskSetManager: Finished task 208.0 in stage 19.0 (TID 8566) in 2940 ms on 10.255.77.87 (executor 25) (848/1024)
26/05/28 14:32:28 INFO TaskSetManager: Finished task 873.0 in stage 19.0 (TID 9231) in 2914 ms on 10.255.77.87 (executor 25) (849/1024)
26/05/28 14:32:28 INFO TaskSetManager: Finished task 4.0 in stage 19.0 (TID 8362) in 2949 ms on 10.255.72.249 (executor 5) (850/1024)
26/05/28 14:32:28 INFO TaskSetManager: Finished task 599.0 in stage 19.0 (TID 8957) in 2927 ms on 10.255.72.249 (executor 5) (851/1024)
26/05/28 14:32:28 INFO TaskSetManager: Finished task 354.0 in stage 19.0 (TID 8712) in 2936 ms on 10.255.72.249 (executor 5) (852/1024)
26/05/28 14:32:28 INFO TaskSetManager: Finished task 389.0 in stage 19.0 (TID 8747) in 2935 ms on 10.255.72.249 (executor 5) (853/1024)
26/05/28 14:32:28 INFO TaskSetManager: Finished task 879.0 in stage 19.0 (TID 9237) in 2916 ms on 10.255.72.249 (executor 5) (854/1024)
26/05/28 14:32:28 INFO TaskSetManager: Finished task 739.0 in stage 19.0 (TID 9097) in 2921 ms on 10.255.72.249 (executor 5) (855/1024)
26/05/28 14:32:28 INFO TaskSetManager: Finished task 634.0 in stage 19.0 (TID 8992) in 2925 ms on 10.255.72.249 (executor 5) (856/1024)
26/05/28 14:32:28 INFO TaskSetManager: Finished task 179.0 in stage 19.0 (TID 8537) in 2944 ms on 10.255.72.249 (executor 5) (857/1024)
26/05/28 14:32:28 INFO TaskSetManager: Finished task 144.0 in stage 19.0 (TID 8502) in 2945 ms on 10.255.72.249 (executor 5) (858/1024)
26/05/28 14:32:28 INFO TaskSetManager: Finished task 914.0 in stage 19.0 (TID 9272) in 2916 ms on 10.255.72.249 (executor 5) (859/1024)
26/05/28 14:32:28 INFO TaskSetManager: Finished task 529.0 in stage 19.0 (TID 8887) in 2930 ms on 10.255.72.249 (executor 5) (860/1024)
26/05/28 14:32:28 INFO TaskSetManager: Finished task 284.0 in stage 19.0 (TID 8642) in 2940 ms on 10.255.72.249 (executor 5) (861/1024)
26/05/28 14:32:28 INFO TaskSetManager: Finished task 74.0 in stage 19.0 (TID 8432) in 2948 ms on 10.255.72.249 (executor 5) (862/1024)
26/05/28 14:32:28 INFO TaskSetManager: Finished task 494.0 in stage 19.0 (TID 8852) in 2932 ms on 10.255.72.249 (executor 5) (863/1024)
26/05/28 14:32:28 INFO TaskSetManager: Finished task 949.0 in stage 19.0 (TID 9307) in 2914 ms on 10.255.72.249 (executor 5) (864/1024)
26/05/28 14:32:28 INFO TaskSetManager: Finished task 39.0 in stage 19.0 (TID 8397) in 2949 ms on 10.255.72.249 (executor 5) (865/1024)
26/05/28 14:32:28 INFO TaskSetManager: Finished task 424.0 in stage 19.0 (TID 8782) in 2935 ms on 10.255.72.249 (executor 5) (866/1024)
26/05/28 14:32:28 INFO TaskSetManager: Finished task 249.0 in stage 19.0 (TID 8607) in 2942 ms on 10.255.72.249 (executor 5) (867/1024)
26/05/28 14:32:28 INFO TaskSetManager: Finished task 109.0 in stage 19.0 (TID 8467) in 2947 ms on 10.255.72.249 (executor 5) (868/1024)
26/05/28 14:32:28 INFO TaskSetManager: Finished task 774.0 in stage 19.0 (TID 9132) in 2922 ms on 10.255.72.249 (executor 5) (869/1024)
26/05/28 14:32:28 INFO TaskSetManager: Finished task 844.0 in stage 19.0 (TID 9202) in 2919 ms on 10.255.72.249 (executor 5) (870/1024)
26/05/28 14:32:28 INFO TaskSetManager: Finished task 214.0 in stage 19.0 (TID 8572) in 2943 ms on 10.255.72.249 (executor 5) (871/1024)
26/05/28 14:32:28 INFO TaskSetManager: Finished task 319.0 in stage 19.0 (TID 8677) in 2939 ms on 10.255.72.249 (executor 5) (872/1024)
26/05/28 14:32:28 INFO TaskSetManager: Finished task 809.0 in stage 19.0 (TID 9167) in 2921 ms on 10.255.72.249 (executor 5) (873/1024)
26/05/28 14:32:28 INFO TaskSetManager: Finished task 1019.0 in stage 19.0 (TID 9377) in 2913 ms on 10.255.72.249 (executor 5) (874/1024)
26/05/28 14:32:28 INFO TaskSetManager: Finished task 984.0 in stage 19.0 (TID 9342) in 2915 ms on 10.255.72.249 (executor 5) (875/1024)
26/05/28 14:32:28 INFO TaskSetManager: Finished task 459.0 in stage 19.0 (TID 8817) in 2935 ms on 10.255.72.249 (executor 5) (876/1024)
26/05/28 14:32:28 INFO TaskSetManager: Finished task 704.0 in stage 19.0 (TID 9062) in 2926 ms on 10.255.72.249 (executor 5) (877/1024)
26/05/28 14:32:28 INFO TaskSetManager: Finished task 564.0 in stage 19.0 (TID 8922) in 2931 ms on 10.255.72.249 (executor 5) (878/1024)
26/05/28 14:32:28 INFO TaskSetManager: Finished task 669.0 in stage 19.0 (TID 9027) in 2927 ms on 10.255.72.249 (executor 5) (879/1024)
26/05/28 14:32:28 INFO TaskSetManager: Finished task 510.0 in stage 19.0 (TID 8868) in 2940 ms on 10.255.68.53 (executor 21) (880/1024)
26/05/28 14:32:28 INFO TaskSetManager: Finished task 90.0 in stage 19.0 (TID 8448) in 2956 ms on 10.255.68.53 (executor 21) (881/1024)
26/05/28 14:32:28 INFO TaskSetManager: Finished task 545.0 in stage 19.0 (TID 8903) in 2940 ms on 10.255.68.53 (executor 21) (882/1024)
26/05/28 14:32:28 INFO TaskSetManager: Finished task 1000.0 in stage 19.0 (TID 9358) in 2922 ms on 10.255.68.53 (executor 21) (883/1024)
26/05/28 14:32:28 INFO TaskSetManager: Finished task 300.0 in stage 19.0 (TID 8658) in 2949 ms on 10.255.68.53 (executor 21) (884/1024)
26/05/28 14:32:28 INFO TaskSetManager: Finished task 160.0 in stage 19.0 (TID 8518) in 2954 ms on 10.255.68.53 (executor 21) (885/1024)
26/05/28 14:32:28 INFO TaskSetManager: Finished task 860.0 in stage 19.0 (TID 9218) in 2928 ms on 10.255.68.53 (executor 21) (886/1024)
26/05/28 14:32:28 INFO TaskSetManager: Finished task 440.0 in stage 19.0 (TID 8798) in 2944 ms on 10.255.68.53 (executor 21) (887/1024)
26/05/28 14:32:28 INFO TaskSetManager: Finished task 125.0 in stage 19.0 (TID 8483) in 2956 ms on 10.255.68.53 (executor 21) (888/1024)
26/05/28 14:32:28 INFO TaskSetManager: Finished task 335.0 in stage 19.0 (TID 8693) in 2948 ms on 10.255.68.53 (executor 21) (889/1024)
26/05/28 14:32:28 INFO TaskSetManager: Finished task 930.0 in stage 19.0 (TID 9288) in 2925 ms on 10.255.68.53 (executor 21) (890/1024)
26/05/28 14:32:28 INFO TaskSetManager: Finished task 825.0 in stage 19.0 (TID 9183) in 2930 ms on 10.255.68.53 (executor 21) (891/1024)
26/05/28 14:32:28 INFO TaskSetManager: Finished task 720.0 in stage 19.0 (TID 9078) in 2934 ms on 10.255.68.53 (executor 21) (892/1024)
26/05/28 14:32:28 INFO TaskSetManager: Finished task 650.0 in stage 19.0 (TID 9008) in 2937 ms on 10.255.68.53 (executor 21) (893/1024)
26/05/28 14:32:28 INFO TaskSetManager: Finished task 615.0 in stage 19.0 (TID 8973) in 2938 ms on 10.255.68.53 (executor 21) (894/1024)
26/05/28 14:32:28 INFO TaskSetManager: Finished task 755.0 in stage 19.0 (TID 9113) in 2933 ms on 10.255.68.53 (executor 21) (895/1024)
26/05/28 14:32:28 INFO TaskSetManager: Finished task 20.0 in stage 19.0 (TID 8378) in 2961 ms on 10.255.68.53 (executor 21) (896/1024)
26/05/28 14:32:28 INFO TaskSetManager: Finished task 405.0 in stage 19.0 (TID 8763) in 2946 ms on 10.255.68.53 (executor 21) (897/1024)
26/05/28 14:32:28 INFO TaskSetManager: Finished task 195.0 in stage 19.0 (TID 8553) in 2954 ms on 10.255.68.53 (executor 21) (898/1024)
26/05/28 14:32:28 INFO TaskSetManager: Finished task 55.0 in stage 19.0 (TID 8413) in 2960 ms on 10.255.68.53 (executor 21) (899/1024)
26/05/28 14:32:28 INFO TaskSetManager: Finished task 230.0 in stage 19.0 (TID 8588) in 2954 ms on 10.255.68.53 (executor 21) (900/1024)
26/05/28 14:32:28 INFO TaskSetManager: Finished task 790.0 in stage 19.0 (TID 9148) in 2932 ms on 10.255.68.53 (executor 21) (901/1024)
26/05/28 14:32:28 INFO TaskSetManager: Finished task 265.0 in stage 19.0 (TID 8623) in 2952 ms on 10.255.68.53 (executor 21) (902/1024)
26/05/28 14:32:28 INFO TaskSetManager: Finished task 580.0 in stage 19.0 (TID 8938) in 2940 ms on 10.255.68.53 (executor 21) (903/1024)
26/05/28 14:32:28 INFO TaskSetManager: Finished task 475.0 in stage 19.0 (TID 8833) in 2944 ms on 10.255.68.53 (executor 21) (904/1024)
26/05/28 14:32:28 INFO TaskSetManager: Finished task 895.0 in stage 19.0 (TID 9253) in 2928 ms on 10.255.68.53 (executor 21) (905/1024)
26/05/28 14:32:28 INFO TaskSetManager: Finished task 685.0 in stage 19.0 (TID 9043) in 2937 ms on 10.255.68.53 (executor 21) (906/1024)
26/05/28 14:32:28 INFO TaskSetManager: Finished task 370.0 in stage 19.0 (TID 8728) in 2948 ms on 10.255.68.53 (executor 21) (907/1024)
26/05/28 14:32:28 INFO TaskSetManager: Finished task 965.0 in stage 19.0 (TID 9323) in 2927 ms on 10.255.68.53 (executor 21) (908/1024)
26/05/28 14:32:28 INFO TaskSetManager: Finished task 795.0 in stage 19.0 (TID 9153) in 2953 ms on 10.255.81.155 (executor 3) (909/1024)
26/05/28 14:32:28 INFO TaskSetManager: Finished task 935.0 in stage 19.0 (TID 9293) in 2948 ms on 10.255.81.155 (executor 3) (910/1024)
26/05/28 14:32:28 INFO TaskSetManager: Finished task 655.0 in stage 19.0 (TID 9013) in 2960 ms on 10.255.81.155 (executor 3) (911/1024)
26/05/28 14:32:28 INFO TaskSetManager: Finished task 410.0 in stage 19.0 (TID 8768) in 2969 ms on 10.255.81.155 (executor 3) (912/1024)
26/05/28 14:32:28 INFO TaskSetManager: Finished task 585.0 in stage 19.0 (TID 8943) in 2962 ms on 10.255.81.155 (executor 3) (913/1024)
26/05/28 14:32:28 INFO TaskSetManager: Finished task 725.0 in stage 19.0 (TID 9083) in 2957 ms on 10.255.81.155 (executor 3) (914/1024)
26/05/28 14:32:28 INFO TaskSetManager: Finished task 305.0 in stage 19.0 (TID 8663) in 2973 ms on 10.255.81.155 (executor 3) (915/1024)
26/05/28 14:32:28 INFO TaskSetManager: Finished task 515.0 in stage 19.0 (TID 8873) in 2965 ms on 10.255.81.155 (executor 3) (916/1024)
26/05/28 14:32:28 INFO TaskSetManager: Finished task 760.0 in stage 19.0 (TID 9118) in 2956 ms on 10.255.81.155 (executor 3) (917/1024)
26/05/28 14:32:28 INFO TaskSetManager: Finished task 95.0 in stage 19.0 (TID 8453) in 2981 ms on 10.255.81.155 (executor 3) (918/1024)
26/05/28 14:32:28 INFO TaskSetManager: Finished task 970.0 in stage 19.0 (TID 9328) in 2948 ms on 10.255.81.155 (executor 3) (919/1024)
26/05/28 14:32:28 INFO TaskSetManager: Finished task 165.0 in stage 19.0 (TID 8523) in 2979 ms on 10.255.81.155 (executor 3) (920/1024)
26/05/28 14:32:28 INFO TaskSetManager: Finished task 340.0 in stage 19.0 (TID 8698) in 2973 ms on 10.255.81.155 (executor 3) (921/1024)
26/05/28 14:32:28 INFO TaskSetManager: Finished task 270.0 in stage 19.0 (TID 8628) in 2975 ms on 10.255.81.155 (executor 3) (922/1024)
26/05/28 14:32:28 INFO TaskSetManager: Finished task 690.0 in stage 19.0 (TID 9048) in 2959 ms on 10.255.81.155 (executor 3) (923/1024)
26/05/28 14:32:28 INFO TaskSetManager: Finished task 200.0 in stage 19.0 (TID 8558) in 2978 ms on 10.255.81.155 (executor 3) (924/1024)
26/05/28 14:32:28 INFO TaskSetManager: Finished task 130.0 in stage 19.0 (TID 8488) in 2980 ms on 10.255.81.155 (executor 3) (925/1024)
26/05/28 14:32:28 INFO TaskSetManager: Finished task 1005.0 in stage 19.0 (TID 9363) in 2947 ms on 10.255.81.155 (executor 3) (926/1024)
26/05/28 14:32:28 INFO TaskSetManager: Finished task 620.0 in stage 19.0 (TID 8978) in 2963 ms on 10.255.81.155 (executor 3) (927/1024)
26/05/28 14:32:28 INFO TaskSetManager: Finished task 830.0 in stage 19.0 (TID 9188) in 2955 ms on 10.255.81.155 (executor 3) (928/1024)
26/05/28 14:32:28 INFO TaskSetManager: Finished task 235.0 in stage 19.0 (TID 8593) in 2978 ms on 10.255.81.155 (executor 3) (929/1024)
26/05/28 14:32:28 INFO TaskSetManager: Finished task 480.0 in stage 19.0 (TID 8838) in 2968 ms on 10.255.81.155 (executor 3) (930/1024)
26/05/28 14:32:28 INFO TaskSetManager: Finished task 60.0 in stage 19.0 (TID 8418) in 2984 ms on 10.255.81.155 (executor 3) (931/1024)
26/05/28 14:32:28 INFO TaskSetManager: Finished task 25.0 in stage 19.0 (TID 8383) in 2985 ms on 10.255.81.155 (executor 3) (932/1024)
26/05/28 14:32:28 INFO TaskSetManager: Finished task 375.0 in stage 19.0 (TID 8733) in 2972 ms on 10.255.81.155 (executor 3) (933/1024)
26/05/28 14:32:28 INFO TaskSetManager: Finished task 445.0 in stage 19.0 (TID 8803) in 2969 ms on 10.255.81.155 (executor 3) (934/1024)
26/05/28 14:32:28 INFO TaskSetManager: Finished task 900.0 in stage 19.0 (TID 9258) in 2952 ms on 10.255.81.155 (executor 3) (935/1024)
26/05/28 14:32:28 INFO TaskSetManager: Finished task 865.0 in stage 19.0 (TID 9223) in 2954 ms on 10.255.81.155 (executor 3) (936/1024)
26/05/28 14:32:28 INFO TaskSetManager: Finished task 550.0 in stage 19.0 (TID 8908) in 2966 ms on 10.255.81.155 (executor 3) (937/1024)
26/05/28 14:32:28 INFO TaskSetManager: Finished task 765.0 in stage 19.0 (TID 9123) in 3097 ms on 10.255.94.66 (executor 29) (938/1024)
26/05/28 14:32:28 INFO TaskSetManager: Finished task 450.0 in stage 19.0 (TID 8808) in 3109 ms on 10.255.94.66 (executor 29) (939/1024)
26/05/28 14:32:28 INFO TaskSetManager: Finished task 345.0 in stage 19.0 (TID 8703) in 3114 ms on 10.255.94.66 (executor 29) (940/1024)
26/05/28 14:32:28 INFO TaskSetManager: Finished task 555.0 in stage 19.0 (TID 8913) in 3106 ms on 10.255.94.66 (executor 29) (941/1024)
26/05/28 14:32:28 INFO TaskSetManager: Finished task 30.0 in stage 19.0 (TID 8388) in 3126 ms on 10.255.94.66 (executor 29) (942/1024)
26/05/28 14:32:28 INFO TaskSetManager: Finished task 975.0 in stage 19.0 (TID 9333) in 3090 ms on 10.255.94.66 (executor 29) (943/1024)
26/05/28 14:32:28 INFO TaskSetManager: Finished task 240.0 in stage 19.0 (TID 8598) in 3118 ms on 10.255.94.66 (executor 29) (944/1024)
26/05/28 14:32:28 INFO TaskSetManager: Finished task 870.0 in stage 19.0 (TID 9228) in 3094 ms on 10.255.94.66 (executor 29) (945/1024)
26/05/28 14:32:28 INFO TaskSetManager: Finished task 520.0 in stage 19.0 (TID 8878) in 3108 ms on 10.255.94.66 (executor 29) (946/1024)
26/05/28 14:32:28 INFO TaskSetManager: Finished task 205.0 in stage 19.0 (TID 8563) in 3120 ms on 10.255.94.66 (executor 29) (947/1024)
26/05/28 14:32:28 INFO TaskSetManager: Finished task 310.0 in stage 19.0 (TID 8668) in 3116 ms on 10.255.94.66 (executor 29) (948/1024)
26/05/28 14:32:28 INFO TaskSetManager: Finished task 415.0 in stage 19.0 (TID 8773) in 3113 ms on 10.255.94.66 (executor 29) (949/1024)
26/05/28 14:32:28 INFO TaskSetManager: Finished task 485.0 in stage 19.0 (TID 8843) in 3110 ms on 10.255.94.66 (executor 29) (950/1024)
26/05/28 14:32:28 INFO TaskSetManager: Finished task 835.0 in stage 19.0 (TID 9193) in 3097 ms on 10.255.94.66 (executor 29) (951/1024)
26/05/28 14:32:28 INFO TaskSetManager: Finished task 905.0 in stage 19.0 (TID 9263) in 3094 ms on 10.255.94.66 (executor 29) (952/1024)
26/05/28 14:32:28 INFO TaskSetManager: Finished task 170.0 in stage 19.0 (TID 8528) in 3122 ms on 10.255.94.66 (executor 29) (953/1024)
26/05/28 14:32:28 INFO TaskSetManager: Finished task 625.0 in stage 19.0 (TID 8983) in 3105 ms on 10.255.94.66 (executor 29) (954/1024)
26/05/28 14:32:28 INFO TaskSetManager: Finished task 100.0 in stage 19.0 (TID 8458) in 3125 ms on 10.255.94.66 (executor 29) (955/1024)
26/05/28 14:32:28 INFO TaskSetManager: Finished task 940.0 in stage 19.0 (TID 9298) in 3093 ms on 10.255.94.66 (executor 29) (956/1024)
26/05/28 14:32:28 INFO TaskSetManager: Finished task 660.0 in stage 19.0 (TID 9018) in 3103 ms on 10.255.94.66 (executor 29) (957/1024)
26/05/28 14:32:28 INFO TaskSetManager: Finished task 380.0 in stage 19.0 (TID 8738) in 3114 ms on 10.255.94.66 (executor 29) (958/1024)
26/05/28 14:32:28 INFO TaskSetManager: Finished task 275.0 in stage 19.0 (TID 8633) in 3119 ms on 10.255.94.66 (executor 29) (959/1024)
26/05/28 14:32:28 INFO TaskSetManager: Finished task 135.0 in stage 19.0 (TID 8493) in 3124 ms on 10.255.94.66 (executor 29) (960/1024)
26/05/28 14:32:28 INFO TaskSetManager: Finished task 590.0 in stage 19.0 (TID 8948) in 3107 ms on 10.255.94.66 (executor 29) (961/1024)
26/05/28 14:32:28 INFO TaskSetManager: Finished task 1010.0 in stage 19.0 (TID 9368) in 3091 ms on 10.255.94.66 (executor 29) (962/1024)
26/05/28 14:32:28 INFO TaskSetManager: Finished task 695.0 in stage 19.0 (TID 9053) in 3103 ms on 10.255.94.66 (executor 29) (963/1024)
26/05/28 14:32:28 INFO TaskSetManager: Finished task 730.0 in stage 19.0 (TID 9088) in 3102 ms on 10.255.94.66 (executor 29) (964/1024)
26/05/28 14:32:28 INFO TaskSetManager: Finished task 800.0 in stage 19.0 (TID 9158) in 3099 ms on 10.255.94.66 (executor 29) (965/1024)
26/05/28 14:32:28 INFO TaskSetManager: Finished task 65.0 in stage 19.0 (TID 8423) in 3128 ms on 10.255.94.66 (executor 29) (966/1024)
26/05/28 14:32:29 INFO TaskSetManager: Finished task 234.0 in stage 19.0 (TID 8592) in 4007 ms on 10.255.88.48 (executor 9) (967/1024)
26/05/28 14:32:29 INFO TaskSetManager: Finished task 759.0 in stage 19.0 (TID 9117) in 3987 ms on 10.255.88.48 (executor 9) (968/1024)
26/05/28 14:32:29 INFO TaskSetManager: Finished task 899.0 in stage 19.0 (TID 9257) in 3981 ms on 10.255.88.48 (executor 9) (969/1024)
26/05/28 14:32:29 INFO TaskSetManager: Finished task 199.0 in stage 19.0 (TID 8557) in 4008 ms on 10.255.88.48 (executor 9) (970/1024)
26/05/28 14:32:29 INFO TaskSetManager: Finished task 689.0 in stage 19.0 (TID 9047) in 3989 ms on 10.255.88.48 (executor 9) (971/1024)
26/05/28 14:32:29 INFO TaskSetManager: Finished task 654.0 in stage 19.0 (TID 9012) in 3991 ms on 10.255.88.48 (executor 9) (972/1024)
26/05/28 14:32:29 INFO TaskSetManager: Finished task 24.0 in stage 19.0 (TID 8382) in 4015 ms on 10.255.88.48 (executor 9) (973/1024)
26/05/28 14:32:29 INFO TaskSetManager: Finished task 164.0 in stage 19.0 (TID 8522) in 4010 ms on 10.255.88.48 (executor 9) (974/1024)
26/05/28 14:32:29 INFO TaskSetManager: Finished task 339.0 in stage 19.0 (TID 8697) in 4004 ms on 10.255.88.48 (executor 9) (975/1024)
26/05/28 14:32:29 INFO TaskSetManager: Finished task 269.0 in stage 19.0 (TID 8627) in 4006 ms on 10.255.88.48 (executor 9) (976/1024)
26/05/28 14:32:29 INFO TaskSetManager: Finished task 794.0 in stage 19.0 (TID 9152) in 3986 ms on 10.255.88.48 (executor 9) (977/1024)
26/05/28 14:32:29 INFO TaskSetManager: Finished task 514.0 in stage 19.0 (TID 8872) in 3997 ms on 10.255.88.48 (executor 9) (978/1024)
26/05/28 14:32:29 INFO TaskSetManager: Finished task 549.0 in stage 19.0 (TID 8907) in 3996 ms on 10.255.88.48 (executor 9) (979/1024)
26/05/28 14:32:29 INFO TaskSetManager: Finished task 969.0 in stage 19.0 (TID 9327) in 3980 ms on 10.255.88.48 (executor 9) (980/1024)
26/05/28 14:32:29 INFO TaskSetManager: Finished task 934.0 in stage 19.0 (TID 9292) in 3981 ms on 10.255.88.48 (executor 9) (981/1024)
26/05/28 14:32:29 INFO TaskSetManager: Finished task 94.0 in stage 19.0 (TID 8452) in 4013 ms on 10.255.88.48 (executor 9) (982/1024)
26/05/28 14:32:29 INFO TaskSetManager: Finished task 619.0 in stage 19.0 (TID 8977) in 3994 ms on 10.255.88.48 (executor 9) (983/1024)
26/05/28 14:32:29 INFO TaskSetManager: Finished task 1004.0 in stage 19.0 (TID 9362) in 3979 ms on 10.255.88.48 (executor 9) (984/1024)
26/05/28 14:32:29 INFO TaskSetManager: Finished task 724.0 in stage 19.0 (TID 9082) in 3990 ms on 10.255.88.48 (executor 9) (985/1024)
26/05/28 14:32:29 INFO TaskSetManager: Finished task 584.0 in stage 19.0 (TID 8942) in 3995 ms on 10.255.88.48 (executor 9) (986/1024)
26/05/28 14:32:29 INFO TaskSetManager: Finished task 409.0 in stage 19.0 (TID 8767) in 4002 ms on 10.255.88.48 (executor 9) (987/1024)
26/05/28 14:32:29 INFO TaskSetManager: Finished task 59.0 in stage 19.0 (TID 8417) in 4015 ms on 10.255.88.48 (executor 9) (988/1024)
26/05/28 14:32:29 INFO TaskSetManager: Finished task 864.0 in stage 19.0 (TID 9222) in 3985 ms on 10.255.88.48 (executor 9) (989/1024)
26/05/28 14:32:29 INFO TaskSetManager: Finished task 129.0 in stage 19.0 (TID 8487) in 4012 ms on 10.255.88.48 (executor 9) (990/1024)
26/05/28 14:32:29 INFO TaskSetManager: Finished task 304.0 in stage 19.0 (TID 8662) in 4007 ms on 10.255.88.48 (executor 9) (991/1024)
26/05/28 14:32:29 INFO TaskSetManager: Finished task 829.0 in stage 19.0 (TID 9187) in 3987 ms on 10.255.88.48 (executor 9) (992/1024)
26/05/28 14:32:29 INFO TaskSetManager: Finished task 444.0 in stage 19.0 (TID 8802) in 4001 ms on 10.255.88.48 (executor 9) (993/1024)
26/05/28 14:32:29 INFO TaskSetManager: Finished task 479.0 in stage 19.0 (TID 8837) in 4000 ms on 10.255.88.48 (executor 9) (994/1024)
26/05/28 14:32:29 INFO TaskSetManager: Finished task 374.0 in stage 19.0 (TID 8732) in 4004 ms on 10.255.88.48 (executor 9) (995/1024)
26/05/28 14:32:29 INFO TaskSetManager: Finished task 312.0 in stage 19.0 (TID 8670) in 4064 ms on 10.255.89.57 (executor 8) (996/1024)
26/05/28 14:32:29 INFO TaskSetManager: Finished task 1012.0 in stage 19.0 (TID 9370) in 4037 ms on 10.255.89.57 (executor 8) (997/1024)
26/05/28 14:32:29 INFO TaskSetManager: Finished task 207.0 in stage 19.0 (TID 8565) in 4068 ms on 10.255.89.57 (executor 8) (998/1024)
26/05/28 14:32:29 INFO TaskSetManager: Finished task 417.0 in stage 19.0 (TID 8775) in 4060 ms on 10.255.89.57 (executor 8) (999/1024)
26/05/28 14:32:29 INFO TaskSetManager: Finished task 837.0 in stage 19.0 (TID 9195) in 4045 ms on 10.255.89.57 (executor 8) (1000/1024)
26/05/28 14:32:29 INFO TaskSetManager: Finished task 767.0 in stage 19.0 (TID 9125) in 4047 ms on 10.255.89.57 (executor 8) (1001/1024)
26/05/28 14:32:29 INFO TaskSetManager: Finished task 557.0 in stage 19.0 (TID 8915) in 4055 ms on 10.255.89.57 (executor 8) (1002/1024)
26/05/28 14:32:29 INFO TaskSetManager: Finished task 662.0 in stage 19.0 (TID 9020) in 4051 ms on 10.255.89.57 (executor 8) (1003/1024)
26/05/28 14:32:29 INFO TaskSetManager: Finished task 942.0 in stage 19.0 (TID 9300) in 4040 ms on 10.255.89.57 (executor 8) (1004/1024)
26/05/28 14:32:29 INFO TaskSetManager: Finished task 592.0 in stage 19.0 (TID 8950) in 4054 ms on 10.255.89.57 (executor 8) (1005/1024)
26/05/28 14:32:29 INFO TaskSetManager: Finished task 732.0 in stage 19.0 (TID 9090) in 4049 ms on 10.255.89.57 (executor 8) (1006/1024)
26/05/28 14:32:29 INFO TaskSetManager: Finished task 697.0 in stage 19.0 (TID 9055) in 4050 ms on 10.255.89.57 (executor 8) (1007/1024)
26/05/28 14:32:29 INFO TaskSetManager: Finished task 172.0 in stage 19.0 (TID 8530) in 4070 ms on 10.255.89.57 (executor 8) (1008/1024)
26/05/28 14:32:29 INFO TaskSetManager: Finished task 487.0 in stage 19.0 (TID 8845) in 4058 ms on 10.255.89.57 (executor 8) (1009/1024)
26/05/28 14:32:29 INFO TaskSetManager: Finished task 977.0 in stage 19.0 (TID 9335) in 4040 ms on 10.255.89.57 (executor 8) (1010/1024)
26/05/28 14:32:29 INFO TaskSetManager: Finished task 242.0 in stage 19.0 (TID 8600) in 4068 ms on 10.255.89.57 (executor 8) (1011/1024)
26/05/28 14:32:29 INFO TaskSetManager: Finished task 32.0 in stage 19.0 (TID 8390) in 4076 ms on 10.255.89.57 (executor 8) (1012/1024)
26/05/28 14:32:29 INFO TaskSetManager: Finished task 137.0 in stage 19.0 (TID 8495) in 4072 ms on 10.255.89.57 (executor 8) (1013/1024)
26/05/28 14:32:29 INFO TaskSetManager: Finished task 277.0 in stage 19.0 (TID 8635) in 4067 ms on 10.255.89.57 (executor 8) (1014/1024)
26/05/28 14:32:29 INFO TaskSetManager: Finished task 802.0 in stage 19.0 (TID 9160) in 4047 ms on 10.255.89.57 (executor 8) (1015/1024)
26/05/28 14:32:29 INFO TaskSetManager: Finished task 872.0 in stage 19.0 (TID 9230) in 4045 ms on 10.255.89.57 (executor 8) (1016/1024)
26/05/28 14:32:29 INFO TaskSetManager: Finished task 522.0 in stage 19.0 (TID 8880) in 4059 ms on 10.255.89.57 (executor 8) (1017/1024)
26/05/28 14:32:29 INFO TaskSetManager: Finished task 102.0 in stage 19.0 (TID 8460) in 4075 ms on 10.255.89.57 (executor 8) (1018/1024)
26/05/28 14:32:29 INFO TaskSetManager: Finished task 382.0 in stage 19.0 (TID 8740) in 4064 ms on 10.255.89.57 (executor 8) (1019/1024)
26/05/28 14:32:29 INFO TaskSetManager: Finished task 452.0 in stage 19.0 (TID 8810) in 4061 ms on 10.255.89.57 (executor 8) (1020/1024)
26/05/28 14:32:29 INFO TaskSetManager: Finished task 67.0 in stage 19.0 (TID 8425) in 4076 ms on 10.255.89.57 (executor 8) (1021/1024)
26/05/28 14:32:29 INFO TaskSetManager: Finished task 347.0 in stage 19.0 (TID 8705) in 4065 ms on 10.255.89.57 (executor 8) (1022/1024)
26/05/28 14:32:29 INFO TaskSetManager: Finished task 907.0 in stage 19.0 (TID 9265) in 4044 ms on 10.255.89.57 (executor 8) (1023/1024)
26/05/28 14:32:29 INFO TaskSetManager: Finished task 627.0 in stage 19.0 (TID 8985) in 4056 ms on 10.255.89.57 (executor 8) (1024/1024)
26/05/28 14:32:29 INFO TaskSchedulerImpl: Removed TaskSet 19.0 whose tasks have all completed, from pool 1779959225425
26/05/28 14:32:29 INFO DAGScheduler: ResultStage 19 ($anonfun$withNewExecutionId0$11 at MemoryTrackerHelper.scala:80) finished in 4100 ms
26/05/28 14:32:29 INFO DAGScheduler: Job 19 is finished. Cancelling potential speculative or zombie tasks for this job
26/05/28 14:32:29 INFO TaskSchedulerImpl: Canceling stage 19
26/05/28 14:32:29 INFO TaskSchedulerImpl: Killing all running tasks in stage 19: Stage finished
26/05/28 14:32:29 INFO DAGScheduler: Job 19 finished: $anonfun$withNewExecutionId0$11 at MemoryTrackerHelper.scala:80, took 4106.288914 ms
26/05/28 14:32:29 INFO SQLExecution:  1 QueryExecution(s) are running
26/05/28 14:32:29 INFO QueryProfileListener: Query profile sent to logger, seq number: 19, app id: app-20260528090723-0000
26/05/28 14:32:29 INFO JDBCRDD: Generated JDBC query to get scan output schema: SELECT * FROM ifp_dplus_data_uat.flatten_attribute_values WHERE 1=0
26/05/28 14:32:29 INFO ClusterLoadMonitor: Removed query with execution ID:19. Current active queries:0
26/05/28 14:32:29 INFO SQLExecution:  0 QueryExecution(s) are running
26/05/28 14:32:29 INFO CurrentQueryContext: Thread Thread[scala-execution-context-global-477,5,main]: current category Some(EXECUTABLE_COMMAND), restoring to previous category Some(UNDETERMINED).
26/05/28 14:32:29 INFO QueryProfileListener: Query profile sent to logger, seq number: 20, app id: app-20260528090723-0000
26/05/28 14:32:31 INFO ClusterLoadAvgHelper: Current cluster load: 0, Old Ema: 1.0, New Ema: 0.85 
26/05/28 14:32:34 INFO ClusterLoadAvgHelper: Current cluster load: 0, Old Ema: 0.85, New Ema: 0.0 
26/05/28 14:32:39 INFO DatabricksILoop$: Received SAFEr configs with version 1779959072701
26/05/28 14:32:39 INFO HadoopFSUtil$: Installing the old filesystem implementation for scheme s3n. Current value: com.databricks.sql.acl.fs.CredentialScopeFileSystem. Old value to be restored: com.databricks.sql.io.LokiFileSystem.
26/05/28 14:32:39 INFO HadoopFSUtil$: Installing the old filesystem implementation for scheme wasbs. Current value: com.databricks.sql.acl.fs.CredentialScopeFileSystem. Old value to be restored: com.databricks.sql.io.LokiFileSystem.
26/05/28 14:32:39 INFO HadoopFSUtil$: Installing the old filesystem implementation for scheme gs. Current value: com.databricks.sql.acl.fs.CredentialScopeFileSystem. Old value to be restored: com.databricks.sql.io.LokiFileSystem.
26/05/28 14:32:39 INFO HadoopFSUtil$: Installing the old filesystem implementation for scheme s3. Current value: com.databricks.sql.acl.fs.CredentialScopeFileSystem. Old value to be restored: com.databricks.sql.io.LokiFileSystem.
26/05/28 14:32:39 INFO HadoopFSUtil$: Installing the old filesystem implementation for scheme s3a. Current value: com.databricks.sql.acl.fs.CredentialScopeFileSystem. Old value to be restored: com.databricks.sql.io.LokiFileSystem.
26/05/28 14:32:39 INFO HadoopFSUtil$: Installing the old filesystem implementation for scheme r2. Current value: com.databricks.sql.acl.fs.CredentialScopeFileSystem. Old value to be restored: com.databricks.sql.io.LokiFileSystem.
26/05/28 14:32:39 INFO HadoopFSUtil$: Installing the old filesystem implementation for scheme abfss. Current value: com.databricks.sql.acl.fs.CredentialScopeFileSystem. Old value to be restored: com.databricks.sql.io.LokiFileSystem.
26/05/28 14:32:39 INFO HadoopFSUtil$: Installing the old filesystem implementation for scheme abfs. Current value: com.databricks.sql.acl.fs.CredentialScopeFileSystem. Old value to be restored: com.databricks.sql.io.LokiFileSystem.
26/05/28 14:32:39 INFO HadoopFSUtil$: Installing the old filesystem implementation for scheme wasb. Current value: com.databricks.sql.acl.fs.CredentialScopeFileSystem. Old value to be restored: com.databricks.sql.io.LokiFileSystem.
26/05/28 14:32:39 INFO DatabricksFileSystemV2Factory: Creating S3A file system for s3a://ads-data-gen-uat-uw2-db-rootbucket
26/05/28 14:32:39 INFO DbfsHadoop3: Initialized DBFS with DBFSV2 as the delegate.
26/05/28 14:32:39 INFO DriverCorral: DBFS health check ok
26/05/28 14:32:44 INFO CodeGenerator: Code generated in 11.265873 ms
26/05/28 14:32:44 INFO OlapIngestTaskDatabricks$: Job completed successfully
26/05/28 14:32:44 INFO ProgressReporter$: Removed result fetcher for 1779959225425_5539853085279891559_job-210784666042595-run-1057359355092439-action-1132069684017892
26/05/28 14:32:44 INFO DatabricksStreamingQueryListener: Command execution complete on Driver, no active Streaming query runs associated with command 1779959225425_5539853085279891559_job-210784666042595-run-1057359355092439-action-1132069684017892
26/05/28 14:32:51 INFO DriverCorral$: Cleaning the wrapper ReplInfo(driverReplId=ReplId-19e6d-d65c5-1, chauffeurReplId=ReplId-19e6d-d65c5-1,
 executionContextId=Some(ExecutionContextIdV2(7421858023734270338)), lazyInfoInitialized=true) (currently in status Idle(ReplId-19e6d-d65c5-1))
26/05/28 14:32:51 INFO DriverCorral$: sending shutdown signal for REPL ReplInfo(driverReplId=ReplId-19e6d-d65c5-1, chauffeurReplId=ReplId-19e6d-d65c5-1,
 executionContextId=Some(ExecutionContextIdV2(7421858023734270338)), lazyInfoInitialized=true)
26/05/28 14:32:51 INFO DriverCorral$: sending the interrupt signal for REPL ReplInfo(driverReplId=ReplId-19e6d-d65c5-1, chauffeurReplId=ReplId-19e6d-d65c5-1,
 executionContextId=Some(ExecutionContextIdV2(7421858023734270338)), lazyInfoInitialized=true)
26/05/28 14:32:51 INFO ScalaDriverWrapper: Stopping main loop for REPL ReplId-19e6d-d65c5-1
26/05/28 14:32:51 INFO DriverCorral$: waiting for localThread to stop for REPL ReplInfo(driverReplId=ReplId-19e6d-d65c5-1, chauffeurReplId=ReplId-19e6d-d65c5-1,
 executionContextId=Some(ExecutionContextIdV2(7421858023734270338)), lazyInfoInitialized=true)
26/05/28 14:32:51 INFO DriverCorral$: ReplInfo(driverReplId=ReplId-19e6d-d65c5-1, chauffeurReplId=ReplId-19e6d-d65c5-1,
 executionContextId=Some(ExecutionContextIdV2(7421858023734270338)), lazyInfoInitialized=true) successfully discarded
26/05/28 14:32:54 INFO StandaloneSchedulerBackend$StandaloneDriverEndpoint: Executor 31 pending removal: cluster termination
26/05/28 14:32:54 INFO StandaloneSchedulerBackend$StandaloneDriverEndpoint: Executor 19 pending removal: cluster termination
26/05/28 14:32:54 INFO StandaloneSchedulerBackend$StandaloneDriverEndpoint: Executor 3 pending removal: cluster termination
26/05/28 14:32:54 INFO StandaloneSchedulerBackend$StandaloneDriverEndpoint: Executor 0 pending removal: cluster termination
26/05/28 14:32:54 INFO StandaloneSchedulerBackend$StandaloneDriverEndpoint: Executor 16 pending removal: cluster termination
26/05/28 14:32:54 INFO StandaloneSchedulerBackend$StandaloneDriverEndpoint: Executor 28 pending removal: cluster termination
26/05/28 14:32:54 INFO StandaloneSchedulerBackend$StandaloneDriverEndpoint: Executor 20 pending removal: cluster termination
26/05/28 14:32:54 INFO StandaloneSchedulerBackend$StandaloneDriverEndpoint: Executor 32 pending removal: cluster termination
26/05/28 14:32:54 INFO StandaloneSchedulerBackend$StandaloneDriverEndpoint: Executor 4 pending removal: cluster termination
26/05/28 14:32:54 INFO StandaloneSchedulerBackend$StandaloneDriverEndpoint: Executor 17 pending removal: cluster termination
26/05/28 14:32:54 INFO StandaloneSchedulerBackend$StandaloneDriverEndpoint: Executor 1 pending removal: cluster termination
26/05/28 14:32:54 INFO StandaloneSchedulerBackend$StandaloneDriverEndpoint: Executor 24 pending removal: cluster termination
26/05/28 14:32:54 INFO StandaloneSchedulerBackend$StandaloneDriverEndpoint: Executor 21 pending removal: cluster termination
26/05/28 14:32:54 INFO StandaloneSchedulerBackend$StandaloneDriverEndpoint: Executor 8 pending removal: cluster termination
26/05/28 14:32:54 INFO StandaloneSchedulerBackend$StandaloneDriverEndpoint: Executor 5 pending removal: cluster termination
26/05/28 14:32:54 INFO StandaloneSchedulerBackend$StandaloneDriverEndpoint: Executor 33 pending removal: cluster termination
26/05/28 14:32:54 INFO StandaloneSchedulerBackend$StandaloneDriverEndpoint: Executor 30 pending removal: cluster termination
26/05/28 14:32:54 INFO StandaloneSchedulerBackend$StandaloneDriverEndpoint: Executor 2 pending removal: cluster termination
26/05/28 14:32:54 INFO StandaloneSchedulerBackend$StandaloneDriverEndpoint: Executor 13 pending removal: cluster termination
26/05/28 14:32:54 INFO StandaloneSchedulerBackend$StandaloneDriverEndpoint: Executor 10 pending removal: cluster termination
26/05/28 14:32:54 INFO StandaloneSchedulerBackend$StandaloneDriverEndpoint: Executor 25 pending removal: cluster termination
26/05/28 14:32:54 INFO StandaloneSchedulerBackend$StandaloneDriverEndpoint: Executor 22 pending removal: cluster termination
26/05/28 14:32:54 INFO StandaloneSchedulerBackend$StandaloneDriverEndpoint: Executor 9 pending removal: cluster termination
26/05/28 14:32:54 INFO StandaloneSchedulerBackend$StandaloneDriverEndpoint: Executor 6 pending removal: cluster termination
26/05/28 14:32:54 INFO StandaloneSchedulerBackend$StandaloneDriverEndpoint: Executor 34 pending removal: cluster termination
26/05/28 14:32:54 INFO StandaloneSchedulerBackend$StandaloneDriverEndpoint: Executor 29 pending removal: cluster termination
26/05/28 14:32:54 INFO StandaloneSchedulerBackend$StandaloneDriverEndpoint: Executor 14 pending removal: cluster termination
26/05/28 14:32:54 INFO StandaloneSchedulerBackend$StandaloneDriverEndpoint: Executor 11 pending removal: cluster termination
26/05/28 14:32:54 INFO StandaloneSchedulerBackend$StandaloneDriverEndpoint: Executor 26 pending removal: cluster termination
26/05/28 14:32:54 INFO StandaloneSchedulerBackend$StandaloneDriverEndpoint: Executor 23 pending removal: cluster termination
26/05/28 14:32:54 INFO StandaloneSchedulerBackend$StandaloneDriverEndpoint: Executor 7 pending removal: cluster termination
26/05/28 14:32:54 INFO StandaloneSchedulerBackend$StandaloneDriverEndpoint: Executor 18 pending removal: cluster termination
26/05/28 14:32:54 INFO StandaloneSchedulerBackend$StandaloneDriverEndpoint: Executor 15 pending removal: cluster termination
26/05/28 14:32:54 INFO StandaloneSchedulerBackend$StandaloneDriverEndpoint: Executor 12 pending removal: cluster termination
26/05/28 14:32:54 INFO StandaloneSchedulerBackend$StandaloneDriverEndpoint: Executor 27 pending removal: cluster termination
26/05/28 14:32:54 INFO StandaloneAppClient$ClientEndpoint: Executor updated: app-20260528090723-0000/32 is now LOST (worker lost: 10.255.82.96:43841 got disassociated)
26/05/28 14:32:54 INFO StandaloneSchedulerBackend: Executor app-20260528090723-0000/32 removed: worker lost: 10.255.82.96:43841 got disassociated
26/05/28 14:32:54 INFO StandaloneAppClient$ClientEndpoint: Master removed worker worker-20260528090721-10.255.82.96-43841: 10.255.82.96:43841 got disassociated
26/05/28 14:32:54 INFO StandaloneSchedulerBackend: Worker worker-20260528090721-10.255.82.96-43841 removed: 10.255.82.96:43841 got disassociated
26/05/28 14:32:54 INFO StandaloneAppClient$ClientEndpoint: Executor updated: app-20260528090723-0000/27 is now LOST (worker lost: 10.255.69.10:34049 got disassociated)
26/05/28 14:32:54 INFO StandaloneSchedulerBackend: Executor app-20260528090723-0000/27 removed: worker lost: 10.255.69.10:34049 got disassociated
26/05/28 14:32:54 INFO StandaloneAppClient$ClientEndpoint: Master removed worker worker-20260528090721-10.255.69.10-34049: 10.255.69.10:34049 got disassociated
26/05/28 14:32:54 INFO StandaloneSchedulerBackend: Worker worker-20260528090721-10.255.69.10-34049 removed: 10.255.69.10:34049 got disassociated
26/05/28 14:32:54 INFO StandaloneAppClient$ClientEndpoint: Executor updated: app-20260528090723-0000/12 is now LOST (worker lost: 10.255.85.41:34553 got disassociated)
26/05/28 14:32:54 INFO StandaloneSchedulerBackend: Executor app-20260528090723-0000/12 removed: worker lost: 10.255.85.41:34553 got disassociated
26/05/28 14:32:54 INFO StandaloneAppClient$ClientEndpoint: Master removed worker worker-20260528090719-10.255.85.41-34553: 10.255.85.41:34553 got disassociated
26/05/28 14:32:54 INFO StandaloneSchedulerBackend: Worker worker-20260528090719-10.255.85.41-34553 removed: 10.255.85.41:34553 got disassociated
26/05/28 14:32:54 INFO StandaloneAppClient$ClientEndpoint: Executor updated: app-20260528090723-0000/17 is now LOST (worker lost: 10.255.94.172:38939 got disassociated)
26/05/28 14:32:54 INFO StandaloneSchedulerBackend: Executor app-20260528090723-0000/17 removed: worker lost: 10.255.94.172:38939 got disassociated
26/05/28 14:32:54 INFO StandaloneAppClient$ClientEndpoint: Master removed worker worker-20260528090718-10.255.94.172-38939: 10.255.94.172:38939 got disassociated
26/05/28 14:32:54 INFO StandaloneSchedulerBackend: Worker worker-20260528090718-10.255.94.172-38939 removed: 10.255.94.172:38939 got disassociated
26/05/28 14:32:54 INFO StandaloneAppClient$ClientEndpoint: Executor updated: app-20260528090723-0000/20 is now LOST (worker lost: 10.255.70.40:41213 got disassociated)
26/05/28 14:32:54 INFO StandaloneSchedulerBackend: Executor app-20260528090723-0000/20 removed: worker lost: 10.255.70.40:41213 got disassociated
26/05/28 14:32:54 INFO StandaloneAppClient$ClientEndpoint: Master removed worker worker-20260528090718-10.255.70.40-41213: 10.255.70.40:41213 got disassociated
26/05/28 14:32:54 INFO StandaloneSchedulerBackend: Worker worker-20260528090718-10.255.70.40-41213 removed: 10.255.70.40:41213 got disassociated
26/05/28 14:32:54 INFO StandaloneAppClient$ClientEndpoint: Executor updated: app-20260528090723-0000/6 is now LOST (worker lost: 10.255.71.90:43905 got disassociated)
26/05/28 14:32:54 INFO StandaloneSchedulerBackend: Executor app-20260528090723-0000/6 removed: worker lost: 10.255.71.90:43905 got disassociated
26/05/28 14:32:54 INFO StandaloneAppClient$ClientEndpoint: Master removed worker worker-20260528090720-10.255.71.90-43905: 10.255.71.90:43905 got disassociated
26/05/28 14:32:54 INFO StandaloneSchedulerBackend: Worker worker-20260528090720-10.255.71.90-43905 removed: 10.255.71.90:43905 got disassociated
26/05/28 14:32:54 INFO StandaloneAppClient$ClientEndpoint: Executor updated: app-20260528090723-0000/19 is now LOST (worker lost: 10.255.76.16:37743 got disassociated)
26/05/28 14:32:54 INFO StandaloneSchedulerBackend: Executor app-20260528090723-0000/19 removed: worker lost: 10.255.76.16:37743 got disassociated
26/05/28 14:32:54 INFO StandaloneAppClient$ClientEndpoint: Master removed worker worker-20260528090718-10.255.76.16-37743: 10.255.76.16:37743 got disassociated
26/05/28 14:32:54 INFO StandaloneSchedulerBackend: Worker worker-20260528090718-10.255.76.16-37743 removed: 10.255.76.16:37743 got disassociated
26/05/28 14:32:54 INFO StandaloneAppClient$ClientEndpoint: Executor updated: app-20260528090723-0000/5 is now LOST (worker lost: 10.255.72.249:37299 got disassociated)
26/05/28 14:32:54 INFO StandaloneSchedulerBackend: Executor app-20260528090723-0000/5 removed: worker lost: 10.255.72.249:37299 got disassociated
26/05/28 14:32:54 INFO StandaloneAppClient$ClientEndpoint: Master removed worker worker-20260528090720-10.255.72.249-37299: 10.255.72.249:37299 got disassociated
26/05/28 14:32:54 INFO StandaloneSchedulerBackend: Worker worker-20260528090720-10.255.72.249-37299 removed: 10.255.72.249:37299 got disassociated
26/05/28 14:32:54 INFO StandaloneAppClient$ClientEndpoint: Executor updated: app-20260528090723-0000/14 is now LOST (worker lost: 10.255.79.106:41069 got disassociated)
26/05/28 14:32:54 INFO StandaloneSchedulerBackend: Executor app-20260528090723-0000/14 removed: worker lost: 10.255.79.106:41069 got disassociated
26/05/28 14:32:54 INFO StandaloneAppClient$ClientEndpoint: Master removed worker worker-20260528090719-10.255.79.106-41069: 10.255.79.106:41069 got disassociated
26/05/28 14:32:54 INFO StandaloneSchedulerBackend: Worker worker-20260528090719-10.255.79.106-41069 removed: 10.255.79.106:41069 got disassociated
26/05/28 14:32:54 INFO StandaloneAppClient$ClientEndpoint: Executor updated: app-20260528090723-0000/21 is now LOST (worker lost: 10.255.68.53:33999 got disassociated)
26/05/28 14:32:54 INFO StandaloneSchedulerBackend: Executor app-20260528090723-0000/21 removed: worker lost: 10.255.68.53:33999 got disassociated
26/05/28 14:32:54 INFO StandaloneAppClient$ClientEndpoint: Master removed worker worker-20260528090718-10.255.68.53-33999: 10.255.68.53:33999 got disassociated
26/05/28 14:32:54 INFO StandaloneSchedulerBackend: Worker worker-20260528090718-10.255.68.53-33999 removed: 10.255.68.53:33999 got disassociated
26/05/28 14:32:54 INFO StandaloneAppClient$ClientEndpoint: Executor updated: app-20260528090723-0000/30 is now LOST (worker lost: 10.255.79.209:38537 got disassociated)
26/05/28 14:32:54 INFO StandaloneSchedulerBackend: Executor app-20260528090723-0000/30 removed: worker lost: 10.255.79.209:38537 got disassociated
26/05/28 14:32:54 INFO StandaloneAppClient$ClientEndpoint: Master removed worker worker-20260528090721-10.255.79.209-38537: 10.255.79.209:38537 got disassociated
26/05/28 14:32:54 INFO StandaloneSchedulerBackend: Worker worker-20260528090721-10.255.79.209-38537 removed: 10.255.79.209:38537 got disassociated
26/05/28 14:32:54 ERROR TaskSchedulerImpl: Lost executor 32 on 10.255.82.96: cluster termination
26/05/28 14:32:54 INFO StandaloneAppClient$ClientEndpoint: Executor updated: app-20260528090723-0000/13 is now LOST (worker lost: 10.255.82.150:34747 got disassociated)
26/05/28 14:32:54 INFO StandaloneSchedulerBackend: Executor app-20260528090723-0000/13 removed: worker lost: 10.255.82.150:34747 got disassociated
26/05/28 14:32:54 INFO StandaloneAppClient$ClientEndpoint: Master removed worker worker-20260528090719-10.255.82.150-34747: 10.255.82.150:34747 got disassociated
26/05/28 14:32:54 INFO StandaloneSchedulerBackend: Worker worker-20260528090719-10.255.82.150-34747 removed: 10.255.82.150:34747 got disassociated
26/05/28 14:32:54 INFO StandaloneAppClient$ClientEndpoint: Executor updated: app-20260528090723-0000/22 is now LOST (worker lost: 10.255.84.128:39599 got disassociated)
26/05/28 14:32:54 INFO StandaloneSchedulerBackend: Executor app-20260528090723-0000/22 removed: worker lost: 10.255.84.128:39599 got disassociated
26/05/28 14:32:54 INFO StandaloneAppClient$ClientEndpoint: Master removed worker worker-20260528090717-10.255.84.128-39599: 10.255.84.128:39599 got disassociated
26/05/28 14:32:54 INFO StandaloneSchedulerBackend: Worker worker-20260528090717-10.255.84.128-39599 removed: 10.255.84.128:39599 got disassociated
26/05/28 14:32:54 INFO StandaloneAppClient$ClientEndpoint: Executor updated: app-20260528090723-0000/1 is now LOST (worker lost: 10.255.92.36:45353 got disassociated)
26/05/28 14:32:54 INFO StandaloneSchedulerBackend: Executor app-20260528090723-0000/1 removed: worker lost: 10.255.92.36:45353 got disassociated
26/05/28 14:32:54 INFO StandaloneAppClient$ClientEndpoint: Master removed worker worker-20260528090720-10.255.92.36-45353: 10.255.92.36:45353 got disassociated
26/05/28 14:32:54 INFO StandaloneSchedulerBackend: Worker worker-20260528090720-10.255.92.36-45353 removed: 10.255.92.36:45353 got disassociated
26/05/28 14:32:54 INFO StandaloneAppClient$ClientEndpoint: Executor updated: app-20260528090723-0000/18 is now LOST (worker lost: 10.255.77.249:44985 got disassociated)
26/05/28 14:32:54 INFO StandaloneSchedulerBackend: Executor app-20260528090723-0000/18 removed: worker lost: 10.255.77.249:44985 got disassociated
26/05/28 14:32:54 INFO StandaloneAppClient$ClientEndpoint: Master removed worker worker-20260528090718-10.255.77.249-44985: 10.255.77.249:44985 got disassociated
26/05/28 14:32:54 INFO StandaloneSchedulerBackend: Worker worker-20260528090718-10.255.77.249-44985 removed: 10.255.77.249:44985 got disassociated
26/05/28 14:32:54 INFO StandaloneAppClient$ClientEndpoint: Executor updated: app-20260528090723-0000/15 is now LOST (worker lost: 10.255.66.241:39459 got disassociated)
26/05/28 14:32:54 INFO StandaloneSchedulerBackend: Executor app-20260528090723-0000/15 removed: worker lost: 10.255.66.241:39459 got disassociated
26/05/28 14:32:54 INFO StandaloneAppClient$ClientEndpoint: Master removed worker worker-20260528090719-10.255.66.241-39459: 10.255.66.241:39459 got disassociated
26/05/28 14:32:54 INFO StandaloneSchedulerBackend: Worker worker-20260528090719-10.255.66.241-39459 removed: 10.255.66.241:39459 got disassociated
26/05/28 14:32:54 INFO StandaloneAppClient$ClientEndpoint: Executor updated: app-20260528090723-0000/23 is now LOST (worker lost: 10.255.85.154:43693 got disassociated)
26/05/28 14:32:54 INFO StandaloneSchedulerBackend: Executor app-20260528090723-0000/23 removed: worker lost: 10.255.85.154:43693 got disassociated
26/05/28 14:32:54 INFO StandaloneAppClient$ClientEndpoint: Master removed worker worker-20260528090720-10.255.85.154-43693: 10.255.85.154:43693 got disassociated
26/05/28 14:32:54 INFO StandaloneSchedulerBackend: Worker worker-20260528090720-10.255.85.154-43693 removed: 10.255.85.154:43693 got disassociated
26/05/28 14:32:54 INFO ShutdownHookManager$: Running shutdown hook defined at com.databricks.backend.daemon.driver.DriverDaemon
26/05/28 14:32:54 INFO DriverDaemon: Run shutdown hook for driver corral backend
26/05/28 14:32:54 INFO StandaloneAppClient$ClientEndpoint: Executor updated: app-20260528090723-0000/26 is now LOST (worker lost: 10.255.82.104:36929 got disassociated)
26/05/28 14:32:54 INFO StandaloneSchedulerBackend: Executor app-20260528090723-0000/26 removed: worker lost: 10.255.82.104:36929 got disassociated
26/05/28 14:32:54 INFO StandaloneAppClient$ClientEndpoint: Master removed worker worker-20260528090720-10.255.82.104-36929: 10.255.82.104:36929 got disassociated
26/05/28 14:32:54 INFO StandaloneSchedulerBackend: Worker worker-20260528090720-10.255.82.104-36929 removed: 10.255.82.104:36929 got disassociated
26/05/28 14:32:54 INFO TempTableCleaner$: Cleaning up session-local temporary tables for all execution contexts
26/05/28 14:32:54 INFO StandaloneAppClient$ClientEndpoint: Executor updated: app-20260528090723-0000/0 is now LOST (worker lost: 10.255.90.214:36451 got disassociated)
26/05/28 14:32:54 INFO StandaloneSchedulerBackend: Executor app-20260528090723-0000/0 removed: worker lost: 10.255.90.214:36451 got disassociated
26/05/28 14:32:54 INFO StandaloneAppClient$ClientEndpoint: Master removed worker worker-20260528090721-10.255.90.214-36451: 10.255.90.214:36451 got disassociated
26/05/28 14:32:54 INFO StandaloneSchedulerBackend: Worker worker-20260528090721-10.255.90.214-36451 removed: 10.255.90.214:36451 got disassociated
26/05/28 14:32:54 INFO StandaloneAppClient$ClientEndpoint: Executor updated: app-20260528090723-0000/31 is now LOST (worker lost: 10.255.90.38:35813 got disassociated)
26/05/28 14:32:54 INFO StandaloneSchedulerBackend: Executor app-20260528090723-0000/31 removed: worker lost: 10.255.90.38:35813 got disassociated
26/05/28 14:32:54 INFO StandaloneAppClient$ClientEndpoint: Master removed worker worker-20260528090721-10.255.90.38-35813: 10.255.90.38:35813 got disassociated
26/05/28 14:32:54 INFO StandaloneSchedulerBackend: Worker worker-20260528090721-10.255.90.38-35813 removed: 10.255.90.38:35813 got disassociated
26/05/28 14:32:54 INFO StandaloneAppClient$ClientEndpoint: Executor updated: app-20260528090723-0000/16 is now LOST (worker lost: 10.255.64.190:33965 got disassociated)
26/05/28 14:32:54 INFO StandaloneSchedulerBackend: Executor app-20260528090723-0000/16 removed: worker lost: 10.255.64.190:33965 got disassociated
26/05/28 14:32:54 INFO StandaloneAppClient$ClientEndpoint: Master removed worker worker-20260528090719-10.255.64.190-33965: 10.255.64.190:33965 got disassociated
26/05/28 14:32:54 INFO StandaloneSchedulerBackend: Worker worker-20260528090719-10.255.64.190-33965 removed: 10.255.64.190:33965 got disassociated
26/05/28 14:32:54 INFO DatabricksSessionCatalog: [MCSC] UNITY_CATALOG_ENABLED session value 'false' is default, attempting fallback to
SparkEnv value 'true'. Stack trace:
  java.base/java.lang.Thread.getStackTrace(Thread.java:1619)
  com.databricks.sql.managedcatalog.ManagedCatalogSessionCatalog.fallbackToSparkEnv(ManagedCatalogSessionCatalog.scala:130)
  com.databricks.sql.managedcatalog.ManagedCatalogSessionCatalog.<init>(ManagedCatalogSessionCatalog.scala:146)
  com.databricks.sql.DatabricksSessionCatalog.<init>(DatabricksSessionCatalog.scala:70)
  org.apache.spark.sql.hive.HiveSessionStateBuilder.catalog$lzycompute(HiveSessionStateBuilder.scala:92)
  org.apache.spark.sql.hive.HiveSessionStateBuilder.catalog(HiveSessionStateBuilder.scala:87)
  org.apache.spark.sql.internal.BaseSessionStateBuilder.$anonfun$build$7(BaseSessionStateBuilder.scala:564)
  org.apache.spark.sql.internal.SessionState.catalog$lzycompute(SessionState.scala:112)
  org.apache.spark.sql.internal.SessionState.catalog(SessionState.scala:112)
  com.databricks.backend.daemon.driver.TempTableCleaner$.$anonfun$cleanTempTables$1(TempTableCleaner.scala:24)
  com.databricks.backend.daemon.driver.TempTableCleaner$.$anonfun$cleanTempTables$1$adapted(TempTableCleaner.scala:18)
  scala.collection.immutable.List.foreach(List.scala:431)
  com.databricks.backend.daemon.driver.TempTableCleaner$.cleanTempTables(TempTableCleaner.scala:18)
  com.databricks.backend.daemon.driver.DriverCorral.stop(DriverCorral.scala:696)
  com.databricks.backend.daemon.driver.DriverDaemon.$anonfun$new$1(DriverDaemon.scala:138)
26/05/28 14:32:54 INFO StandaloneAppClient$ClientEndpoint: Executor updated: app-20260528090723-0000/10 is now LOST (worker lost: 10.255.87.71:36465 got disassociated)
26/05/28 14:32:54 INFO StandaloneSchedulerBackend: Executor app-20260528090723-0000/10 removed: worker lost: 10.255.87.71:36465 got disassociated
26/05/28 14:32:54 INFO StandaloneAppClient$ClientEndpoint: Master removed worker worker-20260528090719-10.255.87.71-36465: 10.255.87.71:36465 got disassociated
26/05/28 14:32:54 INFO StandaloneSchedulerBackend: Worker worker-20260528090719-10.255.87.71-36465 removed: 10.255.87.71:36465 got disassociated
26/05/28 14:32:54 INFO StandaloneAppClient$ClientEndpoint: Executor updated: app-20260528090723-0000/28 is now LOST (worker lost: 10.255.70.115:44145 got disassociated)
26/05/28 14:32:54 INFO StandaloneSchedulerBackend: Executor app-20260528090723-0000/28 removed: worker lost: 10.255.70.115:44145 got disassociated
26/05/28 14:32:54 INFO StandaloneAppClient$ClientEndpoint: Master removed worker worker-20260528090721-10.255.70.115-44145: 10.255.70.115:44145 got disassociated
26/05/28 14:32:54 INFO DatabricksSessionCatalog: [MCSC] UNITY_CATALOG_ENABLED session value 'false' is default, attempting fallback to
SparkEnv value 'true'. Stack trace:
  java.base/java.lang.Thread.getStackTrace(Thread.java:1619)
  com.databricks.sql.managedcatalog.ManagedCatalogSessionCatalog.fallbackToSparkEnv(ManagedCatalogSessionCatalog.scala:130)
  com.databricks.sql.managedcatalog.ManagedCatalogSessionCatalog.<init>(ManagedCatalogSessionCatalog.scala:146)
  com.databricks.sql.DatabricksSessionCatalog.<init>(DatabricksSessionCatalog.scala:70)
  org.apache.spark.sql.hive.HiveSessionStateBuilder.catalog$lzycompute(HiveSessionStateBuilder.scala:92)
  org.apache.spark.sql.hive.HiveSessionStateBuilder.catalog(HiveSessionStateBuilder.scala:87)
  org.apache.spark.sql.internal.BaseSessionStateBuilder.$anonfun$build$7(BaseSessionStateBuilder.scala:564)
  org.apache.spark.sql.internal.SessionState.catalog$lzycompute(SessionState.scala:112)
  org.apache.spark.sql.internal.SessionState.catalog(SessionState.scala:112)
  com.databricks.backend.daemon.driver.TempTableCleaner$.$anonfun$cleanTempTables$1(TempTableCleaner.scala:24)
  com.databricks.backend.daemon.driver.TempTableCleaner$.$anonfun$cleanTempTables$1$adapted(TempTableCleaner.scala:18)
  scala.collection.immutable.List.foreach(List.scala:431)
  com.databricks.backend.daemon.driver.TempTableCleaner$.cleanTempTables(TempTableCleaner.scala:18)
  com.databricks.backend.daemon.driver.DriverCorral.stop(DriverCorral.scala:696)
  com.databricks.backend.daemon.driver.DriverDaemon.$anonfun$new$1(DriverDaemon.scala:138)
26/05/28 14:32:54 INFO StandaloneSchedulerBackend: Worker worker-20260528090721-10.255.70.115-44145 removed: 10.255.70.115:44145 got disassociated
26/05/28 14:32:54 INFO TempTableCleaner$: Finished cleaning up session-local temporary tables
26/05/28 14:32:54 INFO ShutdownHookManager$: Completed shutdown hook defined at com.databricks.backend.daemon.driver.DriverDaemon
26/05/28 14:32:54 INFO ShutdownHookManager$: Running shutdown hook defined at com.databricks.DatabricksMain.initDatabricks
26/05/28 14:32:54 INFO StandaloneAppClient$ClientEndpoint: Executor updated: app-20260528090723-0000/11 is now LOST (worker lost: 10.255.86.213:46087 got disassociated)
26/05/28 14:32:54 INFO StandaloneSchedulerBackend: Executor app-20260528090723-0000/11 removed: worker lost: 10.255.86.213:46087 got disassociated
26/05/28 14:32:54 INFO StandaloneAppClient$ClientEndpoint: Master removed worker worker-20260528090719-10.255.86.213-46087: 10.255.86.213:46087 got disassociated
26/05/28 14:32:54 INFO StandaloneSchedulerBackend: Worker worker-20260528090719-10.255.86.213-46087 removed: 10.255.86.213:46087 got disassociated
26/05/28 14:32:54 INFO StandaloneAppClient$ClientEndpoint: Executor updated: app-20260528090723-0000/25 is now LOST (worker lost: 10.255.77.87:39855 got disassociated)
26/05/28 14:32:54 INFO StandaloneSchedulerBackend: Executor app-20260528090723-0000/25 removed: worker lost: 10.255.77.87:39855 got disassociated
26/05/28 14:32:54 INFO StandaloneAppClient$ClientEndpoint: Master removed worker worker-20260528090720-10.255.77.87-39855: 10.255.77.87:39855 got disassociated
26/05/28 14:32:54 INFO StandaloneSchedulerBackend: Worker worker-20260528090720-10.255.77.87-39855 removed: 10.255.77.87:39855 got disassociated
26/05/28 14:32:54 INFO DAGScheduler: Executor lost: 32 (epoch 0)
26/05/28 14:32:54 INFO StandaloneAppClient$ClientEndpoint: Executor updated: app-20260528090723-0000/7 is now LOST (worker lost: 10.255.89.71:35861 got disassociated)
26/05/28 14:32:54 INFO StandaloneSchedulerBackend: Executor app-20260528090723-0000/7 removed: worker lost: 10.255.89.71:35861 got disassociated
26/05/28 14:32:54 INFO StandaloneAppClient$ClientEndpoint: Master removed worker worker-20260528090719-10.255.89.71-35861: 10.255.89.71:35861 got disassociated
26/05/28 14:32:54 INFO StandaloneSchedulerBackend: Worker worker-20260528090719-10.255.89.71-35861 removed: 10.255.89.71:35861 got disassociated
26/05/28 14:32:54 INFO StandaloneAppClient$ClientEndpoint: Executor updated: app-20260528090723-0000/33 is now LOST (worker lost: 10.255.74.50:39281 got disassociated)
26/05/28 14:32:54 INFO StandaloneSchedulerBackend: Executor app-20260528090723-0000/33 removed: worker lost: 10.255.74.50:39281 got disassociated
26/05/28 14:32:54 INFO StandaloneAppClient$ClientEndpoint: Master removed worker worker-20260528090722-10.255.74.50-39281: 10.255.74.50:39281 got disassociated
26/05/28 14:32:54 INFO StandaloneSchedulerBackend: Worker worker-20260528090722-10.255.74.50-39281 removed: 10.255.74.50:39281 got disassociated
26/05/28 14:32:54 INFO BlockManagerMasterEndpoint: Trying to remove executor 32 from BlockManagerMaster.
26/05/28 14:32:54 INFO StandaloneAppClient$ClientEndpoint: Executor updated: app-20260528090723-0000/3 is now LOST (worker lost: 10.255.81.155:45607 got disassociated)
26/05/28 14:32:54 INFO StandaloneSchedulerBackend: Executor app-20260528090723-0000/3 removed: worker lost: 10.255.81.155:45607 got disassociated
26/05/28 14:32:54 INFO StandaloneAppClient$ClientEndpoint: Master removed worker worker-20260528090720-10.255.81.155-45607: 10.255.81.155:45607 got disassociated
26/05/28 14:32:54 INFO StandaloneSchedulerBackend: Worker worker-20260528090720-10.255.81.155-45607 removed: 10.255.81.155:45607 got disassociated
26/05/28 14:32:54 INFO BlockManagerMasterEndpoint: Removing block manager BlockManagerId(32, 10.255.82.96, 35423, None)
26/05/28 14:32:54 INFO StandaloneAppClient$ClientEndpoint: Executor updated: app-20260528090723-0000/34 is now LOST (worker lost: 10.255.88.132:34299 got disassociated)
26/05/28 14:32:54 INFO StandaloneSchedulerBackend: Executor app-20260528090723-0000/34 removed: worker lost: 10.255.88.132:34299 got disassociated
26/05/28 14:32:54 INFO StandaloneAppClient$ClientEndpoint: Master removed worker worker-20260528090723-10.255.88.132-34299: 10.255.88.132:34299 got disassociated
26/05/28 14:32:54 INFO StandaloneSchedulerBackend: Worker worker-20260528090723-10.255.88.132-34299 removed: 10.255.88.132:34299 got disassociated
26/05/28 14:32:54 INFO BlockManagerMaster: Removed 32 successfully in removeExecutor
26/05/28 14:32:54 INFO ShutdownHookManager$: Completed shutdown hook defined at com.databricks.DatabricksMain.initDatabricks
26/05/28 14:32:54 INFO ShutdownHookManager$: Running shutdown hook defined at com.databricks.DatabricksMain.initDatabricks
26/05/28 14:32:54 INFO DrainingState: Started draining: min wait 10000, grace period 5000, max wait 15000.
26/05/28 14:32:54 INFO StandaloneAppClient$ClientEndpoint: Executor updated: app-20260528090723-0000/24 is now LOST (worker lost: 10.255.85.108:33223 got disassociated)
26/05/28 14:32:54 INFO StandaloneSchedulerBackend: Executor app-20260528090723-0000/24 removed: worker lost: 10.255.85.108:33223 got disassociated
26/05/28 14:32:54 INFO StandaloneAppClient$ClientEndpoint: Master removed worker worker-20260528090720-10.255.85.108-33223: 10.255.85.108:33223 got disassociated
26/05/28 14:32:54 INFO StandaloneSchedulerBackend: Worker worker-20260528090720-10.255.85.108-33223 removed: 10.255.85.108:33223 got disassociated
26/05/28 14:32:56 INFO StandaloneAppClient$ClientEndpoint: Executor updated: app-20260528090723-0000/29 is now LOST (worker lost: 10.255.94.66:39467 got disassociated)
26/05/28 14:32:56 INFO AsyncEventQueue: Process of event SparkListenerExecutorRemoved(1779978774707,32,{"cause":"cluster termination","detectionMechanism":null}) bylistener org.apache.spark.sql.connect.execution.ConnectProgressExecutionListener took 1606.116201ms.
26/05/28 14:32:56 INFO StandaloneSchedulerBackend: Executor app-20260528090723-0000/29 removed: worker lost: 10.255.94.66:39467 got disassociated
26/05/28 14:32:56 INFO AsyncEventQueue: Process of event SparkListenerExecutorRemoved(1779978774707,32,{"cause":"cluster termination","detectionMechanism":null}) bylistener com.databricks.backend.daemon.driver.DBCEventLoggingListener took 1606.249228ms.
26/05/28 14:32:56 INFO StandaloneAppClient$ClientEndpoint: Master removed worker worker-20260528090720-10.255.94.66-39467: 10.255.94.66:39467 got disassociated
26/05/28 14:32:56 INFO StandaloneSchedulerBackend: Worker worker-20260528090720-10.255.94.66-39467 removed: 10.255.94.66:39467 got disassociated
26/05/28 14:32:56 INFO StandaloneAppClient$ClientEndpoint: Executor updated: app-20260528090723-0000/4 is now LOST (worker lost: 10.255.74.59:45393 got disassociated)
26/05/28 14:32:56 INFO StandaloneSchedulerBackend: Executor app-20260528090723-0000/4 removed: worker lost: 10.255.74.59:45393 got disassociated
26/05/28 14:32:56 INFO StandaloneAppClient$ClientEndpoint: Master removed worker worker-20260528090720-10.255.74.59-45393: 10.255.74.59:45393 got disassociated
26/05/28 14:32:56 INFO StandaloneSchedulerBackend: Worker worker-20260528090720-10.255.74.59-45393 removed: 10.255.74.59:45393 got disassociated
26/05/28 14:32:56 INFO StandaloneAppClient$ClientEndpoint: Executor updated: app-20260528090723-0000/8 is now LOST (worker lost: 10.255.89.57:35197 got disassociated)
26/05/28 14:32:56 INFO StandaloneSchedulerBackend: Executor app-20260528090723-0000/8 removed: worker lost: 10.255.89.57:35197 got disassociated
26/05/28 14:32:56 INFO StandaloneAppClient$ClientEndpoint: Master removed worker worker-20260528090719-10.255.89.57-35197: 10.255.89.57:35197 got disassociated
26/05/28 14:32:56 INFO StandaloneSchedulerBackend: Worker worker-20260528090719-10.255.89.57-35197 removed: 10.255.89.57:35197 got disassociated
26/05/28 14:32:56 INFO StandaloneAppClient$ClientEndpoint: Executor updated: app-20260528090723-0000/2 is now LOST (worker lost: 10.255.90.96:42133 got disassociated)
26/05/28 14:32:56 INFO StandaloneSchedulerBackend: Executor app-20260528090723-0000/2 removed: worker lost: 10.255.90.96:42133 got disassociated
26/05/28 14:32:56 INFO StandaloneAppClient$ClientEndpoint: Master removed worker worker-20260528090720-10.255.90.96-42133: 10.255.90.96:42133 got disassociated
26/05/28 14:32:56 INFO StandaloneSchedulerBackend: Worker worker-20260528090720-10.255.90.96-42133 removed: 10.255.90.96:42133 got disassociated
26/05/28 14:32:56 INFO StandaloneAppClient$ClientEndpoint: Executor updated: app-20260528090723-0000/9 is now LOST (worker lost: 10.255.88.48:34973 got disassociated)
26/05/28 14:32:56 INFO StandaloneSchedulerBackend: Executor app-20260528090723-0000/9 removed: worker lost: 10.255.88.48:34973 got disassociated
26/05/28 14:32:56 INFO StandaloneAppClient$ClientEndpoint: Master removed worker worker-20260528090719-10.255.88.48-34973: 10.255.88.48:34973 got disassociated
26/05/28 14:32:56 INFO StandaloneSchedulerBackend: Worker worker-20260528090719-10.255.88.48-34973 removed: 10.255.88.48:34973 got disassociated
26/05/28 14:32:56 INFO TaskSchedulerImpl: Handle removed worker worker-20260528090721-10.255.82.96-43841: 10.255.82.96:43841 got disassociated
26/05/28 14:32:56 WARN TransportChannelHandler: Exception in connection from /10.255.82.96:59350
java.net.SocketException: Connection reset
	at java.base/sun.nio.ch.SocketChannelImpl.throwConnectionReset(SocketChannelImpl.java:394)
	at java.base/sun.nio.ch.SocketChannelImpl.read(SocketChannelImpl.java:426)
	at io.netty.buffer.PooledByteBuf.setBytes(PooledByteBuf.java:255)
	at io.netty.buffer.AbstractByteBuf.writeBytes(AbstractByteBuf.java:1132)
	at io.netty.channel.socket.nio.NioSocketChannel.doReadBytes(NioSocketChannel.java:357)
	at io.netty.channel.nio.AbstractNioByteChannel$NioByteUnsafe.read(AbstractNioByteChannel.java:151)
	at io.netty.channel.nio.NioEventLoop.processSelectedKey(NioEventLoop.java:788)
	at io.netty.channel.nio.NioEventLoop.processSelectedKeysOptimized(NioEventLoop.java:724)
	at io.netty.channel.nio.NioEventLoop.processSelectedKeys(NioEventLoop.java:650)
	at io.netty.channel.nio.NioEventLoop.run(NioEventLoop.java:562)
	at io.netty.util.concurrent.SingleThreadEventExecutor$4.run(SingleThreadEventExecutor.java:997)
	at io.netty.util.internal.ThreadExecutorMap$2.run(ThreadExecutorMap.java:74)
	at io.netty.util.concurrent.FastThreadLocalRunnable.run(FastThreadLocalRunnable.java:30)
	at java.base/java.lang.Thread.run(Thread.java:840)
26/05/28 14:32:56 INFO AsyncEventQueue: Process of event SparkListenerExecutorRemoved(1779978774707,32,{"cause":"cluster termination","detectionMechanism":null}) bylistener org.apache.spark.util.ProfilerEnv$$anon$1 took 1614.564157ms.
26/05/28 14:32:56 INFO DAGScheduler: Shuffle files lost for worker worker-20260528090721-10.255.82.96-43841 on host 10.255.82.96
26/05/28 14:32:56 ERROR TaskSchedulerImpl: Lost executor 27 on 10.255.69.10: cluster termination
26/05/28 14:32:56 INFO TaskSchedulerImpl: Handle removed worker worker-20260528090721-10.255.69.10-34049: 10.255.69.10:34049 got disassociated
26/05/28 14:32:56 ERROR TaskSchedulerImpl: Lost executor 12 on 10.255.85.41: cluster termination
26/05/28 14:32:56 INFO TaskSchedulerImpl: Handle removed worker worker-20260528090719-10.255.85.41-34553: 10.255.85.41:34553 got disassociated
26/05/28 14:32:56 ERROR TaskSchedulerImpl: Lost executor 17 on 10.255.94.172: cluster termination
26/05/28 14:32:56 INFO TaskSchedulerImpl: Handle removed worker worker-20260528090718-10.255.94.172-38939: 10.255.94.172:38939 got disassociated
26/05/28 14:32:56 ERROR TaskSchedulerImpl: Lost executor 20 on 10.255.70.40: cluster termination
26/05/28 14:32:56 INFO DAGScheduler: Executor lost: 27 (epoch 1)
26/05/28 14:32:56 INFO TaskSchedulerImpl: Handle removed worker worker-20260528090718-10.255.70.40-41213: 10.255.70.40:41213 got disassociated
26/05/28 14:32:56 INFO BlockManagerMasterEndpoint: Trying to remove executor 27 from BlockManagerMaster.
26/05/28 14:32:56 ERROR TaskSchedulerImpl: Lost executor 6 on 10.255.71.90: cluster termination
26/05/28 14:32:56 INFO BlockManagerMasterEndpoint: Removing block manager BlockManagerId(27, 10.255.69.10, 44715, None)
26/05/28 14:32:56 INFO BlockManagerMaster: Removed 27 successfully in removeExecutor
26/05/28 14:32:56 INFO DAGScheduler: Shuffle files lost for worker worker-20260528090721-10.255.69.10-34049 on host 10.255.69.10
26/05/28 14:32:56 INFO DAGScheduler: Executor lost: 12 (epoch 2)
26/05/28 14:32:56 INFO BlockManagerMasterEndpoint: Trying to remove executor 12 from BlockManagerMaster.
26/05/28 14:32:56 INFO BlockManagerMasterEndpoint: Removing block manager BlockManagerId(12, 10.255.85.41, 44029, None)
26/05/28 14:32:56 INFO BlockManagerMaster: Removed 12 successfully in removeExecutor
26/05/28 14:32:56 INFO DAGScheduler: Shuffle files lost for worker worker-20260528090719-10.255.85.41-34553 on host 10.255.85.41
26/05/28 14:32:56 INFO DAGScheduler: Executor lost: 17 (epoch 3)
26/05/28 14:32:56 INFO TaskSchedulerImpl: Handle removed worker worker-20260528090720-10.255.71.90-43905: 10.255.71.90:43905 got disassociated
26/05/28 14:32:56 INFO BlockManagerMasterEndpoint: Trying to remove executor 17 from BlockManagerMaster.
26/05/28 14:32:56 INFO BlockManagerMasterEndpoint: Removing block manager BlockManagerId(17, 10.255.94.172, 40327, None)
26/05/28 14:32:56 ERROR TaskSchedulerImpl: Lost executor 19 on 10.255.76.16: cluster termination
26/05/28 14:32:56 INFO TaskSchedulerImpl: Handle removed worker worker-20260528090718-10.255.76.16-37743: 10.255.76.16:37743 got disassociated
26/05/28 14:32:56 INFO BlockManagerMaster: Removed 17 successfully in removeExecutor
26/05/28 14:32:56 INFO DAGScheduler: Shuffle files lost for worker worker-20260528090718-10.255.94.172-38939 on host 10.255.94.172
26/05/28 14:32:56 ERROR TaskSchedulerImpl: Lost executor 5 on 10.255.72.249: cluster termination
26/05/28 14:32:56 INFO DAGScheduler: Executor lost: 20 (epoch 4)
26/05/28 14:32:56 INFO BlockManagerMasterEndpoint: Trying to remove executor 20 from BlockManagerMaster.
26/05/28 14:32:56 INFO BlockManagerMasterEndpoint: Removing block manager BlockManagerId(20, 10.255.70.40, 36635, None)
26/05/28 14:32:56 INFO TaskSchedulerImpl: Handle removed worker worker-20260528090720-10.255.72.249-37299: 10.255.72.249:37299 got disassociated
26/05/28 14:32:56 INFO BlockManagerMaster: Removed 20 successfully in removeExecutor
26/05/28 14:32:56 INFO DAGScheduler: Shuffle files lost for worker worker-20260528090718-10.255.70.40-41213 on host 10.255.70.40
26/05/28 14:32:56 INFO DAGScheduler: Executor lost: 6 (epoch 5)
26/05/28 14:32:56 INFO BlockManagerMasterEndpoint: Trying to remove executor 6 from BlockManagerMaster.
26/05/28 14:32:56 INFO BlockManagerMasterEndpoint: Removing block manager BlockManagerId(6, 10.255.71.90, 45521, None)
26/05/28 14:32:56 INFO BlockManagerMaster: Removed 6 successfully in removeExecutor
26/05/28 14:32:56 INFO DAGScheduler: Shuffle files lost for worker worker-20260528090720-10.255.71.90-43905 on host 10.255.71.90
26/05/28 14:32:56 INFO DAGScheduler: Executor lost: 19 (epoch 6)
26/05/28 14:32:56 INFO BlockManagerMasterEndpoint: Trying to remove executor 19 from BlockManagerMaster.
26/05/28 14:32:56 INFO BlockManagerMasterEndpoint: Removing block manager BlockManagerId(19, 10.255.76.16, 33727, None)
26/05/28 14:32:56 INFO BlockManagerMaster: Removed 19 successfully in removeExecutor
26/05/28 14:32:56 INFO DAGScheduler: Shuffle files lost for worker worker-20260528090718-10.255.76.16-37743 on host 10.255.76.16
26/05/28 14:32:56 INFO DAGScheduler: Executor lost: 5 (epoch 7)
26/05/28 14:32:56 INFO BlockManagerMasterEndpoint: Trying to remove executor 5 from BlockManagerMaster.
26/05/28 14:32:56 INFO BlockManagerMasterEndpoint: Removing block manager BlockManagerId(5, 10.255.72.249, 46697, None)
26/05/28 14:32:56 INFO BlockManagerMaster: Removed 5 successfully in removeExecutor
26/05/28 14:32:56 INFO DAGScheduler: Shuffle files lost for worker worker-20260528090720-10.255.72.249-37299 on host 10.255.72.249
26/05/28 14:32:56 ERROR TaskSchedulerImpl: Lost executor 14 on 10.255.79.106: cluster termination
26/05/28 14:32:56 INFO DAGScheduler: Executor lost: 14 (epoch 8)
26/05/28 14:32:56 INFO BlockManagerMasterEndpoint: Trying to remove executor 14 from BlockManagerMaster.
26/05/28 14:32:56 INFO BlockManagerMasterEndpoint: Removing block manager BlockManagerId(14, 10.255.79.106, 38607, None)
26/05/28 14:32:56 INFO TaskSchedulerImpl: Handle removed worker worker-20260528090719-10.255.79.106-41069: 10.255.79.106:41069 got disassociated
26/05/28 14:32:56 INFO BlockManagerMaster: Removed 14 successfully in removeExecutor
26/05/28 14:32:56 INFO DAGScheduler: Shuffle files lost for worker worker-20260528090719-10.255.79.106-41069 on host 10.255.79.106
26/05/28 14:32:56 ERROR TaskSchedulerImpl: Lost executor 21 on 10.255.68.53: cluster termination
26/05/28 14:32:56 INFO DAGScheduler: Executor lost: 21 (epoch 9)
26/05/28 14:32:56 INFO BlockManagerMasterEndpoint: Trying to remove executor 21 from BlockManagerMaster.
26/05/28 14:32:56 INFO TaskSchedulerImpl: Handle removed worker worker-20260528090718-10.255.68.53-33999: 10.255.68.53:33999 got disassociated
26/05/28 14:32:56 INFO BlockManagerMasterEndpoint: Removing block manager BlockManagerId(21, 10.255.68.53, 35869, None)
26/05/28 14:32:56 INFO BlockManagerMaster: Removed 21 successfully in removeExecutor
26/05/28 14:32:56 INFO DAGScheduler: Shuffle files lost for worker worker-20260528090718-10.255.68.53-33999 on host 10.255.68.53
26/05/28 14:32:56 ERROR TaskSchedulerImpl: Lost executor 30 on 10.255.79.209: cluster termination
26/05/28 14:32:56 INFO DAGScheduler: Executor lost: 30 (epoch 10)
26/05/28 14:32:56 INFO BlockManagerMasterEndpoint: Trying to remove executor 30 from BlockManagerMaster.
26/05/28 14:32:56 INFO TaskSchedulerImpl: Handle removed worker worker-20260528090721-10.255.79.209-38537: 10.255.79.209:38537 got disassociated
26/05/28 14:32:56 INFO BlockManagerMasterEndpoint: Removing block manager BlockManagerId(30, 10.255.79.209, 45619, None)
26/05/28 14:32:56 INFO BlockManagerMaster: Removed 30 successfully in removeExecutor
26/05/28 14:32:56 INFO DAGScheduler: Shuffle files lost for worker worker-20260528090721-10.255.79.209-38537 on host 10.255.79.209
26/05/28 14:32:56 ERROR TaskSchedulerImpl: Lost executor 13 on 10.255.82.150: cluster termination
26/05/28 14:32:56 INFO DAGScheduler: Executor lost: 13 (epoch 11)
26/05/28 14:32:56 INFO BlockManagerMasterEndpoint: Trying to remove executor 13 from BlockManagerMaster.
26/05/28 14:32:56 INFO TaskSchedulerImpl: Handle removed worker worker-20260528090719-10.255.82.150-34747: 10.255.82.150:34747 got disassociated
26/05/28 14:32:56 INFO BlockManagerMasterEndpoint: Removing block manager BlockManagerId(13, 10.255.82.150, 43693, None)
26/05/28 14:32:56 INFO BlockManagerMaster: Removed 13 successfully in removeExecutor
26/05/28 14:32:56 INFO DAGScheduler: Shuffle files lost for worker worker-20260528090719-10.255.82.150-34747 on host 10.255.82.150
26/05/28 14:32:56 INFO AsyncEventQueue: Process of event SparkListenerExecutorRemoved(1779978774707,32,{"cause":"cluster termination","detectionMechanism":null}) bylistener org.apache.spark.status.AppStatusListener took 1652.154783ms.
26/05/28 14:32:56 ERROR TaskSchedulerImpl: Lost executor 22 on 10.255.84.128: cluster termination
26/05/28 14:32:56 INFO DAGScheduler: Executor lost: 22 (epoch 12)
26/05/28 14:32:56 INFO BlockManagerMasterEndpoint: Trying to remove executor 22 from BlockManagerMaster.
26/05/28 14:32:56 INFO TaskSchedulerImpl: Handle removed worker worker-20260528090717-10.255.84.128-39599: 10.255.84.128:39599 got disassociated
26/05/28 14:32:56 INFO BlockManagerMasterEndpoint: Removing block manager BlockManagerId(22, 10.255.84.128, 42893, None)
26/05/28 14:32:56 INFO BlockManagerMaster: Removed 22 successfully in removeExecutor
26/05/28 14:32:56 INFO DAGScheduler: Shuffle files lost for worker worker-20260528090717-10.255.84.128-39599 on host 10.255.84.128
26/05/28 14:32:56 ERROR TaskSchedulerImpl: Lost executor 1 on 10.255.92.36: cluster termination
26/05/28 14:32:56 INFO DAGScheduler: Executor lost: 1 (epoch 13)
26/05/28 14:32:56 INFO BlockManagerMasterEndpoint: Trying to remove executor 1 from BlockManagerMaster.
26/05/28 14:32:56 INFO TaskSchedulerImpl: Handle removed worker worker-20260528090720-10.255.92.36-45353: 10.255.92.36:45353 got disassociated
26/05/28 14:32:56 INFO BlockManagerMasterEndpoint: Removing block manager BlockManagerId(1, 10.255.92.36, 36073, None)
26/05/28 14:32:56 INFO BlockManagerMaster: Removed 1 successfully in removeExecutor
26/05/28 14:32:56 INFO DAGScheduler: Shuffle files lost for worker worker-20260528090720-10.255.92.36-45353 on host 10.255.92.36
26/05/28 14:32:56 ERROR TaskSchedulerImpl: Lost executor 18 on 10.255.77.249: cluster termination
26/05/28 14:32:56 INFO DAGScheduler: Executor lost: 18 (epoch 14)
26/05/28 14:32:56 INFO BlockManagerMasterEndpoint: Trying to remove executor 18 from BlockManagerMaster.
26/05/28 14:32:56 INFO TaskSchedulerImpl: Handle removed worker worker-20260528090718-10.255.77.249-44985: 10.255.77.249:44985 got disassociated
26/05/28 14:32:56 INFO BlockManagerMasterEndpoint: Removing block manager BlockManagerId(18, 10.255.77.249, 42441, None)
26/05/28 14:32:56 INFO BlockManagerMaster: Removed 18 successfully in removeExecutor
26/05/28 14:32:56 INFO DAGScheduler: Shuffle files lost for worker worker-20260528090718-10.255.77.249-44985 on host 10.255.77.249
26/05/28 14:32:56 ERROR TaskSchedulerImpl: Lost executor 15 on 10.255.66.241: cluster termination
26/05/28 14:32:56 INFO DAGScheduler: Executor lost: 15 (epoch 15)
26/05/28 14:32:56 INFO BlockManagerMasterEndpoint: Trying to remove executor 15 from BlockManagerMaster.
26/05/28 14:32:56 INFO BlockManagerMasterEndpoint: Removing block manager BlockManagerId(15, 10.255.66.241, 42603, None)
26/05/28 14:32:56 INFO BlockManagerMaster: Removed 15 successfully in removeExecutor
26/05/28 14:32:56 INFO TaskSchedulerImpl: Handle removed worker worker-20260528090719-10.255.66.241-39459: 10.255.66.241:39459 got disassociated
26/05/28 14:32:56 INFO DAGScheduler: Shuffle files lost for worker worker-20260528090719-10.255.66.241-39459 on host 10.255.66.241
26/05/28 14:32:56 ERROR TaskSchedulerImpl: Lost executor 23 on 10.255.85.154: cluster termination
26/05/28 14:32:56 INFO DAGScheduler: Executor lost: 23 (epoch 16)
26/05/28 14:32:56 INFO BlockManagerMasterEndpoint: Trying to remove executor 23 from BlockManagerMaster.
26/05/28 14:32:56 INFO BlockManagerMasterEndpoint: Removing block manager BlockManagerId(23, 10.255.85.154, 45265, None)
26/05/28 14:32:56 INFO TaskSchedulerImpl: Handle removed worker worker-20260528090720-10.255.85.154-43693: 10.255.85.154:43693 got disassociated
26/05/28 14:32:56 INFO BlockManagerMaster: Removed 23 successfully in removeExecutor
26/05/28 14:32:56 INFO DAGScheduler: Shuffle files lost for worker worker-20260528090720-10.255.85.154-43693 on host 10.255.85.154
26/05/28 14:32:56 ERROR TaskSchedulerImpl: Lost executor 26 on 10.255.82.104: cluster termination
26/05/28 14:32:56 INFO DAGScheduler: Executor lost: 26 (epoch 17)
26/05/28 14:32:56 INFO BlockManagerMasterEndpoint: Trying to remove executor 26 from BlockManagerMaster.
26/05/28 14:32:56 INFO TaskSchedulerImpl: Handle removed worker worker-20260528090720-10.255.82.104-36929: 10.255.82.104:36929 got disassociated
26/05/28 14:32:56 INFO BlockManagerMasterEndpoint: Removing block manager BlockManagerId(26, 10.255.82.104, 35997, None)
26/05/28 14:32:56 INFO BlockManagerMaster: Removed 26 successfully in removeExecutor
26/05/28 14:32:56 INFO DAGScheduler: Shuffle files lost for worker worker-20260528090720-10.255.82.104-36929 on host 10.255.82.104
26/05/28 14:32:56 ERROR TaskSchedulerImpl: Lost executor 0 on 10.255.90.214: cluster termination
26/05/28 14:32:56 INFO DAGScheduler: Executor lost: 0 (epoch 18)
26/05/28 14:32:56 INFO BlockManagerMasterEndpoint: Trying to remove executor 0 from BlockManagerMaster.
26/05/28 14:32:56 INFO TaskSchedulerImpl: Handle removed worker worker-20260528090721-10.255.90.214-36451: 10.255.90.214:36451 got disassociated
26/05/28 14:32:56 INFO BlockManagerMasterEndpoint: Removing block manager BlockManagerId(0, 10.255.90.214, 37207, None)
26/05/28 14:32:56 INFO BlockManagerMaster: Removed 0 successfully in removeExecutor
26/05/28 14:32:56 INFO DAGScheduler: Shuffle files lost for worker worker-20260528090721-10.255.90.214-36451 on host 10.255.90.214
26/05/28 14:32:56 ERROR TaskSchedulerImpl: Lost executor 31 on 10.255.90.38: cluster termination
26/05/28 14:32:56 INFO DAGScheduler: Executor lost: 31 (epoch 19)
26/05/28 14:32:56 INFO BlockManagerMasterEndpoint: Trying to remove executor 31 from BlockManagerMaster.
26/05/28 14:32:56 INFO TaskSchedulerImpl: Handle removed worker worker-20260528090721-10.255.90.38-35813: 10.255.90.38:35813 got disassociated
26/05/28 14:32:56 INFO BlockManagerMasterEndpoint: Removing block manager BlockManagerId(31, 10.255.90.38, 37741, None)
26/05/28 14:32:56 INFO BlockManagerMaster: Removed 31 successfully in removeExecutor
26/05/28 14:32:56 INFO DAGScheduler: Shuffle files lost for worker worker-20260528090721-10.255.90.38-35813 on host 10.255.90.38
26/05/28 14:32:56 ERROR TaskSchedulerImpl: Lost executor 16 on 10.255.64.190: cluster termination
26/05/28 14:32:56 INFO DAGScheduler: Executor lost: 16 (epoch 20)
26/05/28 14:32:56 INFO BlockManagerMasterEndpoint: Trying to remove executor 16 from BlockManagerMaster.
26/05/28 14:32:56 INFO TaskSchedulerImpl: Handle removed worker worker-20260528090719-10.255.64.190-33965: 10.255.64.190:33965 got disassociated
26/05/28 14:32:56 INFO BlockManagerMasterEndpoint: Removing block manager BlockManagerId(16, 10.255.64.190, 33539, None)
26/05/28 14:32:56 INFO BlockManagerMaster: Removed 16 successfully in removeExecutor
26/05/28 14:32:56 INFO DAGScheduler: Shuffle files lost for worker worker-20260528090719-10.255.64.190-33965 on host 10.255.64.190
26/05/28 14:32:56 ERROR TaskSchedulerImpl: Lost executor 10 on 10.255.87.71: cluster termination
26/05/28 14:32:56 INFO DAGScheduler: Executor lost: 10 (epoch 21)
26/05/28 14:32:56 INFO BlockManagerMasterEndpoint: Trying to remove executor 10 from BlockManagerMaster.
26/05/28 14:32:56 INFO TaskSchedulerImpl: Handle removed worker worker-20260528090719-10.255.87.71-36465: 10.255.87.71:36465 got disassociated
26/05/28 14:32:56 INFO BlockManagerMasterEndpoint: Removing block manager BlockManagerId(10, 10.255.87.71, 38171, None)
26/05/28 14:32:56 INFO BlockManagerMaster: Removed 10 successfully in removeExecutor
26/05/28 14:32:56 INFO DAGScheduler: Shuffle files lost for worker worker-20260528090719-10.255.87.71-36465 on host 10.255.87.71
26/05/28 14:32:56 ERROR TaskSchedulerImpl: Lost executor 28 on 10.255.70.115: cluster termination
26/05/28 14:32:56 INFO DAGScheduler: Executor lost: 28 (epoch 22)
26/05/28 14:32:56 INFO BlockManagerMasterEndpoint: Trying to remove executor 28 from BlockManagerMaster.
26/05/28 14:32:56 INFO TaskSchedulerImpl: Handle removed worker worker-20260528090721-10.255.70.115-44145: 10.255.70.115:44145 got disassociated
26/05/28 14:32:56 INFO BlockManagerMasterEndpoint: Removing block manager BlockManagerId(28, 10.255.70.115, 44855, None)
26/05/28 14:32:56 INFO BlockManagerMaster: Removed 28 successfully in removeExecutor
26/05/28 14:32:56 INFO DAGScheduler: Shuffle files lost for worker worker-20260528090721-10.255.70.115-44145 on host 10.255.70.115
26/05/28 14:32:56 ERROR TaskSchedulerImpl: Lost executor 11 on 10.255.86.213: cluster termination
26/05/28 14:32:56 INFO DAGScheduler: Executor lost: 11 (epoch 23)
26/05/28 14:32:56 INFO BlockManagerMasterEndpoint: Trying to remove executor 11 from BlockManagerMaster.
26/05/28 14:32:56 INFO TaskSchedulerImpl: Handle removed worker worker-20260528090719-10.255.86.213-46087: 10.255.86.213:46087 got disassociated
26/05/28 14:32:56 INFO BlockManagerMasterEndpoint: Removing block manager BlockManagerId(11, 10.255.86.213, 44701, None)
26/05/28 14:32:56 INFO BlockManagerMaster: Removed 11 successfully in removeExecutor
26/05/28 14:32:56 INFO DAGScheduler: Shuffle files lost for worker worker-20260528090719-10.255.86.213-46087 on host 10.255.86.213
26/05/28 14:32:56 ERROR TaskSchedulerImpl: Lost executor 25 on 10.255.77.87: cluster termination
26/05/28 14:32:56 INFO DAGScheduler: Executor lost: 25 (epoch 24)
26/05/28 14:32:56 INFO TaskSchedulerImpl: Handle removed worker worker-20260528090720-10.255.77.87-39855: 10.255.77.87:39855 got disassociated
26/05/28 14:32:56 INFO BlockManagerMasterEndpoint: Trying to remove executor 25 from BlockManagerMaster.
26/05/28 14:32:56 INFO BlockManagerMasterEndpoint: Removing block manager BlockManagerId(25, 10.255.77.87, 45327, None)
26/05/28 14:32:56 INFO BlockManagerMaster: Removed 25 successfully in removeExecutor
26/05/28 14:32:56 INFO DAGScheduler: Shuffle files lost for worker worker-20260528090720-10.255.77.87-39855 on host 10.255.77.87
26/05/28 14:32:56 ERROR TaskSchedulerImpl: Lost executor 7 on 10.255.89.71: cluster termination
26/05/28 14:32:56 INFO DAGScheduler: Executor lost: 7 (epoch 25)
26/05/28 14:32:56 INFO BlockManagerMasterEndpoint: Trying to remove executor 7 from BlockManagerMaster.
26/05/28 14:32:56 INFO TaskSchedulerImpl: Handle removed worker worker-20260528090719-10.255.89.71-35861: 10.255.89.71:35861 got disassociated
26/05/28 14:32:56 INFO BlockManagerMasterEndpoint: Removing block manager BlockManagerId(7, 10.255.89.71, 37587, None)
26/05/28 14:32:56 INFO BlockManagerMaster: Removed 7 successfully in removeExecutor
26/05/28 14:32:56 INFO DAGScheduler: Shuffle files lost for worker worker-20260528090719-10.255.89.71-35861 on host 10.255.89.71
26/05/28 14:32:56 ERROR TaskSchedulerImpl: Lost executor 33 on 10.255.74.50: cluster termination
26/05/28 14:32:56 INFO DAGScheduler: Executor lost: 33 (epoch 26)
26/05/28 14:32:56 INFO BlockManagerMasterEndpoint: Trying to remove executor 33 from BlockManagerMaster.
26/05/28 14:32:56 INFO TaskSchedulerImpl: Handle removed worker worker-20260528090722-10.255.74.50-39281: 10.255.74.50:39281 got disassociated
26/05/28 14:32:56 INFO BlockManagerMasterEndpoint: Removing block manager BlockManagerId(33, 10.255.74.50, 41785, None)
26/05/28 14:32:56 INFO BlockManagerMaster: Removed 33 successfully in removeExecutor
26/05/28 14:32:56 INFO DAGScheduler: Shuffle files lost for worker worker-20260528090722-10.255.74.50-39281 on host 10.255.74.50
26/05/28 14:32:56 ERROR TaskSchedulerImpl: Lost executor 3 on 10.255.81.155: cluster termination
26/05/28 14:32:56 INFO DAGScheduler: Executor lost: 3 (epoch 27)
26/05/28 14:32:56 INFO BlockManagerMasterEndpoint: Trying to remove executor 3 from BlockManagerMaster.
26/05/28 14:32:56 INFO TaskSchedulerImpl: Handle removed worker worker-20260528090720-10.255.81.155-45607: 10.255.81.155:45607 got disassociated
26/05/28 14:32:56 INFO BlockManagerMasterEndpoint: Removing block manager BlockManagerId(3, 10.255.81.155, 35485, None)
26/05/28 14:32:56 INFO BlockManagerMaster: Removed 3 successfully in removeExecutor
26/05/28 14:32:56 INFO DAGScheduler: Shuffle files lost for worker worker-20260528090720-10.255.81.155-45607 on host 10.255.81.155
26/05/28 14:32:56 ERROR TaskSchedulerImpl: Lost executor 34 on 10.255.88.132: cluster termination
26/05/28 14:32:56 INFO DAGScheduler: Executor lost: 34 (epoch 28)
26/05/28 14:32:56 INFO BlockManagerMasterEndpoint: Trying to remove executor 34 from BlockManagerMaster.
26/05/28 14:32:56 INFO TaskSchedulerImpl: Handle removed worker worker-20260528090723-10.255.88.132-34299: 10.255.88.132:34299 got disassociated
26/05/28 14:32:56 INFO BlockManagerMasterEndpoint: Removing block manager BlockManagerId(34, 10.255.88.132, 33857, None)
26/05/28 14:32:56 INFO BlockManagerMaster: Removed 34 successfully in removeExecutor
26/05/28 14:32:56 INFO DAGScheduler: Shuffle files lost for worker worker-20260528090723-10.255.88.132-34299 on host 10.255.88.132
26/05/28 14:32:56 ERROR TaskSchedulerImpl: Lost executor 24 on 10.255.85.108: cluster termination
26/05/28 14:32:56 INFO DAGScheduler: Executor lost: 24 (epoch 29)
26/05/28 14:32:56 INFO BlockManagerMasterEndpoint: Trying to remove executor 24 from BlockManagerMaster.
26/05/28 14:32:56 INFO TaskSchedulerImpl: Handle removed worker worker-20260528090720-10.255.85.108-33223: 10.255.85.108:33223 got disassociated
26/05/28 14:32:56 INFO BlockManagerMasterEndpoint: Removing block manager BlockManagerId(24, 10.255.85.108, 39195, None)
26/05/28 14:32:56 INFO BlockManagerMaster: Removed 24 successfully in removeExecutor
26/05/28 14:32:56 INFO DAGScheduler: Shuffle files lost for worker worker-20260528090720-10.255.85.108-33223 on host 10.255.85.108
26/05/28 14:32:56 ERROR TaskSchedulerImpl: Lost executor 29 on 10.255.94.66: cluster termination
26/05/28 14:32:56 INFO DAGScheduler: Executor lost: 29 (epoch 30)
26/05/28 14:32:56 INFO BlockManagerMasterEndpoint: Trying to remove executor 29 from BlockManagerMaster.
26/05/28 14:32:56 INFO TaskSchedulerImpl: Handle removed worker worker-20260528090720-10.255.94.66-39467: 10.255.94.66:39467 got disassociated
26/05/28 14:32:56 INFO BlockManagerMasterEndpoint: Removing block manager BlockManagerId(29, 10.255.94.66, 34667, None)
26/05/28 14:32:56 INFO BlockManagerMaster: Removed 29 successfully in removeExecutor
26/05/28 14:32:56 INFO DAGScheduler: Shuffle files lost for worker worker-20260528090720-10.255.94.66-39467 on host 10.255.94.66
26/05/28 14:32:56 ERROR TaskSchedulerImpl: Lost executor 4 on 10.255.74.59: cluster termination
26/05/28 14:32:56 INFO DAGScheduler: Executor lost: 4 (epoch 31)
26/05/28 14:32:56 INFO BlockManagerMasterEndpoint: Trying to remove executor 4 from BlockManagerMaster.
26/05/28 14:32:56 INFO TaskSchedulerImpl: Handle removed worker worker-20260528090720-10.255.74.59-45393: 10.255.74.59:45393 got disassociated
26/05/28 14:32:56 INFO BlockManagerMasterEndpoint: Removing block manager BlockManagerId(4, 10.255.74.59, 35015, None)
26/05/28 14:32:56 INFO BlockManagerMaster: Removed 4 successfully in removeExecutor
26/05/28 14:32:56 INFO DAGScheduler: Shuffle files lost for worker worker-20260528090720-10.255.74.59-45393 on host 10.255.74.59
26/05/28 14:32:56 ERROR TaskSchedulerImpl: Lost executor 8 on 10.255.89.57: cluster termination
26/05/28 14:32:56 INFO DAGScheduler: Executor lost: 8 (epoch 32)
26/05/28 14:32:56 INFO BlockManagerMasterEndpoint: Trying to remove executor 8 from BlockManagerMaster.
26/05/28 14:32:56 INFO TaskSchedulerImpl: Handle removed worker worker-20260528090719-10.255.89.57-35197: 10.255.89.57:35197 got disassociated
26/05/28 14:32:56 INFO BlockManagerMasterEndpoint: Removing block manager BlockManagerId(8, 10.255.89.57, 34301, None)
26/05/28 14:32:56 INFO BlockManagerMaster: Removed 8 successfully in removeExecutor
26/05/28 14:32:56 INFO DAGScheduler: Shuffle files lost for worker worker-20260528090719-10.255.89.57-35197 on host 10.255.89.57
26/05/28 14:32:56 ERROR TaskSchedulerImpl: Lost executor 2 on 10.255.90.96: cluster termination
26/05/28 14:32:56 INFO DAGScheduler: Executor lost: 2 (epoch 33)
26/05/28 14:32:56 INFO BlockManagerMasterEndpoint: Trying to remove executor 2 from BlockManagerMaster.
26/05/28 14:32:56 INFO TaskSchedulerImpl: Handle removed worker worker-20260528090720-10.255.90.96-42133: 10.255.90.96:42133 got disassociated
26/05/28 14:32:56 INFO BlockManagerMasterEndpoint: Removing block manager BlockManagerId(2, 10.255.90.96, 43259, None)
26/05/28 14:32:56 INFO BlockManagerMaster: Removed 2 successfully in removeExecutor
26/05/28 14:32:56 INFO DAGScheduler: Shuffle files lost for worker worker-20260528090720-10.255.90.96-42133 on host 10.255.90.96
26/05/28 14:32:56 ERROR TaskSchedulerImpl: Lost executor 9 on 10.255.88.48: cluster termination
26/05/28 14:32:56 INFO DAGScheduler: Executor lost: 9 (epoch 34)
26/05/28 14:32:56 INFO BlockManagerMasterEndpoint: Trying to remove executor 9 from BlockManagerMaster.
26/05/28 14:32:56 INFO TaskSchedulerImpl: Handle removed worker worker-20260528090719-10.255.88.48-34973: 10.255.88.48:34973 got disassociated
26/05/28 14:32:56 INFO BlockManagerMasterEndpoint: Removing block manager BlockManagerId(9, 10.255.88.48, 45547, None)
26/05/28 14:32:56 INFO BlockManagerMaster: Removed 9 successfully in removeExecutor
26/05/28 14:32:56 INFO DAGScheduler: Shuffle files lost for worker worker-20260528090719-10.255.88.48-34973 on host 10.255.88.48
